version 2
JvmtiExport can_access_local_variables 0
JvmtiExport can_hotswap_or_post_breakpoint 1
JvmtiExport can_post_on_exceptions 0
# 246 ciObject found
instanceKlass java/net/URL
ciInstanceKlass java/lang/Cloneable 1 0 7 100 1 100 1 1 1
instanceKlass org/openqa/selenium/support/ui/ExpectedConditions$22
instanceKlass org/testng/Assert
instanceKlass org/openqa/selenium/WrapsElement
instanceKlass org/openqa/selenium/remote/internal/WebElementToJsonConverter
instanceKlass  @bci org/openqa/selenium/remote/codec/w3c/W3CHttpCommandCodec executeAtom (Ljava/lang/String;[Ljava/lang/Object;)Ljava/util/Map; 6 <appendix> member <vmtarget> ; # org/openqa/selenium/remote/codec/w3c/W3CHttpCommandCodec$$Lambda+0x0000000023249f58
instanceKlass org/openqa/selenium/support/ui/ExpectedConditions$7
instanceKlass org/openqa/selenium/support/ui/ExpectedCondition
instanceKlass com/google/common/base/Function
instanceKlass org/openqa/selenium/support/ui/ExpectedConditions
instanceKlass  @bci org/openqa/selenium/support/ui/FluentWait <init> (Ljava/lang/Object;Ljava/time/Clock;Lorg/openqa/selenium/support/ui/Sleeper;)V 19 <appendix> argL0 ; # org/openqa/selenium/support/ui/FluentWait$$Lambda+0x0000000023249478
instanceKlass  @bci org/openqa/selenium/support/ui/Sleeper <clinit> ()V 0 <appendix> argL0 ; # org/openqa/selenium/support/ui/Sleeper$$Lambda+0x0000000023249250
instanceKlass org/openqa/selenium/support/ui/Sleeper
instanceKlass org/openqa/selenium/support/ui/FluentWait
instanceKlass org/openqa/selenium/support/ui/Wait
instanceKlass jdk/internal/util/ImmutableBitSetPredicate
instanceKlass java/util/function/IntPredicate
instanceKlass java/net/URLEncoder
instanceKlass org/openqa/selenium/net/Urls
instanceKlass org/openqa/selenium/interactions/Coordinates
instanceKlass  @bci org/openqa/selenium/remote/RemoteWebDriver findElement (Lorg/openqa/selenium/By;)Lorg/openqa/selenium/WebElement; 10 <appendix> argL0 ; # org/openqa/selenium/remote/RemoteWebDriver$$Lambda+0x0000000023248300
instanceKlass pageEvents/ProductsPageEvents
instanceKlass pageObjects/ProductsPageObjects
instanceKlass  @bci org/testng/internal/TestResult copyAttributes (Lorg/testng/ITestResult;Lorg/testng/ITestResult;)V 8 <appendix> member <vmtarget> ; # org/testng/internal/TestResult$$Lambda+0x0000000023247778
instanceKlass  @bci org/testng/TestRunner$ConfigurationListener removeConfigurationResultAfterExecution (Lorg/testng/ITestResult;)V 13 <appendix> member <vmtarget> ; # org/testng/TestRunner$ConfigurationListener$$Lambda+0x0000000023247518
instanceKlass  @bci org/testng/internal/invokers/ConfigInvoker copyAttributesFromNativelyInjectedTestResult ([Ljava/lang/Object;Lorg/testng/ITestResult;)V 29 <appendix> member <vmtarget> ; # org/testng/internal/invokers/ConfigInvoker$$Lambda+0x00000000232472d8
instanceKlass  @bci org/testng/internal/invokers/ConfigInvoker copyAttributesFromNativelyInjectedTestResult ([Ljava/lang/Object;Lorg/testng/ITestResult;)V 13 <appendix> argL0 ; # org/testng/internal/invokers/ConfigInvoker$$Lambda+0x0000000023247080
instanceKlass  @bci org/openqa/selenium/json/JsonInput nextNull ()Ljava/lang/Object; 10 <appendix> argL0 ; # org/openqa/selenium/json/JsonInput$$Lambda+0x0000000023246e38
instanceKlass org/openqa/selenium/remote/RemoteWebDriver$RemoteWebDriverOptions$RemoteTimeouts
instanceKlass org/openqa/selenium/remote/RemoteWebDriver$RemoteWebDriverOptions$RemoteWindow
instanceKlass org/openqa/selenium/WebDriver$Window
instanceKlass org/openqa/selenium/WebDriver$Timeouts
instanceKlass org/openqa/selenium/remote/RemoteWebDriver$RemoteWebDriverOptions
instanceKlass org/openqa/selenium/chromium/AddHasCdp$1
instanceKlass org/openqa/selenium/chromium/AddHasCasting$1
instanceKlass  @bci org/openqa/selenium/PersistentCapabilities toUnmodifiableMap (Ljava/util/function/Function;Ljava/util/function/Function;)Ljava/util/stream/Collector; 5 <appendix> argL0 ; # org/openqa/selenium/PersistentCapabilities$$Lambda+0x0000000023245b08
instanceKlass  @bci org/openqa/selenium/PersistentCapabilities asMap ()Ljava/util/Map; 14 <appendix> member <vmtarget> ; # org/openqa/selenium/PersistentCapabilities$$Lambda+0x00000000232458b8
instanceKlass  @bci org/openqa/selenium/PersistentCapabilities toUnmodifiableSet ()Ljava/util/stream/Collector; 3 <appendix> argL0 ; # org/openqa/selenium/PersistentCapabilities$$Lambda+0x0000000023245670
instanceKlass java/util/Spliterators$EmptySpliterator
instanceKlass  @bci org/openqa/selenium/ImmutableCapabilities <init> (Ljava/util/Map;)V 22 <appendix> member <vmtarget> ; # org/openqa/selenium/ImmutableCapabilities$$Lambda+0x0000000023245430
instanceKlass  @bci org/openqa/selenium/SharedCapabilitiesMethods hashCode (Lorg/openqa/selenium/Capabilities;)I 19 <appendix> argL0 ; # org/openqa/selenium/SharedCapabilitiesMethods$$Lambda+0x0000000023245170
instanceKlass org/openqa/selenium/PersistentCapabilities
instanceKlass  @bci org/openqa/selenium/chromium/ChromiumDriver <init> (Lorg/openqa/selenium/remote/CommandExecutor;Lorg/openqa/selenium/Capabilities;Ljava/lang/String;)V 355 <appendix> member <vmtarget> ; # org/openqa/selenium/chromium/ChromiumDriver$$Lambda+0x0000000023244c70
instanceKlass org/openqa/selenium/ImmutableCapabilities
instanceKlass org/openqa/selenium/devtools/noop/NoOpDomains
instanceKlass  @bci org/openqa/selenium/chromium/ChromiumDriver lambda$new$6 (Lorg/openqa/selenium/devtools/CdpInfo;Lorg/openqa/selenium/devtools/Connection;)Lorg/openqa/selenium/devtools/DevTools; 10 <appendix> member <vmtarget> ; # org/openqa/selenium/chromium/ChromiumDriver$$Lambda+0x00000000232444f8
instanceKlass  @bci org/openqa/selenium/chromium/ChromiumDriver <init> (Lorg/openqa/selenium/remote/CommandExecutor;Lorg/openqa/selenium/Capabilities;Ljava/lang/String;)V 339 <appendix> member <vmtarget> ; # org/openqa/selenium/chromium/ChromiumDriver$$Lambda+0x00000000232442a8
instanceKlass  @bci org/openqa/selenium/devtools/noop/NoOpCdpInfo <init> ()V 2 <appendix> argL0 ; # org/openqa/selenium/devtools/noop/NoOpCdpInfo$$Lambda+0x0000000023244060
instanceKlass  @bci org/openqa/selenium/chromium/ChromiumDriver <init> (Lorg/openqa/selenium/remote/CommandExecutor;Lorg/openqa/selenium/Capabilities;Ljava/lang/String;)V 319 <appendix> member <vmtarget> ; # org/openqa/selenium/chromium/ChromiumDriver$$Lambda+0x0000000023243e30
instanceKlass java/time/LocalTime$1
instanceKlass java/time/LocalDate$1
instanceKlass java/time/ZonedDateTime$1
instanceKlass java/util/Formatter$DateTime
instanceKlass java/util/ResourceBundle$CacheKeyReference
instanceKlass java/util/ResourceBundle$CacheKey
instanceKlass java/util/logging/Level$RbAccess
instanceKlass java/text/FieldPosition$Delegate
instanceKlass  @bci java/text/DecimalFormat format (Ljava/lang/Object;Ljava/text/Format$StringBuf;Ljava/text/FieldPosition;)Ljava/text/Format$StringBuf; 10 <appendix> member <vmtarget> ; # java/text/DecimalFormat$$TypeSwitch+0x00000000231e7d88
instanceKlass  @bci java/util/logging/LogRecord inferCaller ()V 18 <appendix> member <vmtarget> ; # java/util/logging/LogRecord$$Lambda+0x00000000231e7b48
instanceKlass java/lang/StackStreamFactory$FrameBuffer
instanceKlass java/lang/StackStreamFactory
instanceKlass  @bci java/util/logging/LogRecord$CallerFinder get ()Ljava/util/Optional; 4 <appendix> member <vmtarget> ; # java/util/logging/LogRecord$CallerFinder$$Lambda+0x00000000231e60c8
instanceKlass java/util/logging/LogRecord$CallerFinder
instanceKlass java/util/logging/LogManager$CloseOnReset
instanceKlass jdk/internal/logger/SimpleConsoleLogger$Formatting
instanceKlass  @bci java/util/logging/SimpleFormatter <init> ()V 5 <appendix> argL0 ; # java/util/logging/SimpleFormatter$$Lambda+0x00000000231e5800
instanceKlass java/util/logging/Formatter
instanceKlass java/util/logging/LogRecord
instanceKlass  @bci org/openqa/selenium/devtools/v85/V85CdpInfo <init> ()V 3 <appendix> argL0 ; # org/openqa/selenium/devtools/v85/V85CdpInfo$$Lambda+0x0000000023243be8
instanceKlass org/openqa/selenium/devtools/v85/V85Domains
instanceKlass  @bci org/openqa/selenium/devtools/v122/v122CdpInfo <init> ()V 3 <appendix> argL0 ; # org/openqa/selenium/devtools/v122/v122CdpInfo$$Lambda+0x0000000023242c90
instanceKlass org/openqa/selenium/devtools/v122/v122Domains
instanceKlass  @bci org/openqa/selenium/devtools/v121/v121CdpInfo <init> ()V 3 <appendix> argL0 ; # org/openqa/selenium/devtools/v121/v121CdpInfo$$Lambda+0x0000000023241d38
instanceKlass org/openqa/selenium/devtools/v121/v121Domains
instanceKlass  @bci org/openqa/selenium/devtools/v120/v120CdpInfo <init> ()V 3 <appendix> argL0 ; # org/openqa/selenium/devtools/v120/v120CdpInfo$$Lambda+0x0000000023240de0
instanceKlass org/openqa/selenium/devtools/DevTools
instanceKlass org/openqa/selenium/devtools/idealized/Network
instanceKlass org/openqa/selenium/devtools/idealized/Javascript
instanceKlass org/openqa/selenium/devtools/idealized/Events
instanceKlass org/openqa/selenium/devtools/idealized/log/Log
instanceKlass org/openqa/selenium/devtools/idealized/target/Target
instanceKlass org/openqa/selenium/devtools/v120/v120Domains
instanceKlass org/openqa/selenium/devtools/idealized/Domains
instanceKlass org/openqa/selenium/devtools/CdpVersionFinder
instanceKlass org/openqa/selenium/remote/http/Message
instanceKlass org/openqa/selenium/remote/http/jdk/JdkHttpClient$5
instanceKlass jdk/internal/net/http/websocket/UTF8AccumulatingDecoder
instanceKlass  @bci jdk/internal/net/http/websocket/MessageDecoder <clinit> ()V 19 <appendix> member <vmtarget> ; # jdk/internal/net/http/websocket/MessageDecoder$$Lambda+0x000000002323c620
instanceKlass jdk/internal/net/http/websocket/MessageDecoder
instanceKlass jdk/internal/net/http/websocket/Frame$Consumer
instanceKlass jdk/internal/net/http/websocket/TransportImpl$ReadEvent
instanceKlass jdk/internal/net/http/websocket/TransportImpl$WriteEvent
instanceKlass jdk/internal/net/http/websocket/Frame$Reader
instanceKlass jdk/internal/net/http/websocket/Frame
instanceKlass jdk/internal/net/http/websocket/Frame$Masker
instanceKlass jdk/internal/net/http/websocket/Frame$HeaderWriter
instanceKlass  @bci jdk/internal/net/http/websocket/MessageEncoder <clinit> ()V 3 <appendix> member <vmtarget> ; # jdk/internal/net/http/websocket/MessageEncoder$$Lambda+0x000000002323ab80
instanceKlass jdk/internal/net/http/websocket/MessageEncoder
instanceKlass jdk/internal/net/http/websocket/TransportImpl$SendTask$2
instanceKlass jdk/internal/net/http/websocket/TransportImpl$SendTask$1
instanceKlass jdk/internal/net/http/websocket/MessageQueue$QueueCallback
instanceKlass  @bci jdk/internal/net/http/websocket/TransportImpl <clinit> ()V 19 <appendix> member <vmtarget> ; # jdk/internal/net/http/websocket/TransportImpl$$Lambda+0x0000000023239d20
instanceKlass jdk/internal/net/http/websocket/RawChannel$RawEvent
instanceKlass jdk/internal/net/http/websocket/TransportImpl
instanceKlass jdk/internal/net/http/websocket/WebSocketImpl$SignallingMessageConsumer
instanceKlass jdk/internal/net/http/websocket/MessageQueue$Message
instanceKlass jdk/internal/net/http/websocket/MessageQueue
instanceKlass jdk/internal/net/http/websocket/Transport
instanceKlass jdk/internal/net/http/websocket/TransportFactoryImpl
instanceKlass jdk/internal/net/http/RawChannelTube$WriteSubscription
instanceKlass  @bci jdk/internal/net/http/RawChannelTube <init> (Ljdk/internal/net/http/HttpConnection;Ljava/util/function/Supplier;)V 116 <appendix> member <vmtarget> ; # jdk/internal/net/http/RawChannelTube$$Lambda+0x0000000023238000
instanceKlass jdk/internal/net/http/RawChannelTube$ReadSubscriber
instanceKlass jdk/internal/net/http/RawChannelTube$WritePublisher
instanceKlass jdk/internal/net/http/RawChannelTube
instanceKlass  @bci jdk/internal/net/http/HttpResponseImpl$RawChannelProvider rawChannel0 ()Ljdk/internal/net/http/websocket/RawChannel; 38 <appendix> member <vmtarget> ; # jdk/internal/net/http/HttpResponseImpl$RawChannelProvider$$Lambda+0x000000002322b530
instanceKlass  @bci java/net/http/HttpResponse$BodySubscribers ofString (Ljava/nio/charset/Charset;)Ljava/net/http/HttpResponse$BodySubscriber; 10 <appendix> member <vmtarget> ; # java/net/http/HttpResponse$BodySubscribers$$Lambda+0x000000002322b2e0
instanceKlass sun/net/www/HeaderParser
instanceKlass  @bci jdk/internal/net/http/websocket/OpeningHandshake send ()Ljava/util/concurrent/CompletableFuture; 15 <appendix> member <vmtarget> ; # jdk/internal/net/http/websocket/OpeningHandshake$$Lambda+0x000000002322b090
instanceKlass  @bci java/net/http/HttpResponse$BodyHandlers ofString ()Ljava/net/http/HttpResponse$BodyHandler; 0 <appendix> argL0 ; # java/net/http/HttpResponse$BodyHandlers$$Lambda+0x000000002322ae68
instanceKlass jdk/internal/net/http/websocket/TransportFactory
instanceKlass jdk/internal/net/http/websocket/OpeningHandshake
instanceKlass  @bci jdk/internal/net/http/websocket/WebSocketImpl newInstanceAsync (Ljdk/internal/net/http/websocket/BuilderImpl;)Ljava/util/concurrent/CompletableFuture; 1 <appendix> member <vmtarget> ; # jdk/internal/net/http/websocket/WebSocketImpl$$Lambda+0x000000002322a320
instanceKlass jdk/internal/net/http/websocket/OpeningHandshake$Result
instanceKlass  @bci jdk/internal/net/http/websocket/WebSocketImpl <clinit> ()V 3 <appendix> member <vmtarget> ; # jdk/internal/net/http/websocket/WebSocketImpl$$Lambda+0x0000000023229ed8
instanceKlass jdk/internal/net/http/websocket/MessageStreamConsumer
instanceKlass jdk/internal/net/http/websocket/WebSocketImpl
instanceKlass java/net/http/WebSocket
instanceKlass org/openqa/selenium/remote/http/jdk/JdkHttpClient$4
instanceKlass jdk/internal/net/http/websocket/BuilderImpl
instanceKlass org/openqa/selenium/devtools/Connection$Listener
instanceKlass  @bci org/openqa/selenium/devtools/Connection <clinit> ()V 21 <appendix> argL0 ; # org/openqa/selenium/devtools/Connection$$Lambda+0x0000000023236128
instanceKlass org/openqa/selenium/remote/http/WebSocket$Listener
instanceKlass  @bci org/openqa/selenium/chromium/ChromiumDriver <init> (Lorg/openqa/selenium/remote/CommandExecutor;Lorg/openqa/selenium/Capabilities;Ljava/lang/String;)V 251 <appendix> member <vmtarget> ; # org/openqa/selenium/chromium/ChromiumDriver$$Lambda+0x0000000023235a38
instanceKlass org/openqa/selenium/devtools/Connection
instanceKlass  @bci jdk/internal/net/http/ConnectionPool purgeExpiredConnectionsAndReturnNextDeadline (Ljdk/internal/net/http/common/Deadline;)J 185 <appendix> member <vmtarget> ; # jdk/internal/net/http/ConnectionPool$$Lambda+0x00000000232291c8
instanceKlass java/util/LinkedList$DescendingIterator
instanceKlass  @bci org/openqa/selenium/chromium/ChromiumDriver <init> (Lorg/openqa/selenium/remote/CommandExecutor;Lorg/openqa/selenium/Capabilities;Ljava/lang/String;)V 206 <appendix> argL0 ; # org/openqa/selenium/chromium/ChromiumDriver$$Lambda+0x0000000023235570
instanceKlass  @bci org/openqa/selenium/chromium/ChromiumDriver <init> (Lorg/openqa/selenium/remote/CommandExecutor;Lorg/openqa/selenium/Capabilities;Ljava/lang/String;)V 194 <appendix> member <vmtarget> ; # org/openqa/selenium/chromium/ChromiumDriver$$Lambda+0x0000000023235320
instanceKlass org/openqa/selenium/devtools/CdpEndpointFinder
instanceKlass  @bci org/openqa/selenium/chromium/ChromiumDriver <init> (Lorg/openqa/selenium/remote/CommandExecutor;Lorg/openqa/selenium/Capabilities;Ljava/lang/String;)V 159 <appendix> argL0 ; # org/openqa/selenium/chromium/ChromiumDriver$$Lambda+0x0000000023234ec8
instanceKlass org/openqa/selenium/chromium/AddHasLaunchApp$1
instanceKlass org/openqa/selenium/chromium/AddHasNetworkConditions$1
instanceKlass org/openqa/selenium/remote/mobile/RemoteNetworkConnection
instanceKlass org/openqa/selenium/chromium/AddHasPermissions$1
instanceKlass org/openqa/selenium/html5/SessionStorage
instanceKlass org/openqa/selenium/html5/LocalStorage
instanceKlass org/openqa/selenium/html5/Storage
instanceKlass org/openqa/selenium/remote/html5/RemoteWebStorage
instanceKlass org/openqa/selenium/remote/html5/RemoteLocationContext
instanceKlass  @bci org/openqa/selenium/MutableCapabilities <init> (Ljava/util/Map;)V 17 <appendix> member <vmtarget> ; # org/openqa/selenium/MutableCapabilities$$Lambda+0x00000000232338d0
instanceKlass org/openqa/selenium/remote/RemoteWebElement
instanceKlass org/openqa/selenium/interactions/Locatable
instanceKlass  @bci org/openqa/selenium/remote/JsonToWebElementConverter apply (Ljava/lang/Object;)Ljava/lang/Object; 129 <appendix> member <vmtarget> ; # org/openqa/selenium/remote/JsonToWebElementConverter$$Lambda+0x0000000023233048
instanceKlass org/openqa/selenium/remote/Response
instanceKlass org/openqa/selenium/remote/ErrorCodec$W3CError
instanceKlass org/openqa/selenium/remote/ErrorCodec
instanceKlass org/openqa/selenium/remote/codec/AbstractHttpResponseCodec
instanceKlass org/openqa/selenium/safari/HasPermissions
instanceKlass org/openqa/selenium/safari/AddHasPermissions
instanceKlass org/openqa/selenium/safari/HasDebugger
instanceKlass org/openqa/selenium/safari/AddHasDebugger
instanceKlass org/openqa/selenium/firefox/HasFullPageScreenshot
instanceKlass org/openqa/selenium/firefox/AddHasFullPageScreenshot
instanceKlass org/openqa/selenium/firefox/HasExtensions
instanceKlass org/openqa/selenium/firefox/AddHasExtensions
instanceKlass org/openqa/selenium/firefox/HasContext
instanceKlass org/openqa/selenium/firefox/AddHasContext
instanceKlass  @bci org/openqa/selenium/remote/Dialect lambda$bindAdditionalCommands$1 (Lorg/openqa/selenium/remote/CommandCodec;Lorg/openqa/selenium/remote/AdditionalHttpCommands;)V 7 <appendix> member <vmtarget> ; # org/openqa/selenium/remote/Dialect$$Lambda+0x0000000023230000
instanceKlass  @bci org/openqa/selenium/remote/Dialect bindAdditionalCommands (Lorg/openqa/selenium/remote/CommandCodec;)Lorg/openqa/selenium/remote/CommandCodec; 6 <appendix> member <vmtarget> ; # org/openqa/selenium/remote/Dialect$$Lambda+0x000000002322c400
instanceKlass  @bci org/openqa/selenium/remote/codec/AbstractHttpCommandCodec$CommandSpec <init> (Lorg/openqa/selenium/remote/http/HttpMethod;Ljava/lang/String;)V 32 <appendix> argL0 ; # org/openqa/selenium/remote/codec/AbstractHttpCommandCodec$CommandSpec$$Lambda+0x000000002322ccc0
instanceKlass org/openqa/selenium/remote/codec/AbstractHttpCommandCodec$CommandSpec
instanceKlass org/openqa/selenium/remote/codec/AbstractHttpCommandCodec
instanceKlass  @bci org/openqa/selenium/remote/ProtocolHandshake createSession (Lorg/openqa/selenium/remote/http/HttpHandler;Ljava/util/function/Supplier;J)Lorg/openqa/selenium/internal/Either; 294 <appendix> member <vmtarget> ; # org/openqa/selenium/remote/ProtocolHandshake$$Lambda+0x000000002322d958
instanceKlass  @bci org/openqa/selenium/remote/ProtocolHandshake createSession (Lorg/openqa/selenium/remote/http/HttpHandler;Ljava/util/function/Supplier;J)Lorg/openqa/selenium/internal/Either; 284 <appendix> argL0 ; # org/openqa/selenium/remote/ProtocolHandshake$$Lambda+0x000000002322d710
instanceKlass org/openqa/selenium/internal/Either
instanceKlass  @bci org/openqa/selenium/Proxy <init> (Ljava/util/Map;)V 191 <appendix> member <vmtarget> ; # org/openqa/selenium/Proxy$$Lambda+0x000000002322d240
instanceKlass  @bci org/openqa/selenium/Proxy <init> (Ljava/util/Map;)V 178 <appendix> member <vmtarget> ; # org/openqa/selenium/Proxy$$Lambda+0x000000002322d000
instanceKlass  @bci org/openqa/selenium/Proxy <init> (Ljava/util/Map;)V 163 <appendix> member <vmtarget> ; # org/openqa/selenium/Proxy$$Lambda+0x000000002322fcf0
instanceKlass  @bci org/openqa/selenium/Proxy <init> (Ljava/util/Map;)V 148 <appendix> member <vmtarget> ; # org/openqa/selenium/Proxy$$Lambda+0x000000002322fab0
instanceKlass  @bci org/openqa/selenium/Proxy <init> (Ljava/util/Map;)V 133 <appendix> member <vmtarget> ; # org/openqa/selenium/Proxy$$Lambda+0x000000002322f870
instanceKlass  @bci org/openqa/selenium/Proxy <init> (Ljava/util/Map;)V 118 <appendix> member <vmtarget> ; # org/openqa/selenium/Proxy$$Lambda+0x000000002322f630
instanceKlass  @bci org/openqa/selenium/Proxy <init> (Ljava/util/Map;)V 103 <appendix> member <vmtarget> ; # org/openqa/selenium/Proxy$$Lambda+0x000000002322f3f0
instanceKlass  @bci org/openqa/selenium/Proxy <init> (Ljava/util/Map;)V 88 <appendix> member <vmtarget> ; # org/openqa/selenium/Proxy$$Lambda+0x000000002322f1b0
instanceKlass  @bci org/openqa/selenium/Proxy <init> (Ljava/util/Map;)V 73 <appendix> member <vmtarget> ; # org/openqa/selenium/Proxy$$Lambda+0x000000002322ef70
instanceKlass  @bci org/openqa/selenium/Proxy <init> (Ljava/util/Map;)V 58 <appendix> member <vmtarget> ; # org/openqa/selenium/Proxy$$Lambda+0x000000002322ed30
instanceKlass  @bci org/openqa/selenium/Proxy <init> (Ljava/util/Map;)V 43 <appendix> member <vmtarget> ; # org/openqa/selenium/Proxy$$Lambda+0x000000002322eaf0
instanceKlass  @bci org/openqa/selenium/Proxy <init> (Ljava/util/Map;)V 28 <appendix> member <vmtarget> ; # org/openqa/selenium/Proxy$$Lambda+0x000000002322e8b0
instanceKlass org/openqa/selenium/remote/SessionId
instanceKlass  @bci org/openqa/selenium/remote/ProtocolHandshake$Result <clinit> ()V 0 <appendix> argL0 ; # org/openqa/selenium/remote/ProtocolHandshake$Result$$Lambda+0x000000002322e000
instanceKlass org/openqa/selenium/Proxy
instanceKlass  @bci org/openqa/selenium/remote/W3CHandshakeResponse successHandler ()Ljava/util/function/Function; 0 <appendix> argL0 ; # org/openqa/selenium/remote/W3CHandshakeResponse$$Lambda+0x0000000023207960
instanceKlass  @bci org/openqa/selenium/remote/W3CHandshakeResponse errorHandler ()Ljava/util/function/Function; 0 <appendix> argL0 ; # org/openqa/selenium/remote/W3CHandshakeResponse$$Lambda+0x0000000023207718
instanceKlass  @bci org/openqa/selenium/remote/ProtocolHandshake createSession (Lorg/openqa/selenium/remote/http/HttpHandler;Ljava/util/function/Supplier;J)Lorg/openqa/selenium/internal/Either; 269 <appendix> argL0 ; # org/openqa/selenium/remote/ProtocolHandshake$$Lambda+0x00000000232074c0
instanceKlass  @bci org/openqa/selenium/remote/ProtocolHandshake createSession (Lorg/openqa/selenium/remote/http/HttpHandler;Ljava/util/function/Supplier;J)Lorg/openqa/selenium/internal/Either; 259 <appendix> member <vmtarget> ; # org/openqa/selenium/remote/ProtocolHandshake$$Lambda+0x0000000023207270
instanceKlass  @bci org/openqa/selenium/remote/HandshakeResponse getResponseFunction ()Ljava/util/function/Function; 1 <appendix> member <vmtarget> ; # org/openqa/selenium/remote/HandshakeResponse$$Lambda+0x0000000023207020
instanceKlass  @cpi org/openqa/selenium/remote/HandshakeResponse 55 form vmentry <vmtarget> ; # java/lang/invoke/LambdaForm$DMH+0x000000002322c000
instanceKlass org/openqa/selenium/remote/ProtocolHandshake$Result
instanceKlass org/openqa/selenium/remote/W3CHandshakeResponse
instanceKlass org/openqa/selenium/remote/HandshakeResponse
instanceKlass org/openqa/selenium/remote/InitialHandshakeResponse
instanceKlass java/math/MathContext
instanceKlass org/openqa/selenium/json/NumberCoercer$1
instanceKlass  @bci org/openqa/selenium/json/NumberCoercer apply (Ljava/lang/reflect/Type;)Ljava/util/function/BiFunction; 1 <appendix> member <vmtarget> ; # org/openqa/selenium/json/NumberCoercer$$Lambda+0x0000000023206320
instanceKlass  @bci org/openqa/selenium/json/JsonInput nextBoolean ()Z 27 <appendix> argL0 ; # org/openqa/selenium/json/JsonInput$$Lambda+0x00000000232060d8
instanceKlass  @bci org/openqa/selenium/json/BooleanCoercer apply (Ljava/lang/reflect/Type;)Ljava/util/function/BiFunction; 0 <appendix> argL0 ; # org/openqa/selenium/json/BooleanCoercer$$Lambda+0x0000000023205ea0
instanceKlass  @bci org/openqa/selenium/remote/http/HttpMessage getContentEncoding ()Ljava/nio/charset/Charset; 58 <appendix> argL0 ; # org/openqa/selenium/remote/http/HttpMessage$$Lambda+0x0000000023205c58
instanceKlass  @bci org/openqa/selenium/remote/http/HttpMessage getContentEncoding ()Ljava/nio/charset/Charset; 48 <appendix> argL0 ; # org/openqa/selenium/remote/http/HttpMessage$$Lambda+0x0000000023205a10
instanceKlass  @bci org/openqa/selenium/remote/http/HttpMessage getContentEncoding ()Ljava/nio/charset/Charset; 38 <appendix> argL0 ; # org/openqa/selenium/remote/http/HttpMessage$$Lambda+0x00000000232057b8
instanceKlass  @bci org/openqa/selenium/remote/http/HttpMessage getContentEncoding ()Ljava/nio/charset/Charset; 28 <appendix> argL0 ; # org/openqa/selenium/remote/http/HttpMessage$$Lambda+0x0000000023205570
instanceKlass  @bci org/openqa/selenium/remote/http/jdk/JdkHttpMessages createResponse (Ljava/net/http/HttpResponse;)Lorg/openqa/selenium/remote/http/HttpResponse; 55 <appendix> member <vmtarget> ; # org/openqa/selenium/remote/http/jdk/JdkHttpMessages$$Lambda+0x0000000023205340
instanceKlass  @bci org/openqa/selenium/remote/http/jdk/JdkHttpMessages lambda$createResponse$4 (Lorg/openqa/selenium/remote/http/HttpResponse;Ljava/lang/String;Ljava/util/List;)V 18 <appendix> member <vmtarget> ; # org/openqa/selenium/remote/http/jdk/JdkHttpMessages$$Lambda+0x0000000023205100
instanceKlass  @bci org/openqa/selenium/remote/http/jdk/JdkHttpMessages lambda$createResponse$4 (Lorg/openqa/selenium/remote/http/HttpResponse;Ljava/lang/String;Ljava/util/List;)V 6 <appendix> argL0 ; # org/openqa/selenium/remote/http/jdk/JdkHttpMessages$$Lambda+0x0000000023204ea8
instanceKlass  @bci org/openqa/selenium/remote/http/jdk/JdkHttpMessages createResponse (Ljava/net/http/HttpResponse;)Lorg/openqa/selenium/remote/http/HttpResponse; 29 <appendix> member <vmtarget> ; # org/openqa/selenium/remote/http/jdk/JdkHttpMessages$$Lambda+0x0000000023204c68
instanceKlass jdk/internal/net/http/websocket/RawChannel
instanceKlass jdk/internal/net/http/HttpResponseImpl$RawChannelProvider
instanceKlass  @bci jdk/internal/net/http/HttpResponseImpl connectionLabel (Ljdk/internal/net/http/Exchange;)Ljava/util/Optional; 20 <appendix> argL0 ; # jdk/internal/net/http/HttpResponseImpl$$Lambda+0x0000000023228b40
instanceKlass  @bci jdk/internal/net/http/HttpResponseImpl connectionLabel (Ljdk/internal/net/http/Exchange;)Ljava/util/Optional; 12 <appendix> argL0 ; # jdk/internal/net/http/HttpResponseImpl$$Lambda+0x00000000232288f8
instanceKlass  @bci jdk/internal/net/http/HttpResponseImpl connectionLabel (Ljdk/internal/net/http/Exchange;)Ljava/util/Optional; 4 <appendix> argL0 ; # jdk/internal/net/http/HttpResponseImpl$$Lambda+0x00000000232286b0
instanceKlass jdk/internal/net/http/HttpResponseImpl
instanceKlass jdk/internal/net/http/websocket/RawChannel$Provider
instanceKlass jdk/internal/net/http/ConnectionPool$ExpiryEntry
instanceKlass jdk/internal/net/http/ConnectionPool$CleanupTrigger
instanceKlass  @bci jdk/internal/net/http/HttpConnection closeOrReturnToCache (Ljava/net/http/HttpHeaders;)V 63 <appendix> argL0 ; # jdk/internal/net/http/HttpConnection$$Lambda+0x0000000023225a38
instanceKlass jdk/internal/net/http/common/HttpBodySubscriberWrapper$SubscriptionWrapper
instanceKlass  @bci jdk/internal/net/http/MultiExchange lambda$responseAsync0$1 (Ljdk/internal/net/http/Response;)Ljava/util/concurrent/CompletionStage; 75 <appendix> member <vmtarget> ; # jdk/internal/net/http/MultiExchange$$Lambda+0x0000000023227d28
instanceKlass  @bci jdk/internal/net/http/Exchange readBodyAsync (Ljava/net/http/HttpResponse$BodyHandler;)Ljava/util/concurrent/CompletableFuture; 40 <appendix> member <vmtarget> ; # jdk/internal/net/http/Exchange$$Lambda+0x0000000023227ae8
instanceKlass  @bci jdk/internal/net/http/Http1Response readBody (Ljava/net/http/HttpResponse$BodySubscriber;ZLjava/util/concurrent/Executor;)Ljava/util/concurrent/CompletableFuture; 240 <appendix> member <vmtarget> ; # jdk/internal/net/http/Http1Response$$Lambda+0x00000000232278a8
instanceKlass  @bci jdk/internal/net/http/ResponseSubscribers lambda$getBodyAsync$0 (Ljava/net/http/HttpResponse$BodySubscriber;Ljava/util/concurrent/CompletableFuture;Ljava/util/function/Consumer;)V 7 <appendix> member <vmtarget> ; # jdk/internal/net/http/ResponseSubscribers$$Lambda+0x0000000023227668
instanceKlass  @bci jdk/internal/net/http/ResponseSubscribers getBodyAsync (Ljava/util/concurrent/Executor;Ljava/net/http/HttpResponse$BodySubscriber;Ljava/util/concurrent/CompletableFuture;Ljava/util/function/Consumer;)Ljava/util/concurrent/CompletableFuture; 95 <appendix> member <vmtarget> ; # jdk/internal/net/http/ResponseSubscribers$$Lambda+0x0000000023227438
instanceKlass  @bci jdk/internal/net/http/Http1Response readBody (Ljava/net/http/HttpResponse$BodySubscriber;ZLjava/util/concurrent/Executor;)Ljava/util/concurrent/CompletableFuture; 227 <appendix> member <vmtarget> ; # jdk/internal/net/http/Http1Response$$Lambda+0x00000000232271f8
instanceKlass  @bci jdk/internal/net/http/HttpConnection$TrailingOperations add (Ljava/util/concurrent/CompletionStage;)V 24 <appendix> member <vmtarget> ; # jdk/internal/net/http/HttpConnection$TrailingOperations$$Lambda+0x0000000023226fb8
instanceKlass  @bci jdk/internal/net/http/Http1Response lambda$readBody$0 (JLjava/net/http/HttpResponse$BodySubscriber;Ljava/util/concurrent/CompletableFuture;Ljdk/internal/net/http/Http1Response$ClientRefCountTracker;)V 169 <appendix> member <vmtarget> ; # jdk/internal/net/http/Http1Response$$Lambda+0x0000000023226d78
instanceKlass  @cpi jdk/internal/net/http/Http1Response 728 form vmentry <vmtarget> ; # java/lang/invoke/LambdaForm$DMH+0x0000000023225400
instanceKlass  @bci jdk/internal/net/http/ResponseContent$FixedLengthBodyParser <init> (Ljdk/internal/net/http/ResponseContent;JLjava/util/function/Consumer;)V 16 <appendix> member <vmtarget> ; # jdk/internal/net/http/ResponseContent$FixedLengthBodyParser$$Lambda+0x0000000023226b48
instanceKlass jdk/internal/net/http/ResponseContent$FixedLengthBodyParser
instanceKlass  @bci jdk/internal/net/http/Http1Response lambda$readBody$0 (JLjava/net/http/HttpResponse$BodySubscriber;Ljava/util/concurrent/CompletableFuture;Ljdk/internal/net/http/Http1Response$ClientRefCountTracker;)V 98 <appendix> member <vmtarget> ; # jdk/internal/net/http/Http1Response$$Lambda+0x0000000023226660
instanceKlass  @bci jdk/internal/net/http/Http1Response lambda$readBody$0 (JLjava/net/http/HttpResponse$BodySubscriber;Ljava/util/concurrent/CompletableFuture;Ljdk/internal/net/http/Http1Response$ClientRefCountTracker;)V 19 <appendix> member <vmtarget> ; # jdk/internal/net/http/Http1Response$$Lambda+0x0000000023226430
instanceKlass jdk/internal/net/http/ResponseContent$BodyParser
instanceKlass jdk/internal/net/http/ResponseContent
instanceKlass  @bci jdk/internal/net/http/Http1Response readBody (Ljava/net/http/HttpResponse$BodySubscriber;ZLjava/util/concurrent/Executor;)Ljava/util/concurrent/CompletableFuture; 208 <adapter> ; # java/lang/invoke/LambdaForm$MH+0x0000000023225000
# instanceKlass java/lang/invoke/LambdaForm$DMH+0x0000000023224c00
instanceKlass  @bci jdk/internal/net/http/Http1Response readBody (Ljava/net/http/HttpResponse$BodySubscriber;ZLjava/util/concurrent/Executor;)Ljava/util/concurrent/CompletableFuture; 208 <appendix> form vmentry <vmtarget> ; # java/lang/invoke/LambdaForm$DMH+0x0000000023224800
instanceKlass  @bci jdk/internal/net/http/Http1Response readBody (Ljava/net/http/HttpResponse$BodySubscriber;ZLjava/util/concurrent/Executor;)Ljava/util/concurrent/CompletableFuture; 208 <appendix> member <vmtarget> ; # jdk/internal/net/http/Http1Response$$Lambda+0x0000000023223be0
instanceKlass  @cpi jdk/internal/net/http/Http1Response 696 form vmentry <vmtarget> ; # java/lang/invoke/LambdaForm$DMH+0x0000000023224400
instanceKlass jdk/internal/net/http/Http1Response$ClientRefCountTracker
instanceKlass  @bci java/util/stream/FindOps$FindSink$OfLong <clinit> ()V 6 <appendix> argL0 ; # java/util/stream/FindOps$FindSink$OfLong$$Lambda+0x00000000231e2d68
instanceKlass  @bci java/util/stream/FindOps$FindSink$OfLong <clinit> ()V 0 <appendix> argL0 ; # java/util/stream/FindOps$FindSink$OfLong$$Lambda+0x00000000231e2b10
instanceKlass java/util/OptionalLong
instanceKlass java/util/stream/Sink$OfLong
instanceKlass java/util/function/LongConsumer
instanceKlass java/util/stream/LongStream
instanceKlass  @bci java/net/http/HttpHeaders firstValueAsLong (Ljava/lang/String;)Ljava/util/OptionalLong; 10 <appendix> argL0 ; # java/net/http/HttpHeaders$$Lambda+0x00000000232237a0
instanceKlass  @cpi java/net/http/HttpHeaders 290 form vmentry <vmtarget> ; # java/lang/invoke/LambdaForm$DMH+0x0000000023224000
instanceKlass java/util/function/ToLongFunction
instanceKlass jdk/internal/net/http/ResponseSubscribers
instanceKlass jdk/internal/net/http/ResponseSubscribers$ByteArraySubscriber
instanceKlass java/net/http/HttpResponse$BodySubscribers
instanceKlass jdk/internal/net/http/ResponseInfoImpl
instanceKlass jdk/internal/icu/util/CodePointTrie$Data
instanceKlass jdk/internal/icu/util/CodePointMap
instanceKlass jdk/internal/icu/impl/Trie2$UTrie2Header
instanceKlass jdk/internal/icu/impl/Trie2$1
instanceKlass jdk/internal/icu/impl/Trie2$ValueMapper
instanceKlass jdk/internal/icu/impl/Trie2
instanceKlass jdk/internal/icu/impl/UCharacterProperty$IsAcceptable
instanceKlass jdk/internal/icu/impl/UCharacterProperty$IntProperty
instanceKlass jdk/internal/icu/impl/UCharacterProperty
instanceKlass jdk/internal/icu/lang/UCharacter
instanceKlass jdk/internal/icu/util/VersionInfo
instanceKlass jdk/internal/icu/impl/Trie
instanceKlass jdk/internal/icu/text/StringPrep$StringPrepTrieImpl
instanceKlass jdk/internal/icu/impl/Trie$DataManipulate
instanceKlass jdk/internal/icu/impl/ICUBinary
instanceKlass jdk/internal/icu/impl/StringPrepDataReader
instanceKlass jdk/internal/icu/impl/ICUBinary$Authenticate
instanceKlass  @bci jdk/internal/module/SystemModuleFinders$SystemModuleReader open (Ljava/lang/String;)Ljava/util/Optional; 6 <appendix> member <vmtarget> ; # jdk/internal/module/SystemModuleFinders$SystemModuleReader$$Lambda+0x00000000231dcb50
instanceKlass jdk/internal/icu/text/StringPrep
instanceKlass java/net/IDN
instanceKlass javax/net/ssl/SNIServerName
instanceKlass jdk/internal/net/http/Http3ClientProperties
instanceKlass  @bci jdk/internal/net/http/AltSvcProcessor <clinit> ()V 16 <appendix> argL0 ; # jdk/internal/net/http/AltSvcProcessor$$Lambda+0x0000000023222a18
instanceKlass jdk/internal/net/http/AltSvcProcessor
instanceKlass  @bci jdk/internal/net/http/Http1HeaderParser addHeaderFromString (Ljava/lang/String;)V 147 <appendix> argL0 ; # jdk/internal/net/http/Http1HeaderParser$$Lambda+0x00000000232225c0
instanceKlass  @bci jdk/internal/net/http/Exchange sendRequestBody (Ljdk/internal/net/http/ExchangeImpl;)Ljava/util/concurrent/CompletableFuture; 65 <appendix> member <vmtarget> ; # jdk/internal/net/http/Exchange$$Lambda+0x0000000023222370
instanceKlass  @bci jdk/internal/net/http/Exchange wrapForUpgrade (Ljava/util/concurrent/CompletableFuture;)Ljava/util/concurrent/CompletableFuture; 9 <appendix> member <vmtarget> ; # jdk/internal/net/http/Exchange$$Lambda+0x0000000023222120
instanceKlass  @bci jdk/internal/net/http/Http1Response readHeadersAsync (Ljava/util/concurrent/Executor;)Ljava/util/concurrent/CompletableFuture; 225 <appendix> member <vmtarget> ; # jdk/internal/net/http/Http1Response$$Lambda+0x0000000023221ed0
instanceKlass  @bci jdk/internal/net/http/Exchange startSendingBody (Ljdk/internal/net/http/HttpClientImpl$DelegatingExecutor;)Ljava/util/concurrent/CompletableFuture; 8 <appendix> member <vmtarget> ; # jdk/internal/net/http/Exchange$$Lambda+0x0000000023221c80
instanceKlass  @bci jdk/internal/net/http/Http1Exchange getOutgoing ()Ljdk/internal/net/http/Http1Exchange$DataPair; 241 <appendix> member <vmtarget> ; # jdk/internal/net/http/Http1Exchange$$Lambda+0x0000000023221a50
instanceKlass  @bci jdk/internal/net/http/Http1Exchange getOutgoing ()Ljdk/internal/net/http/Http1Exchange$DataPair; 256 <appendix> member <vmtarget> ; # jdk/internal/net/http/Http1Exchange$$Lambda+0x0000000023221820
instanceKlass  @bci jdk/internal/net/http/Http1Exchange sendBodyAsync ()Ljava/util/concurrent/CompletableFuture; 153 <appendix> member <vmtarget> ; # jdk/internal/net/http/Http1Exchange$$Lambda+0x00000000232215e0
instanceKlass  @bci jdk/internal/net/http/Http1Exchange cancelIfFailed (Ljava/util/concurrent/Flow$Subscription;)V 9 <appendix> member <vmtarget> ; # jdk/internal/net/http/Http1Exchange$$Lambda+0x00000000232213a0
instanceKlass  @bci jdk/internal/net/http/Http1Exchange sendBodyAsync ()Ljava/util/concurrent/CompletableFuture; 144 <appendix> member <vmtarget> ; # jdk/internal/net/http/Http1Exchange$$Lambda+0x0000000023221160
instanceKlass jdk/internal/net/http/PullPublisher$Subscription
instanceKlass  @bci jdk/internal/net/http/RequestPublishers$StreamIterator <init> (Ljava/io/InputStream;)V 2 <appendix> argL0 ; # jdk/internal/net/http/RequestPublishers$StreamIterator$$Lambda+0x0000000023220ab8
instanceKlass jdk/internal/net/http/RequestPublishers$StreamIterator
instanceKlass  @bci jdk/internal/net/http/RequestPublishers$InputStreamPublisher iterableOf (Ljava/io/InputStream;)Ljdk/internal/net/http/CheckedIterable; 1 <appendix> member <vmtarget> ; # jdk/internal/net/http/RequestPublishers$InputStreamPublisher$$Lambda+0x0000000023220650
instanceKlass jdk/internal/net/http/RequestPublishers
instanceKlass jdk/internal/net/http/CheckedIterable
instanceKlass jdk/internal/net/http/PullPublisher
instanceKlass  @bci jdk/internal/net/http/SocketTube$InternalWriteSubscriber tryFlushCurrent (Z)V 280 <appendix> member <vmtarget> ; # jdk/internal/net/http/SocketTube$InternalWriteSubscriber$$Lambda+0x000000002321cc00
instanceKlass sun/nio/ch/NativeObject
instanceKlass sun/nio/ch/IOVecWrapper
instanceKlass  @bci jdk/internal/net/http/Http1Exchange getOutgoing ()Ljdk/internal/net/http/Http1Exchange$DataPair; 181 <appendix> member <vmtarget> ; # jdk/internal/net/http/Http1Exchange$$Lambda+0x000000002321db20
instanceKlass jdk/internal/net/http/Http1Exchange$DataPair
instanceKlass  @bci jdk/internal/net/http/Http1Request collectHeaders0 (Ljava/lang/StringBuilder;)V 89 <appendix> member <vmtarget> ; # jdk/internal/net/http/Http1Request$$Lambda+0x000000002321d6a8
instanceKlass java/util/AbstractList$RandomAccessSpliterator
instanceKlass  @bci java/util/function/BiPredicate and (Ljava/util/function/BiPredicate;)Ljava/util/function/BiPredicate; 7 <appendix> member <vmtarget> ; # java/util/function/BiPredicate$$Lambda+0x00000000231da928
instanceKlass  @bci jdk/internal/net/http/SocketTube$InternalReadPublisher$InternalReadSubscription resumeReadEvent ()V 47 <appendix> member <vmtarget> ; # jdk/internal/net/http/SocketTube$InternalReadPublisher$InternalReadSubscription$$Lambda+0x000000002321d468
instanceKlass  @bci jdk/internal/net/http/SocketTube$InternalWriteSubscriber startSubscription ()V 135 <appendix> member <vmtarget> ; # jdk/internal/net/http/SocketTube$InternalWriteSubscriber$$Lambda+0x000000002321d238
instanceKlass jdk/internal/net/http/SocketTube$InternalWriteSubscriber$WriteSubscription
instanceKlass jdk/internal/net/http/SocketTube$InternalReadPublisher$ReadSubscription
instanceKlass  @bci jdk/internal/net/http/HttpClientImpl$SelectorManager run ()V 1394 <appendix> argL0 ; # jdk/internal/net/http/HttpClientImpl$SelectorManager$$Lambda+0x000000002321fae8
instanceKlass  @bci jdk/internal/net/http/Http1Exchange lambda$sendHeadersAsync$2 (Ljava/lang/Void;)Ljava/util/concurrent/CompletionStage; 16 <appendix> member <vmtarget> ; # jdk/internal/net/http/Http1Exchange$$Lambda+0x000000002321f8a8
instanceKlass  @bci jdk/internal/net/http/HttpClientImpl$SelectorManager run ()V 1377 <appendix> member <vmtarget> ; # jdk/internal/net/http/HttpClientImpl$SelectorManager$$Lambda+0x000000002321f668
instanceKlass jdk/internal/net/http/common/Pair
instanceKlass  @bci jdk/internal/net/http/PlainHttpConnection$ConnectEvent handle ()V 254 <appendix> argL0 ; # jdk/internal/net/http/PlainHttpConnection$ConnectEvent$$Lambda+0x000000002321f228
instanceKlass  @bci jdk/internal/net/http/HttpClientImpl$SelectorManager run ()V 1359 <appendix> member <vmtarget> ; # jdk/internal/net/http/HttpClientImpl$SelectorManager$$Lambda+0x000000002321efe8
instanceKlass  @bci jdk/internal/net/http/HttpClientImpl$SelectorManager run ()V 1304 <appendix> member <vmtarget> ; # jdk/internal/net/http/HttpClientImpl$SelectorManager$$Lambda+0x000000002321edb8
instanceKlass  @bci jdk/internal/net/http/HttpClientImpl$SelectorManager run ()V 1289 <appendix> member <vmtarget> ; # jdk/internal/net/http/HttpClientImpl$SelectorManager$$Lambda+0x000000002321eb78
instanceKlass  @bci jdk/internal/net/http/HttpClientImpl$SelectorAttachment events (I)Ljava/util/stream/Stream; 10 <appendix> member <vmtarget> ; # jdk/internal/net/http/HttpClientImpl$SelectorAttachment$$Lambda+0x000000002321e920
instanceKlass  @cpi jdk/internal/net/http/HttpClientImpl$SelectorAttachment 241 form vmentry <vmtarget> ; # java/lang/invoke/LambdaForm$DMH+0x000000002321c800
instanceKlass  @bci jdk/internal/net/http/MultiExchange responseAsyncImpl (Z)Ljava/util/concurrent/CompletableFuture; 78 <appendix> member <vmtarget> ; # jdk/internal/net/http/MultiExchange$$Lambda+0x000000002321e6e0
instanceKlass  @bci jdk/internal/net/http/MultiExchange responseAsyncImpl (Z)Ljava/util/concurrent/CompletableFuture; 68 <appendix> member <vmtarget> ; # jdk/internal/net/http/MultiExchange$$Lambda+0x000000002321e490
instanceKlass java/lang/invoke/ConstantBootstraps
instanceKlass  @bci jdk/internal/net/http/Exchange lambda$responseAsyncImpl$0 (Ljava/util/function/Function;Ljdk/internal/net/http/ExchangeImpl;)Ljava/util/concurrent/CompletableFuture; 6 <appendix> member <vmtarget> ; # jdk/internal/net/http/Exchange$$Lambda+0x000000002321e250
instanceKlass java/nio/channels/SelectionKey
instanceKlass  @bci jdk/internal/net/http/Http1Exchange sendHeadersAsync ()Ljava/util/concurrent/CompletableFuture; 251 <appendix> member <vmtarget> ; # jdk/internal/net/http/Http1Exchange$$Lambda+0x000000002321e000
instanceKlass  @bci jdk/internal/net/http/Http1Exchange sendHeadersAsync ()Ljava/util/concurrent/CompletableFuture; 242 <appendix> member <vmtarget> ; # jdk/internal/net/http/Http1Exchange$$Lambda+0x000000002321bd68
instanceKlass  @bci jdk/internal/net/http/HttpClientImpl$SelectorAttachment <clinit> ()V 18 <appendix> member <vmtarget> ; # jdk/internal/net/http/HttpClientImpl$SelectorAttachment$$Lambda+0x000000002321bb38
instanceKlass  @bci jdk/internal/net/http/Http1Exchange sendHeadersAsync ()Ljava/util/concurrent/CompletableFuture; 126 <appendix> member <vmtarget> ; # jdk/internal/net/http/Http1Exchange$$Lambda+0x000000002321b8e8
instanceKlass jdk/internal/net/http/HttpClientImpl$SelectorAttachment
instanceKlass  @bci jdk/internal/net/http/Exchange checkCancelled (Ljava/util/concurrent/CompletableFuture;Ljdk/internal/net/http/HttpConnection;)Ljava/util/concurrent/CompletableFuture; 4 <appendix> member <vmtarget> ; # jdk/internal/net/http/Exchange$$Lambda+0x000000002321b470
instanceKlass  @bci jdk/internal/net/http/MultiExchange remainingConnectTimeout ()Ljava/util/Optional; 7 <appendix> argL0 ; # jdk/internal/net/http/MultiExchange$$Lambda+0x000000002321b228
instanceKlass  @bci jdk/internal/net/http/common/Demand increase (J)Z 25 <appendix> argL0 ; # jdk/internal/net/http/common/Demand$$Lambda+0x000000002321b000
instanceKlass  @cpi jdk/internal/net/http/common/Demand 92 form vmentry <vmtarget> ; # java/lang/invoke/LambdaForm$DMH+0x000000002321c400
instanceKlass java/util/function/LongBinaryOperator
instanceKlass  @bci jdk/internal/net/http/Http1AsyncReceiver handlePendingDelegate ()Z 50 <appendix> member <vmtarget> ; # jdk/internal/net/http/Http1AsyncReceiver$$Lambda+0x000000002321add0
instanceKlass  @bci jdk/internal/net/http/Http1AsyncReceiver handlePendingDelegate ()Z 42 <appendix> member <vmtarget> ; # jdk/internal/net/http/Http1AsyncReceiver$$Lambda+0x000000002321ab90
instanceKlass jdk/internal/net/http/Http1HeaderParser
instanceKlass  @bci jdk/internal/net/http/Http1Response <init> (Ljdk/internal/net/http/HttpConnection;Ljdk/internal/net/http/Http1Exchange;Ljdk/internal/net/http/Http1AsyncReceiver;)V 97 <appendix> member <vmtarget> ; # jdk/internal/net/http/Http1Response$$Lambda+0x000000002321a2c0
instanceKlass  @bci jdk/internal/net/http/Http1Response <init> (Ljdk/internal/net/http/HttpConnection;Ljdk/internal/net/http/Http1Exchange;Ljdk/internal/net/http/Http1AsyncReceiver;)V 79 <appendix> member <vmtarget> ; # jdk/internal/net/http/Http1Response$$Lambda+0x000000002321a080
instanceKlass  @bci jdk/internal/net/http/Http1Response <init> (Ljdk/internal/net/http/HttpConnection;Ljdk/internal/net/http/Http1Exchange;Ljdk/internal/net/http/Http1AsyncReceiver;)V 13 <appendix> member <vmtarget> ; # jdk/internal/net/http/Http1Response$$Lambda+0x0000000023219e50
instanceKlass jdk/internal/net/http/Http1Response$Receiver
instanceKlass jdk/internal/net/http/Http1AsyncReceiver$Http1AsyncDelegate
instanceKlass jdk/internal/net/http/Http1Response
instanceKlass  @bci jdk/internal/net/http/Exchange responseAsyncImpl (Ljdk/internal/net/http/HttpConnection;)Ljava/util/concurrent/CompletableFuture; 70 <appendix> member <vmtarget> ; # jdk/internal/net/http/Exchange$$Lambda+0x0000000023218b78
instanceKlass  @bci jdk/internal/net/http/Exchange establishExchange (Ljdk/internal/net/http/HttpConnection;)Ljava/util/concurrent/CompletableFuture; 178 <appendix> member <vmtarget> ; # jdk/internal/net/http/Exchange$$Lambda+0x0000000023218928
instanceKlass  @bci jdk/internal/net/http/Exchange establishExchange (Ljdk/internal/net/http/HttpConnection;)Ljava/util/concurrent/CompletableFuture; 161 <appendix> member <vmtarget> ; # jdk/internal/net/http/Exchange$$Lambda+0x00000000232186e8
instanceKlass  @cpi jdk/internal/net/http/Http1Response 699 form vmentry <vmtarget> ; # java/lang/invoke/LambdaForm$DMH+0x000000002321c000
instanceKlass  @bci jdk/internal/net/http/Exchange establishExchange (Ljdk/internal/net/http/HttpConnection;)Ljava/util/concurrent/CompletableFuture; 122 <appendix> member <vmtarget> ; # jdk/internal/net/http/Exchange$$Lambda+0x0000000023218498
instanceKlass  @bci jdk/internal/net/http/ExchangeImpl attemptHttp2Exchange (Ljdk/internal/net/http/Exchange;Ljdk/internal/net/http/HttpConnection;)Ljava/util/concurrent/CompletableFuture; 58 <appendix> argL0 ; # jdk/internal/net/http/ExchangeImpl$$Lambda+0x0000000023218250
instanceKlass  @bci jdk/internal/net/http/ExchangeImpl createExchangeImpl (Ljdk/internal/net/http/Http2Connection;Ljava/lang/Throwable;Ljdk/internal/net/http/Exchange;Ljdk/internal/net/http/HttpConnection;)Ljava/util/concurrent/CompletableFuture; 240 <appendix> member <vmtarget> ; # jdk/internal/net/http/ExchangeImpl$$Lambda+0x0000000023218000
instanceKlass jdk/internal/net/http/Http1AsyncReceiver$Http1TubeSubscriber
instanceKlass  @bci jdk/internal/net/http/Http1AsyncReceiver <init> (Ljava/util/concurrent/Executor;Ljdk/internal/net/http/Http1Exchange;)V 33 <appendix> member <vmtarget> ; # jdk/internal/net/http/Http1AsyncReceiver$$Lambda+0x0000000023217a68
instanceKlass  @bci jdk/internal/net/http/Http1AsyncReceiver <init> (Ljava/util/concurrent/Executor;Ljdk/internal/net/http/Http1Exchange;)V 6 <appendix> member <vmtarget> ; # jdk/internal/net/http/Http1AsyncReceiver$$Lambda+0x0000000023217838
instanceKlass jdk/internal/net/http/AbstractSubscription
instanceKlass jdk/internal/net/http/Http1AsyncReceiver
instanceKlass  @bci jdk/internal/net/http/Http1Request <init> (Ljdk/internal/net/http/HttpRequestImpl;Ljdk/internal/net/http/Http1Exchange;)V 6 <appendix> member <vmtarget> ; # jdk/internal/net/http/Http1Request$$Lambda+0x0000000023216f00
instanceKlass  @bci jdk/internal/net/http/Http1Request <clinit> ()V 0 <appendix> argL0 ; # jdk/internal/net/http/Http1Request$$Lambda+0x0000000023216ca8
instanceKlass jdk/internal/net/http/Http1Exchange$Http1RequestBodySubscriber
instanceKlass jdk/internal/net/http/Http1Request
instanceKlass  @bci jdk/internal/net/http/SocketTube$InternalWriteSubscriber <init> (Ljdk/internal/net/http/SocketTube;)V 26 <appendix> member <vmtarget> ; # jdk/internal/net/http/SocketTube$InternalWriteSubscriber$$Lambda+0x00000000232160e8
instanceKlass  @bci jdk/internal/net/http/SocketTube$InternalWriteSubscriber <init> (Ljdk/internal/net/http/SocketTube;)V 20 <appendix> member <vmtarget> ; # jdk/internal/net/http/SocketTube$InternalWriteSubscriber$$Lambda+0x0000000023215ea8
instanceKlass jdk/internal/net/http/SocketTube$InternalWriteSubscriber
instanceKlass  @bci jdk/internal/net/http/SocketTube$InternalReadPublisher$InternalReadSubscription <init> (Ljdk/internal/net/http/SocketTube$InternalReadPublisher;)V 61 <appendix> member <vmtarget> ; # jdk/internal/net/http/SocketTube$InternalReadPublisher$InternalReadSubscription$$Lambda+0x00000000232157d8
instanceKlass  @bci jdk/internal/net/http/SocketTube$InternalReadPublisher$InternalReadSubscription <init> (Ljdk/internal/net/http/SocketTube$InternalReadPublisher;)V 55 <appendix> member <vmtarget> ; # jdk/internal/net/http/SocketTube$InternalReadPublisher$InternalReadSubscription$$Lambda+0x0000000023215598
instanceKlass  @bci jdk/internal/net/http/SocketTube$InternalReadPublisher$InternalReadSubscription <init> (Ljdk/internal/net/http/SocketTube$InternalReadPublisher;)V 35 <appendix> member <vmtarget> ; # jdk/internal/net/http/SocketTube$InternalReadPublisher$InternalReadSubscription$$Lambda+0x0000000023215368
instanceKlass jdk/internal/net/http/SocketTube$SocketFlowTask
instanceKlass jdk/internal/net/http/SocketTube$InternalReadPublisher$InternalReadSubscription
instanceKlass jdk/internal/net/http/SocketTube$InternalReadPublisher
instanceKlass jdk/internal/net/http/SocketTube$SliceBufferSource
instanceKlass jdk/internal/net/http/SocketTube$BufferSource
instanceKlass  @bci jdk/internal/net/http/SocketTube <init> (Ljdk/internal/net/http/HttpClientImpl;Ljava/nio/channels/SocketChannel;Ljava/util/function/Supplier;Ljava/lang/String;)V 6 <appendix> member <vmtarget> ; # jdk/internal/net/http/SocketTube$$Lambda+0x00000000232141b8
instanceKlass  @bci jdk/internal/net/http/PlainHttpConnection <init> (Ljdk/internal/net/http/Origin;Ljava/net/InetSocketAddress;Ljdk/internal/net/http/HttpClientImpl;Ljava/lang/String;)V 117 <appendix> argL0 ; # jdk/internal/net/http/PlainHttpConnection$$Lambda+0x0000000023213f90
instanceKlass jdk/internal/net/http/SocketTube
instanceKlass sun/nio/ch/SocketChannelImpl$DefaultOptionsHolder
instanceKlass  @bci jdk/internal/net/http/PlainHttpConnection <init> (Ljdk/internal/net/http/Origin;Ljava/net/InetSocketAddress;Ljdk/internal/net/http/HttpClientImpl;Ljava/lang/String;)V 68 <appendix> member <vmtarget> ; # jdk/internal/net/http/PlainHttpConnection$$Lambda+0x0000000023213850
instanceKlass  @bci jdk/internal/net/http/HttpConnection$PlainHttpPublisher <init> (Ljdk/internal/net/http/HttpConnection;Ljava/lang/Object;)V 42 <appendix> member <vmtarget> ; # jdk/internal/net/http/HttpConnection$PlainHttpPublisher$$Lambda+0x0000000023213620
instanceKlass jdk/internal/net/http/HttpConnection$PlainHttpPublisher
instanceKlass jdk/internal/net/http/HttpConnection$TrailingOperations
instanceKlass  @bci jdk/internal/net/http/HttpConnection <init> (Ljdk/internal/net/http/Origin;Ljava/net/InetSocketAddress;Ljdk/internal/net/http/HttpClientImpl;Ljava/lang/String;)V 6 <appendix> member <vmtarget> ; # jdk/internal/net/http/HttpConnection$$Lambda+0x0000000023212f70
instanceKlass jdk/internal/net/http/common/FlowTube
instanceKlass jdk/internal/net/http/AsyncEvent
instanceKlass jdk/internal/net/http/HttpConnection$HttpPublisher
instanceKlass jdk/internal/net/http/ConnectionPool$CacheKey
instanceKlass jdk/internal/net/http/common/SequentialScheduler$SchedulableTask
instanceKlass jdk/internal/net/http/common/SequentialScheduler$CompleteRestartableTask
instanceKlass jdk/internal/net/http/common/SequentialScheduler$RestartableTask
instanceKlass jdk/internal/net/http/common/SequentialScheduler$DeferredCompleter
instanceKlass jdk/internal/net/http/common/SequentialScheduler
instanceKlass jdk/internal/net/http/Http1Exchange$Http1Publisher$WriteTask
instanceKlass jdk/internal/net/http/common/Demand
instanceKlass jdk/internal/net/http/Http1Exchange$Http1Publisher$Http1WriteSubscription
instanceKlass  @bci jdk/internal/net/http/Http1Exchange$Http1Publisher <init> (Ljdk/internal/net/http/Http1Exchange;)V 16 <appendix> member <vmtarget> ; # jdk/internal/net/http/Http1Exchange$Http1Publisher$$Lambda+0x0000000023210470
instanceKlass jdk/internal/net/http/Http1Exchange$Http1Publisher
instanceKlass  @bci jdk/internal/net/http/Http1Exchange <init> (Ljdk/internal/net/http/Exchange;Ljdk/internal/net/http/HttpConnection;)V 7 <appendix> member <vmtarget> ; # jdk/internal/net/http/Http1Exchange$$Lambda+0x0000000023210000
instanceKlass  @bci jdk/internal/net/http/ExchangeImpl attemptHttp2Exchange (Ljdk/internal/net/http/Exchange;Ljdk/internal/net/http/HttpConnection;)Ljava/util/concurrent/CompletableFuture; 46 <appendix> member <vmtarget> ; # jdk/internal/net/http/ExchangeImpl$$Lambda+0x0000000023209750
instanceKlass  @bci jdk/internal/net/http/Http2Connection keyString (ZLjava/net/InetSocketAddress;Ljava/lang/String;I)Ljava/lang/String; 79 <appendix> form vmentry <vmtarget> ; # java/lang/invoke/LambdaForm$MH+0x0000000023208c00
instanceKlass  @bci jdk/internal/net/http/Http2Connection keyString (ZLjava/net/InetSocketAddress;Ljava/lang/String;I)Ljava/lang/String; 79 <appendix> form names 6 function resolvedHandle form vmentry <vmtarget> ; # java/lang/invoke/LambdaForm$DMH+0x0000000023208800
instanceKlass  @bci jdk/internal/net/http/Http2Connection <clinit> ()V 19 <appendix> member <vmtarget> ; # jdk/internal/net/http/Http2Connection$$Lambda+0x0000000023209520
instanceKlass jdk/internal/net/http/hpack/DecodingCallback
instanceKlass jdk/internal/net/http/frame/Http2Frame
instanceKlass jdk/internal/net/http/Http2Connection
instanceKlass  @bci jdk/internal/net/http/ExchangeImpl <clinit> ()V 19 <appendix> member <vmtarget> ; # jdk/internal/net/http/ExchangeImpl$$Lambda+0x000000002320f788
instanceKlass  @bci jdk/internal/net/http/Exchange responseAsyncImpl (Ljdk/internal/net/http/HttpConnection;)Ljava/util/concurrent/CompletableFuture; 57 <appendix> member <vmtarget> ; # jdk/internal/net/http/Exchange$$Lambda+0x000000002320f538
instanceKlass  @bci jdk/internal/net/http/HttpClientImpl sendAsync (Ljava/net/http/HttpRequest;Ljava/net/http/HttpResponse$BodyHandler;Ljava/net/http/HttpResponse$PushPromiseHandler;Ljava/util/concurrent/Executor;)Ljava/util/concurrent/CompletableFuture; 386 <appendix> argL0 ; # jdk/internal/net/http/HttpClientImpl$$Lambda+0x000000002320f300
instanceKlass  @bci jdk/internal/net/http/Exchange responseAsyncImpl (Ljdk/internal/net/http/HttpConnection;)Ljava/util/concurrent/CompletableFuture; 49 <appendix> member <vmtarget> ; # jdk/internal/net/http/Exchange$$Lambda+0x000000002320f0b0
instanceKlass jdk/internal/net/http/AuthenticationFilter$Cache
instanceKlass  @bci jdk/internal/net/http/HttpClientImpl translateSendAsyncExecFailure (Ljava/util/concurrent/CompletableFuture;)Ljava/util/concurrent/CompletableFuture; 1 <appendix> argL0 ; # jdk/internal/net/http/HttpClientImpl$$Lambda+0x000000002320ec60
instanceKlass  @bci jdk/internal/net/http/HttpClientImpl registerPending (Ljdk/internal/net/http/HttpClientImpl$PendingRequest;Ljava/util/concurrent/CompletableFuture;)Ljava/util/concurrent/CompletableFuture; 37 <appendix> member <vmtarget> ; # jdk/internal/net/http/HttpClientImpl$$Lambda+0x000000002320ea20
instanceKlass jdk/internal/net/http/common/Deadline
instanceKlass jdk/internal/net/http/HttpClientImpl$PendingRequest
instanceKlass  @bci jdk/internal/net/http/ResponseTimerEvent <clinit> ()V 2 <appendix> member <vmtarget> ; # jdk/internal/net/http/ResponseTimerEvent$$Lambda+0x000000002320e388
instanceKlass  @bci jdk/internal/net/http/HttpClientImpl sendAsync (Ljava/net/http/HttpRequest;Ljava/net/http/HttpResponse$BodyHandler;Ljava/net/http/HttpResponse$PushPromiseHandler;Ljava/util/concurrent/Executor;)Ljava/util/concurrent/CompletableFuture; 300 <appendix> member <vmtarget> ; # jdk/internal/net/http/HttpClientImpl$$Lambda+0x000000002320e148
instanceKlass  @bci jdk/internal/net/http/MultiExchange responseAsync (Ljava/util/concurrent/Executor;)Ljava/util/concurrent/CompletableFuture; 12 <appendix> argL0 ; # jdk/internal/net/http/MultiExchange$$Lambda+0x000000002320df20
instanceKlass  @bci jdk/internal/net/http/MultiExchange responseAsync0 (Ljava/util/concurrent/CompletableFuture;)Ljava/util/concurrent/CompletableFuture; 20 <appendix> member <vmtarget> ; # jdk/internal/net/http/MultiExchange$$Lambda+0x000000002320dcd0
instanceKlass  @bci jdk/internal/net/http/MultiExchange responseAsync0 (Ljava/util/concurrent/CompletableFuture;)Ljava/util/concurrent/CompletableFuture; 11 <appendix> member <vmtarget> ; # jdk/internal/net/http/MultiExchange$$Lambda+0x000000002320da80
instanceKlass jdk/internal/net/http/Response
instanceKlass  @bci jdk/internal/net/http/MultiExchange responseAsync0 (Ljava/util/concurrent/CompletableFuture;)Ljava/util/concurrent/CompletableFuture; 2 <appendix> member <vmtarget> ; # jdk/internal/net/http/MultiExchange$$Lambda+0x000000002320d5f0
instanceKlass jdk/internal/net/http/MultiExchange$CancelableRef
instanceKlass jdk/internal/net/http/Exchange$ConnectionAborter
instanceKlass  @bci jdk/internal/net/http/Exchange <init> (Ljdk/internal/net/http/HttpRequestImpl;Ljdk/internal/net/http/MultiExchange;)V 6 <appendix> member <vmtarget> ; # jdk/internal/net/http/Exchange$$Lambda+0x000000002320cf78
instanceKlass jdk/internal/net/http/ExchangeImpl
instanceKlass jdk/internal/net/http/Exchange
instanceKlass  @bci jdk/internal/net/http/MultiExchange <init> (Ljava/net/http/HttpRequest;Ljdk/internal/net/http/HttpRequestImpl;Ljdk/internal/net/http/HttpClientImpl;Ljava/net/http/HttpResponse$BodyHandler;Ljava/net/http/HttpResponse$PushPromiseHandler;)V 160 <appendix> argL0 ; # jdk/internal/net/http/MultiExchange$$Lambda+0x000000002320c448
instanceKlass jdk/internal/net/http/MultiExchange$ConnectTimeoutTracker
instanceKlass java/util/Base64$Encoder
instanceKlass java/util/Base64
instanceKlass  @bci jdk/internal/net/http/MultiExchange <clinit> ()V 19 <appendix> member <vmtarget> ; # jdk/internal/net/http/MultiExchange$$Lambda+0x000000002320c000
instanceKlass jdk/internal/net/http/TimeoutEvent
instanceKlass jdk/internal/net/http/MultiExchange
instanceKlass jdk/internal/net/http/common/Cancelable
instanceKlass  @bci java/net/http/HttpHeaders lambda$headersOf$0 (Ljava/util/function/BiPredicate;Ljava/util/ArrayList;Ljava/util/TreeMap;Ljava/util/TreeSet;Ljava/lang/String;Ljava/util/List;)V 47 <appendix> member <vmtarget> ; # java/net/http/HttpHeaders$$Lambda+0x000000002319f3a0
instanceKlass  @bci java/net/http/HttpHeaders headersOf (Ljava/util/Map;Ljava/util/function/BiPredicate;)Ljava/net/http/HttpHeaders; 37 <appendix> member <vmtarget> ; # java/net/http/HttpHeaders$$Lambda+0x000000002319f160
instanceKlass  @cpi java/net/http/HttpHeaders 300 form vmentry <vmtarget> ; # java/lang/invoke/LambdaForm$DMH+0x0000000023208000
instanceKlass java/net/http/HttpHeaders
instanceKlass  @bci jdk/internal/net/http/common/HttpHeadersBuilder addHeader (Ljava/lang/String;Ljava/lang/String;)V 5 <appendix> argL0 ; # jdk/internal/net/http/common/HttpHeadersBuilder$$Lambda+0x000000002319ed00
instanceKlass  @bci org/openqa/selenium/remote/http/HttpMessage lambda$forEachHeader$1 (Ljava/util/function/BiConsumer;Ljava/lang/String;Ljava/util/List;)V 3 <appendix> member <vmtarget> ; # org/openqa/selenium/remote/http/HttpMessage$$Lambda+0x0000000023204a28
instanceKlass  @bci org/openqa/selenium/remote/http/HttpMessage forEachHeader (Ljava/util/function/BiConsumer;)V 5 <appendix> member <vmtarget> ; # org/openqa/selenium/remote/http/HttpMessage$$Lambda+0x00000000232047e8
instanceKlass  @bci org/openqa/selenium/remote/http/jdk/JdkHttpMessages createRequest (Lorg/openqa/selenium/remote/http/HttpRequest;Lorg/openqa/selenium/remote/http/HttpMethod;Ljava/net/URI;)Ljava/net/http/HttpRequest; 201 <appendix> member <vmtarget> ; # org/openqa/selenium/remote/http/jdk/JdkHttpMessages$$Lambda+0x00000000232045a8
instanceKlass jdk/internal/net/http/RequestPublishers$PublisherAdapter
instanceKlass jdk/internal/net/http/CheckedIterator
instanceKlass jdk/internal/net/http/RequestPublishers$InputStreamPublisher
instanceKlass java/net/http/HttpRequest$BodyPublisher
instanceKlass java/net/http/HttpRequest$BodyPublishers
instanceKlass org/openqa/selenium/remote/http/jdk/JdkHttpMessages$1
instanceKlass jdk/internal/net/http/common/HttpHeadersBuilder
instanceKlass java/net/http/HttpOption
instanceKlass jdk/internal/net/http/HttpRequestBuilderImpl
instanceKlass java/net/http/HttpRequest$Builder
instanceKlass  @bci org/openqa/selenium/remote/http/jdk/JdkHttpMessages createRequest (Lorg/openqa/selenium/remote/http/HttpRequest;Lorg/openqa/selenium/remote/http/HttpMethod;Ljava/net/URI;)Ljava/net/http/HttpRequest; 20 <appendix> member <vmtarget> ; # org/openqa/selenium/remote/http/jdk/JdkHttpMessages$$Lambda+0x0000000023204148
instanceKlass  @bci java/net/http/HttpResponse$BodyHandlers ofByteArray ()Ljava/net/http/HttpResponse$BodyHandler; 0 <appendix> argL0 ; # java/net/http/HttpResponse$BodyHandlers$$Lambda+0x000000002319cf38
instanceKlass java/net/http/HttpResponse
instanceKlass java/net/http/HttpResponse$ResponseInfo
instanceKlass java/net/http/HttpResponse$BodyHandler
instanceKlass java/net/http/HttpResponse$BodyHandlers
instanceKlass  @bci org/openqa/selenium/remote/http/HttpMessage getHeader (Ljava/lang/String;)Ljava/lang/String; 35 <appendix> argL0 ; # org/openqa/selenium/remote/http/HttpMessage$$Lambda+0x0000000023203f00
instanceKlass  @bci org/openqa/selenium/remote/http/HttpMessage getHeader (Ljava/lang/String;)Ljava/lang/String; 25 <appendix> member <vmtarget> ; # org/openqa/selenium/remote/http/HttpMessage$$Lambda+0x0000000023203ca0
instanceKlass  @bci org/openqa/selenium/remote/http/HttpMessage getHeader (Ljava/lang/String;)Ljava/lang/String; 14 <appendix> argL0 ; # org/openqa/selenium/remote/http/HttpMessage$$Lambda+0x0000000023203a48
instanceKlass  @bci org/openqa/selenium/remote/http/AddSeleniumUserAgent apply (Lorg/openqa/selenium/remote/http/HttpHandler;)Lorg/openqa/selenium/remote/http/HttpHandler; 1 <appendix> member <vmtarget> ; # org/openqa/selenium/remote/http/AddSeleniumUserAgent$$Lambda+0x0000000023203808
instanceKlass  @bci org/openqa/selenium/remote/http/HttpMessage addHeader (Ljava/lang/String;Ljava/lang/String;)Lorg/openqa/selenium/remote/http/HttpMessage; 5 <appendix> argL0 ; # org/openqa/selenium/remote/http/HttpMessage$$Lambda+0x00000000232035c0
instanceKlass  @bci org/openqa/selenium/remote/http/HttpMessage removeHeader (Ljava/lang/String;)Lorg/openqa/selenium/remote/http/HttpMessage; 10 <appendix> member <vmtarget> ; # org/openqa/selenium/remote/http/HttpMessage$$Lambda+0x0000000023203360
instanceKlass  @bci org/openqa/selenium/remote/http/Contents bytes ([B)Ljava/util/function/Supplier; 14 <appendix> member <vmtarget> ; # org/openqa/selenium/remote/http/Contents$$Lambda+0x0000000023202ce0
instanceKlass org/openqa/selenium/remote/http/Contents
instanceKlass  @bci org/openqa/selenium/remote/ProtocolHandshake createSession (Lorg/openqa/selenium/remote/http/HttpHandler;Lorg/openqa/selenium/remote/NewSessionPayload;)Lorg/openqa/selenium/internal/Either; 62 <appendix> member <vmtarget> ; # org/openqa/selenium/remote/ProtocolHandshake$$Lambda+0x00000000232028a0
instanceKlass  @bci org/openqa/selenium/remote/NewSessionPayload writeTo (Ljava/lang/Appendable;)V 51 <appendix> member <vmtarget> ; # org/openqa/selenium/remote/NewSessionPayload$$Lambda+0x0000000023202660
instanceKlass  @bci org/openqa/selenium/remote/NewSessionPayload getW3C ()Ljava/util/stream/Stream; 59 <appendix> member <vmtarget> ; # org/openqa/selenium/remote/NewSessionPayload$$Lambda+0x0000000023202410
instanceKlass  @bci java/util/stream/SortedOps$RefSortingSink end ()V 48 <appendix> member <vmtarget> ; # java/util/stream/SortedOps$RefSortingSink$$Lambda+0x00000000231d8190
instanceKlass  @bci org/openqa/selenium/remote/NewSessionPayload lambda$validate$4 (Ljava/util/Map;)V 21 <appendix> argL0 ; # org/openqa/selenium/remote/NewSessionPayload$$Lambda+0x00000000232021c8
instanceKlass  @bci org/openqa/selenium/remote/NewSessionPayload lambda$validate$4 (Ljava/util/Map;)V 11 <appendix> argL0 ; # org/openqa/selenium/remote/NewSessionPayload$$Lambda+0x0000000023201f70
instanceKlass  @bci org/openqa/selenium/remote/NewSessionPayload lambda$validate$1 (Ljava/util/Map;Ljava/util/Map;)V 16 <appendix> member <vmtarget> ; # org/openqa/selenium/remote/NewSessionPayload$$Lambda+0x0000000023201d10
instanceKlass  @bci org/openqa/selenium/remote/NewSessionPayload validate ()V 98 <appendix> argL0 ; # org/openqa/selenium/remote/NewSessionPayload$$Lambda+0x0000000023201ad8
instanceKlass  @bci org/openqa/selenium/remote/NewSessionPayload validate ()V 88 <appendix> argL0 ; # org/openqa/selenium/remote/NewSessionPayload$$Lambda+0x00000000232018a0
instanceKlass  @bci org/openqa/selenium/remote/NewSessionPayload validate ()V 78 <appendix> argL0 ; # org/openqa/selenium/remote/NewSessionPayload$$Lambda+0x0000000023201668
instanceKlass  @bci org/openqa/selenium/remote/NewSessionPayload validate ()V 68 <appendix> member <vmtarget> ; # org/openqa/selenium/remote/NewSessionPayload$$Lambda+0x0000000023201418
instanceKlass  @bci org/openqa/selenium/remote/NewSessionPayload validate ()V 57 <appendix> member <vmtarget> ; # org/openqa/selenium/remote/NewSessionPayload$$Lambda+0x00000000232011d8
instanceKlass org/openqa/selenium/json/ObjectCoercer$1
instanceKlass  @bci org/openqa/selenium/json/ObjectCoercer apply (Ljava/lang/reflect/Type;)Ljava/util/function/BiFunction; 1 <appendix> member <vmtarget> ; # org/openqa/selenium/json/ObjectCoercer$$Lambda+0x0000000023200d88
instanceKlass org/openqa/selenium/json/StringCoercer$1
instanceKlass  @bci org/openqa/selenium/json/StringCoercer apply (Ljava/lang/reflect/Type;)Ljava/util/function/BiFunction; 0 <appendix> argL0 ; # org/openqa/selenium/json/StringCoercer$$Lambda+0x0000000023200940
instanceKlass  @bci org/openqa/selenium/json/MapCoercer lambda$apply$1 (Ljava/lang/reflect/Type;Ljava/lang/reflect/Type;Lorg/openqa/selenium/json/JsonInput;Lorg/openqa/selenium/json/PropertySetting;)Ljava/lang/Object; 20 <appendix> member <vmtarget> ; # org/openqa/selenium/json/MapCoercer$$Lambda+0x00000000232006f0
instanceKlass  @bci org/openqa/selenium/json/MapCoercer apply (Ljava/lang/reflect/Type;)Ljava/util/function/BiFunction; 72 <appendix> member <vmtarget> ; # org/openqa/selenium/json/MapCoercer$$Lambda+0x00000000232004b0
instanceKlass  @bci org/openqa/selenium/json/StaticInitializerCoercer getMethods (Ljava/lang/Class;)Ljava/util/stream/Stream; 27 <appendix> argL0 ; # org/openqa/selenium/json/StaticInitializerCoercer$$Lambda+0x0000000023200258
instanceKlass  @bci org/openqa/selenium/json/StaticInitializerCoercer getMethods (Ljava/lang/Class;)Ljava/util/stream/Stream; 17 <appendix> argL0 ; # org/openqa/selenium/json/StaticInitializerCoercer$$Lambda+0x0000000023200000
instanceKlass  @bci org/openqa/selenium/json/StaticInitializerCoercer getMethods (Ljava/lang/Class;)Ljava/util/stream/Stream; 7 <appendix> argL0 ; # org/openqa/selenium/json/StaticInitializerCoercer$$Lambda+0x00000000231bd400
instanceKlass  @bci org/openqa/selenium/json/CollectionCoercer lambda$apply$1 (Ljava/lang/reflect/Type;Lorg/openqa/selenium/json/JsonInput;Lorg/openqa/selenium/json/PropertySetting;)Ljava/util/Collection; 18 <appendix> member <vmtarget> ; # org/openqa/selenium/json/CollectionCoercer$$Lambda+0x00000000231bdca8
instanceKlass org/openqa/selenium/json/JsonInputIterator
instanceKlass  @bci org/openqa/selenium/json/JsonTypeCoercer buildCoercer (Ljava/lang/reflect/Type;)Ljava/util/function/BiFunction; 43 <appendix> member <vmtarget> ; # org/openqa/selenium/json/JsonTypeCoercer$$Lambda+0x00000000231bd800
instanceKlass  @bci org/openqa/selenium/json/JsonTypeCoercer lambda$buildCoercer$7 (Ljava/util/function/BiFunction;)Ljava/util/function/BiFunction; 1 <appendix> member <vmtarget> ; # org/openqa/selenium/json/JsonTypeCoercer$$Lambda+0x00000000231bfc70
instanceKlass  @bci org/openqa/selenium/json/JsonTypeCoercer buildCoercer (Ljava/lang/reflect/Type;)Ljava/util/function/BiFunction; 34 <appendix> argL0 ; # org/openqa/selenium/json/JsonTypeCoercer$$Lambda+0x00000000231bfa28
instanceKlass  @bci org/openqa/selenium/json/CollectionCoercer apply (Ljava/lang/reflect/Type;)Ljava/util/function/BiFunction; 56 <appendix> member <vmtarget> ; # org/openqa/selenium/json/CollectionCoercer$$Lambda+0x00000000231bf7e8
instanceKlass  @bci org/openqa/selenium/json/JsonTypeCoercer buildCoercer (Ljava/lang/reflect/Type;)Ljava/util/function/BiFunction; 26 <appendix> member <vmtarget> ; # org/openqa/selenium/json/JsonTypeCoercer$$Lambda+0x00000000231bf598
instanceKlass org/openqa/selenium/json/Types
instanceKlass  @bci org/openqa/selenium/json/JsonTypeCoercer buildCoercer (Ljava/lang/reflect/Type;)Ljava/util/function/BiFunction; 10 <appendix> member <vmtarget> ; # org/openqa/selenium/json/JsonTypeCoercer$$Lambda+0x00000000231bf128
instanceKlass  @bci org/openqa/selenium/json/JsonTypeCoercer coerce (Lorg/openqa/selenium/json/JsonInput;Ljava/lang/reflect/Type;Lorg/openqa/selenium/json/PropertySetting;)Ljava/lang/Object; 6 <appendix> member <vmtarget> ; # org/openqa/selenium/json/JsonTypeCoercer$$Lambda+0x00000000231beed8
instanceKlass org/openqa/selenium/json/JsonInput$1
instanceKlass org/openqa/selenium/json/Input
instanceKlass org/openqa/selenium/json/JsonInput
instanceKlass com/google/common/io/CharSource
instanceKlass com/google/common/hash/PrimitiveSink
instanceKlass com/google/common/base/Preconditions
instanceKlass com/google/common/io/ByteSource
instanceKlass  @bci org/openqa/selenium/json/JsonOutput lambda$new$23 (Ljava/lang/Object;II)V 46 <appendix> member <vmtarget> ; # org/openqa/selenium/json/JsonOutput$$Lambda+0x00000000231b9b10
instanceKlass  @cpi org/openqa/selenium/json/JsonOutput 862 form vmentry <vmtarget> ; # java/lang/invoke/LambdaForm$DMH+0x00000000231bd000
instanceKlass  @bci org/openqa/selenium/json/JsonOutput lambda$new$23 (Ljava/lang/Object;II)V 33 <appendix> argL0 ; # org/openqa/selenium/json/JsonOutput$$Lambda+0x00000000231b98b8
instanceKlass java/io/ObjectOutput
instanceKlass java/util/function/UnaryOperator
instanceKlass  @bci org/openqa/selenium/json/JsonOutput asString (Ljava/lang/Object;)Ljava/lang/String; 19 <appendix> member <vmtarget> ; # org/openqa/selenium/json/JsonOutput$$Lambda+0x00000000231b9458
instanceKlass  @cpi org/openqa/selenium/json/JsonOutput 839 form vmentry <vmtarget> ; # java/lang/invoke/LambdaForm$DMH+0x00000000231bcc00
instanceKlass java/util/function/IntConsumer
instanceKlass java/util/stream/IntStream
instanceKlass java/lang/StringLatin1$CharsSpliterator
instanceKlass java/util/Spliterator$OfInt
instanceKlass java/util/Spliterator$OfPrimitive
instanceKlass  @bci org/openqa/selenium/json/JsonOutput lambda$new$23 (Ljava/lang/Object;II)V 46 <adapter> ; # java/lang/invoke/LambdaForm$MH+0x00000000231bc800
instanceKlass  @bci org/openqa/selenium/json/JsonOutput lambda$new$23 (Ljava/lang/Object;II)V 46 <appendix> form vmentry <vmtarget> ; # java/lang/invoke/LambdaForm$DMH+0x00000000231bc400
instanceKlass  @bci org/openqa/selenium/json/JsonOutput lambda$new$25 (Ljava/lang/Object;II)V 31 <appendix> member <vmtarget> ; # org/openqa/selenium/json/JsonOutput$$Lambda+0x00000000231b9218
instanceKlass  @cpi org/openqa/selenium/json/JsonOutput 856 form vmentry <vmtarget> ; # java/lang/invoke/LambdaForm$DMH+0x00000000231bc000
instanceKlass  @bci org/openqa/selenium/json/JsonOutput write0 (Ljava/lang/Object;II)Lorg/openqa/selenium/json/JsonOutput; 39 <appendix> member <vmtarget> ; # org/openqa/selenium/json/JsonOutput$$Lambda+0x00000000231b8dc0
instanceKlass  @bci org/openqa/selenium/json/JsonOutput write0 (Ljava/lang/Object;II)Lorg/openqa/selenium/json/JsonOutput; 30 <appendix> argL0 ; # org/openqa/selenium/json/JsonOutput$$Lambda+0x00000000231b8b78
instanceKlass java/io/ObjectStreamConstants
instanceKlass java/io/ObjectInput
instanceKlass  @bci java/util/Collections$UnmodifiableMap$UnmodifiableEntrySet entryConsumer (Ljava/util/function/Consumer;)Ljava/util/function/Consumer; 1 <appendix> member <vmtarget> ; # java/util/Collections$UnmodifiableMap$UnmodifiableEntrySet$$Lambda+0x00000000231d4200
instanceKlass  @bci org/openqa/selenium/json/JsonOutput write0 (Ljava/lang/Object;II)Lorg/openqa/selenium/json/JsonOutput; 15 <appendix> member <vmtarget> ; # org/openqa/selenium/json/JsonOutput$$Lambda+0x00000000231b8918
instanceKlass java/util/Collections$UnmodifiableMap$UnmodifiableEntrySet$UnmodifiableEntrySetSpliterator
instanceKlass  @bci org/openqa/selenium/json/JsonOutput <init> (Ljava/lang/Appendable;)V 552 <appendix> member <vmtarget> ; # org/openqa/selenium/json/JsonOutput$$Lambda+0x00000000231b86e8
instanceKlass  @bci org/openqa/selenium/json/JsonOutput <init> (Ljava/lang/Appendable;)V 546 <appendix> argL0 ; # org/openqa/selenium/json/JsonOutput$$Lambda+0x00000000231b8490
instanceKlass  @bci org/openqa/selenium/json/JsonOutput <init> (Ljava/lang/Appendable;)V 534 <appendix> member <vmtarget> ; # org/openqa/selenium/json/JsonOutput$$Lambda+0x00000000231b8260
instanceKlass  @bci org/openqa/selenium/json/JsonOutput <init> (Ljava/lang/Appendable;)V 528 <appendix> member <vmtarget> ; # org/openqa/selenium/json/JsonOutput$$Lambda+0x00000000231b8000
instanceKlass  @bci org/openqa/selenium/json/JsonOutput <init> (Ljava/lang/Appendable;)V 509 <appendix> member <vmtarget> ; # org/openqa/selenium/json/JsonOutput$$Lambda+0x00000000231b4400
instanceKlass  @bci org/openqa/selenium/json/JsonOutput <init> (Ljava/lang/Appendable;)V 503 <appendix> argL0 ; # org/openqa/selenium/json/JsonOutput$$Lambda+0x00000000231b4c90
instanceKlass  @bci org/openqa/selenium/json/JsonOutput <init> (Ljava/lang/Appendable;)V 491 <appendix> member <vmtarget> ; # org/openqa/selenium/json/JsonOutput$$Lambda+0x00000000231b4a60
instanceKlass  @bci org/openqa/selenium/json/JsonOutput <init> (Ljava/lang/Appendable;)V 485 <appendix> member <vmtarget> ; # org/openqa/selenium/json/JsonOutput$$Lambda+0x00000000231b4800
instanceKlass  @bci org/openqa/selenium/json/JsonOutput <init> (Ljava/lang/Appendable;)V 466 <appendix> member <vmtarget> ; # org/openqa/selenium/json/JsonOutput$$Lambda+0x00000000231b5db0
instanceKlass  @bci org/openqa/selenium/json/JsonOutput <init> (Ljava/lang/Appendable;)V 460 <appendix> member <vmtarget> ; # org/openqa/selenium/json/JsonOutput$$Lambda+0x00000000231b5b50
instanceKlass  @bci org/openqa/selenium/json/JsonOutput <init> (Ljava/lang/Appendable;)V 441 <appendix> member <vmtarget> ; # org/openqa/selenium/json/JsonOutput$$Lambda+0x00000000231b5920
instanceKlass  @bci org/openqa/selenium/json/JsonOutput <init> (Ljava/lang/Appendable;)V 435 <appendix> member <vmtarget> ; # org/openqa/selenium/json/JsonOutput$$Lambda+0x00000000231b56c0
instanceKlass  @bci org/openqa/selenium/json/JsonOutput <init> (Ljava/lang/Appendable;)V 422 <appendix> member <vmtarget> ; # org/openqa/selenium/json/JsonOutput$$Lambda+0x00000000231b5490
instanceKlass  @bci org/openqa/selenium/json/JsonOutput <init> (Ljava/lang/Appendable;)V 416 <appendix> member <vmtarget> ; # org/openqa/selenium/json/JsonOutput$$Lambda+0x00000000231b5230
instanceKlass  @bci org/openqa/selenium/json/JsonOutput <init> (Ljava/lang/Appendable;)V 403 <appendix> member <vmtarget> ; # org/openqa/selenium/json/JsonOutput$$Lambda+0x00000000231b5000
instanceKlass  @bci org/openqa/selenium/json/JsonOutput <init> (Ljava/lang/Appendable;)V 397 <appendix> member <vmtarget> ; # org/openqa/selenium/json/JsonOutput$$Lambda+0x00000000231b7d90
instanceKlass  @bci org/openqa/selenium/json/JsonOutput <init> (Ljava/lang/Appendable;)V 384 <appendix> member <vmtarget> ; # org/openqa/selenium/json/JsonOutput$$Lambda+0x00000000231b7b60
instanceKlass  @bci org/openqa/selenium/json/JsonOutput <init> (Ljava/lang/Appendable;)V 368 <appendix> member <vmtarget> ; # org/openqa/selenium/json/JsonOutput$$Lambda+0x00000000231b7930
instanceKlass  @bci org/openqa/selenium/json/JsonOutput <init> (Ljava/lang/Appendable;)V 362 <appendix> member <vmtarget> ; # org/openqa/selenium/json/JsonOutput$$Lambda+0x00000000231b76d0
instanceKlass  @bci org/openqa/selenium/json/JsonOutput <init> (Ljava/lang/Appendable;)V 343 <appendix> member <vmtarget> ; # org/openqa/selenium/json/JsonOutput$$Lambda+0x00000000231b74a0
instanceKlass  @bci org/openqa/selenium/json/JsonOutput <init> (Ljava/lang/Appendable;)V 337 <appendix> member <vmtarget> ; # org/openqa/selenium/json/JsonOutput$$Lambda+0x00000000231b7240
instanceKlass  @bci org/openqa/selenium/json/JsonOutput <init> (Ljava/lang/Appendable;)V 318 <appendix> member <vmtarget> ; # org/openqa/selenium/json/JsonOutput$$Lambda+0x00000000231b7010
instanceKlass  @bci org/openqa/selenium/json/JsonOutput <init> (Ljava/lang/Appendable;)V 312 <appendix> member <vmtarget> ; # org/openqa/selenium/json/JsonOutput$$Lambda+0x00000000231b6db0
instanceKlass  @bci org/openqa/selenium/json/JsonOutput <init> (Ljava/lang/Appendable;)V 293 <appendix> member <vmtarget> ; # org/openqa/selenium/json/JsonOutput$$Lambda+0x00000000231b6b80
instanceKlass  @bci org/openqa/selenium/json/JsonOutput <init> (Ljava/lang/Appendable;)V 287 <appendix> member <vmtarget> ; # org/openqa/selenium/json/JsonOutput$$Lambda+0x00000000231b6920
instanceKlass  @bci org/openqa/selenium/json/JsonOutput <init> (Ljava/lang/Appendable;)V 268 <appendix> member <vmtarget> ; # org/openqa/selenium/json/JsonOutput$$Lambda+0x00000000231b66f0
instanceKlass  @bci org/openqa/selenium/json/JsonOutput <init> (Ljava/lang/Appendable;)V 262 <appendix> member <vmtarget> ; # org/openqa/selenium/json/JsonOutput$$Lambda+0x00000000231b6490
instanceKlass  @bci org/openqa/selenium/json/JsonOutput <init> (Ljava/lang/Appendable;)V 243 <appendix> member <vmtarget> ; # org/openqa/selenium/json/JsonOutput$$Lambda+0x00000000231b6260
instanceKlass  @bci org/openqa/selenium/json/JsonOutput <init> (Ljava/lang/Appendable;)V 237 <appendix> member <vmtarget> ; # org/openqa/selenium/json/JsonOutput$$Lambda+0x00000000231b6000
instanceKlass  @bci org/openqa/selenium/json/JsonOutput <init> (Ljava/lang/Appendable;)V 218 <appendix> member <vmtarget> ; # org/openqa/selenium/json/JsonOutput$$Lambda+0x00000000231b3c80
instanceKlass  @bci org/openqa/selenium/json/JsonOutput <init> (Ljava/lang/Appendable;)V 212 <appendix> member <vmtarget> ; # org/openqa/selenium/json/JsonOutput$$Lambda+0x00000000231b3a20
instanceKlass  @bci org/openqa/selenium/json/JsonOutput <init> (Ljava/lang/Appendable;)V 193 <appendix> member <vmtarget> ; # org/openqa/selenium/json/JsonOutput$$Lambda+0x00000000231b37f0
instanceKlass  @bci org/openqa/selenium/json/JsonOutput <init> (Ljava/lang/Appendable;)V 187 <appendix> member <vmtarget> ; # org/openqa/selenium/json/JsonOutput$$Lambda+0x00000000231b3590
instanceKlass  @bci org/openqa/selenium/json/JsonOutput <init> (Ljava/lang/Appendable;)V 168 <appendix> member <vmtarget> ; # org/openqa/selenium/json/JsonOutput$$Lambda+0x00000000231b3360
instanceKlass  @bci org/openqa/selenium/json/JsonOutput <init> (Ljava/lang/Appendable;)V 162 <appendix> member <vmtarget> ; # org/openqa/selenium/json/JsonOutput$$Lambda+0x00000000231b3100
instanceKlass  @bci org/openqa/selenium/json/JsonOutput <init> (Ljava/lang/Appendable;)V 143 <appendix> member <vmtarget> ; # org/openqa/selenium/json/JsonOutput$$Lambda+0x00000000231b2ed0
instanceKlass  @bci org/openqa/selenium/json/JsonOutput <init> (Ljava/lang/Appendable;)V 137 <appendix> member <vmtarget> ; # org/openqa/selenium/json/JsonOutput$$Lambda+0x00000000231b2c70
instanceKlass  @bci org/openqa/selenium/json/JsonOutput <init> (Ljava/lang/Appendable;)V 118 <appendix> member <vmtarget> ; # org/openqa/selenium/json/JsonOutput$$Lambda+0x00000000231b2a40
instanceKlass  @bci org/openqa/selenium/json/JsonOutput <init> (Ljava/lang/Appendable;)V 112 <appendix> member <vmtarget> ; # org/openqa/selenium/json/JsonOutput$$Lambda+0x00000000231b27e0
instanceKlass  @bci org/openqa/selenium/json/JsonOutput <init> (Ljava/lang/Appendable;)V 93 <appendix> member <vmtarget> ; # org/openqa/selenium/json/JsonOutput$$Lambda+0x00000000231b25b0
instanceKlass  @cpi org/openqa/selenium/json/JsonOutput 715 form vmentry <vmtarget> ; # java/lang/invoke/LambdaForm$DMH+0x00000000231b4000
instanceKlass org/openqa/selenium/json/JsonOutput$DepthAwareConsumer
instanceKlass  @bci org/openqa/selenium/json/JsonOutput <init> (Ljava/lang/Appendable;)V 87 <appendix> argL0 ; # org/openqa/selenium/json/JsonOutput$$Lambda+0x00000000231b2150
instanceKlass org/openqa/selenium/json/JsonOutput$Node
instanceKlass  @bci org/openqa/selenium/json/JsonOutput <init> (Ljava/lang/Appendable;)V 42 <appendix> member <vmtarget> ; # org/openqa/selenium/json/JsonOutput$$Lambda+0x00000000231b1ad0
instanceKlass  @bci org/openqa/selenium/json/JsonOutput <clinit> ()V 24 <appendix> member <vmtarget> ; # org/openqa/selenium/json/JsonOutput$$Lambda+0x00000000231b1870
instanceKlass com/google/gson/JsonElement
instanceKlass org/openqa/selenium/json/JsonOutput
instanceKlass  @bci org/openqa/selenium/json/JsonTypeCoercer <init> (Ljava/util/stream/Stream;)V 423 <appendix> argL0 ; # org/openqa/selenium/json/JsonTypeCoercer$$Lambda+0x00000000231b0b60
instanceKlass  @bci org/openqa/selenium/json/JsonTypeCoercer <init> (Ljava/util/stream/Stream;)V 418 <appendix> argL0 ; # org/openqa/selenium/json/JsonTypeCoercer$$Lambda+0x00000000231b0928
instanceKlass  @bci org/openqa/selenium/json/JsonTypeCoercer <init> (Ljava/util/stream/Stream;)V 413 <appendix> argL0 ; # org/openqa/selenium/json/JsonTypeCoercer$$Lambda+0x00000000231b0700
instanceKlass  @bci org/openqa/selenium/json/JsonTypeCoercer <init> (Ljava/util/stream/Stream;)V 374 <appendix> argL0 ; # org/openqa/selenium/json/JsonTypeCoercer$$Lambda+0x00000000231b0228
instanceKlass  @bci java/util/stream/Collectors toCollection (Ljava/util/function/Supplier;)Ljava/util/stream/Collector; 10 <appendix> argL0 ; # java/util/stream/Collectors$$Lambda+0x00000000231d3d48
instanceKlass  @bci java/util/stream/Collectors toCollection (Ljava/util/function/Supplier;)Ljava/util/stream/Collector; 5 <appendix> argL0 ; # java/util/stream/Collectors$$Lambda+0x00000000231d3b10
instanceKlass  @bci org/openqa/selenium/json/JsonTypeCoercer <init> (Ljava/util/stream/Stream;)V 349 <appendix> argL0 ; # org/openqa/selenium/json/JsonTypeCoercer$$Lambda+0x00000000231b0000
instanceKlass  @bci org/openqa/selenium/json/JsonTypeCoercer <init> (Ljava/util/stream/Stream;)V 314 <appendix> argL0 ; # org/openqa/selenium/json/JsonTypeCoercer$$Lambda+0x00000000231a99c8
instanceKlass  @bci org/openqa/selenium/json/JsonTypeCoercer <init> (Ljava/util/stream/Stream;)V 309 <appendix> argL0 ; # org/openqa/selenium/json/JsonTypeCoercer$$Lambda+0x00000000231a9790
instanceKlass  @bci org/openqa/selenium/json/JsonTypeCoercer <init> (Ljava/util/stream/Stream;)V 304 <appendix> argL0 ; # org/openqa/selenium/json/JsonTypeCoercer$$Lambda+0x00000000231a9568
instanceKlass  @bci org/openqa/selenium/json/JsonTypeCoercer <init> (Ljava/util/stream/Stream;)V 198 <appendix> argL0 ; # org/openqa/selenium/json/JsonTypeCoercer$$Lambda+0x00000000231aadb0
instanceKlass  @bci org/openqa/selenium/json/JsonTypeCoercer <init> (Ljava/util/stream/Stream;)V 177 <appendix> argL0 ; # org/openqa/selenium/json/JsonTypeCoercer$$Lambda+0x00000000231aab68
instanceKlass  @bci org/openqa/selenium/json/JsonTypeCoercer <init> (Ljava/util/stream/Stream;)V 156 <appendix> argL0 ; # org/openqa/selenium/json/JsonTypeCoercer$$Lambda+0x00000000231aa920
instanceKlass  @cpi org/openqa/selenium/json/JsonTypeCoercer 427 form vmentry <vmtarget> ; # java/lang/invoke/LambdaForm$DMH+0x00000000231a8c00
instanceKlass  @bci org/openqa/selenium/json/JsonTypeCoercer <init> (Ljava/util/stream/Stream;)V 135 <appendix> argL0 ; # org/openqa/selenium/json/JsonTypeCoercer$$Lambda+0x00000000231aa6d8
instanceKlass  @bci org/openqa/selenium/json/JsonTypeCoercer <init> (Ljava/util/stream/Stream;)V 114 <appendix> argL0 ; # org/openqa/selenium/json/JsonTypeCoercer$$Lambda+0x00000000231aa490
instanceKlass  @cpi org/openqa/selenium/json/JsonTypeCoercer 413 form vmentry <vmtarget> ; # java/lang/invoke/LambdaForm$DMH+0x00000000231a8800
instanceKlass  @bci org/openqa/selenium/json/JsonTypeCoercer <init> (Ljava/util/stream/Stream;)V 93 <appendix> argL0 ; # org/openqa/selenium/json/JsonTypeCoercer$$Lambda+0x00000000231aa248
instanceKlass  @cpi org/openqa/selenium/json/JsonTypeCoercer 410 form vmentry <vmtarget> ; # java/lang/invoke/LambdaForm$DMH+0x00000000231a8400
instanceKlass  @bci org/openqa/selenium/json/JsonTypeCoercer <init> (Ljava/util/stream/Stream;)V 72 <appendix> argL0 ; # org/openqa/selenium/json/JsonTypeCoercer$$Lambda+0x00000000231aa000
instanceKlass java/util/RegularEnumSet$EnumSetIterator
instanceKlass  @bci org/openqa/selenium/json/JsonTypeCoercer <init> (Ljava/util/stream/Stream;)V 20 <appendix> argL0 ; # org/openqa/selenium/json/JsonTypeCoercer$$Lambda+0x00000000231af7d0
instanceKlass org/openqa/selenium/json/TypeCoercer
instanceKlass org/openqa/selenium/json/JsonTypeCoercer
instanceKlass sun/reflect/generics/tree/TypeVariableSignature
instanceKlass sun/reflect/generics/reflectiveObjects/LazyReflectiveObjectGenerator
instanceKlass sun/reflect/generics/reflectiveObjects/ParameterizedTypeImpl
instanceKlass java/lang/reflect/ParameterizedType
instanceKlass sun/reflect/generics/visitor/Reifier
instanceKlass sun/reflect/generics/visitor/TypeTreeVisitor
instanceKlass sun/reflect/generics/tree/ClassSignature
instanceKlass sun/reflect/generics/tree/Signature
instanceKlass sun/reflect/generics/tree/ClassTypeSignature
instanceKlass sun/reflect/generics/tree/SimpleClassTypeSignature
instanceKlass sun/reflect/generics/tree/FieldTypeSignature
instanceKlass sun/reflect/generics/tree/BaseType
instanceKlass sun/reflect/generics/tree/TypeSignature
instanceKlass sun/reflect/generics/tree/ReturnType
instanceKlass sun/reflect/generics/tree/TypeArgument
instanceKlass sun/reflect/generics/tree/FormalTypeParameter
instanceKlass sun/reflect/generics/tree/TypeTree
instanceKlass sun/reflect/generics/tree/Tree
instanceKlass sun/reflect/generics/parser/SignatureParser
instanceKlass java/lang/reflect/TypeVariable
instanceKlass sun/reflect/generics/repository/AbstractRepository
instanceKlass sun/reflect/generics/factory/CoreReflectionFactory
instanceKlass sun/reflect/generics/factory/GenericsFactory
instanceKlass sun/reflect/generics/scope/AbstractScope
instanceKlass sun/reflect/generics/scope/Scope
instanceKlass org/openqa/selenium/json/TypeToken
instanceKlass org/openqa/selenium/json/Json
instanceKlass  @bci org/openqa/selenium/remote/NewSessionPayload create (Ljava/util/Collection;)Lorg/openqa/selenium/remote/NewSessionPayload; 10 <appendix> argL0 ; # org/openqa/selenium/remote/NewSessionPayload$$Lambda+0x00000000231ae3e0
instanceKlass org/openqa/selenium/remote/ResponseCodec
instanceKlass org/openqa/selenium/remote/CommandCodec
instanceKlass org/openqa/selenium/remote/NewSessionPayload
instanceKlass org/openqa/selenium/remote/ProtocolHandshake
instanceKlass org/openqa/selenium/remote/service/DriverService$1
instanceKlass sun/net/www/http/KeepAliveEntry
instanceKlass sun/net/www/http/Hurryable
instanceKlass sun/net/www/protocol/http/AuthCacheValue
instanceKlass sun/nio/ch/ExtendedSocketOption$1
instanceKlass sun/nio/ch/ExtendedSocketOption
instanceKlass sun/nio/ch/OptionKey
instanceKlass sun/nio/ch/SocketOptionRegistry$LazyInitialization
instanceKlass sun/nio/ch/SocketOptionRegistry$RegistryKey
instanceKlass sun/nio/ch/SocketOptionRegistry
instanceKlass java/net/StandardSocketOptions$StdSocketOption
instanceKlass java/net/StandardSocketOptions
instanceKlass sun/net/www/http/HttpCapture
instanceKlass sun/net/www/http/KeepAliveKey
instanceKlass sun/net/NetworkClient
instanceKlass sun/net/spi/DefaultProxySelector$NonProxyInfo
instanceKlass java/net/ResponseCache
instanceKlass java/net/CookieHandler
instanceKlass sun/net/util/ProxyUtil
instanceKlass  @bci sun/net/www/protocol/http/AuthCacheImpl getAuthCacheFor (Ljava/net/Authenticator;)Lsun/net/www/protocol/http/AuthCacheImpl; 4 <appendix> argL0 ; # sun/net/www/protocol/http/AuthCacheImpl$$Lambda+0x00000000231c7808
instanceKlass sun/net/www/protocol/http/AuthCacheImpl
instanceKlass sun/net/www/protocol/http/AuthCache
instanceKlass  @bci org/openqa/selenium/net/UrlChecker waitUntilAvailable (JLjava/util/concurrent/TimeUnit;[Ljava/net/URL;)V 27 <appendix> member <vmtarget> ; # org/openqa/selenium/net/UrlChecker$$Lambda+0x00000000231ac228
instanceKlass  @bci org/openqa/selenium/net/UrlChecker <clinit> ()V 22 <appendix> argL0 ; # org/openqa/selenium/net/UrlChecker$$Lambda+0x00000000231ac000
instanceKlass org/openqa/selenium/net/UrlChecker
instanceKlass  @bci org/openqa/selenium/remote/service/DriverService start ()V 163 <appendix> member <vmtarget> ; # org/openqa/selenium/remote/service/DriverService$$Lambda+0x00000000231a5b78
instanceKlass java/lang/Thread$ThreadNumbering
instanceKlass  @bci org/openqa/selenium/remote/service/DriverService start ()V 149 <appendix> member <vmtarget> ; # org/openqa/selenium/remote/service/DriverService$$Lambda+0x00000000231a5948
instanceKlass  @bci org/openqa/selenium/os/ExternalProcess$Builder start ()Lorg/openqa/selenium/os/ExternalProcess; 49 <appendix> member <vmtarget> ; # org/openqa/selenium/os/ExternalProcess$Builder$$Lambda+0x00000000231a54c8
instanceKlass  @bci org/openqa/selenium/remote/service/DriverService start ()V 130 <appendix> member <vmtarget> ; # org/openqa/selenium/remote/service/DriverService$$Lambda+0x00000000231a5288
instanceKlass  @cpi org/openqa/selenium/remote/service/DriverService 477 form vmentry <vmtarget> ; # java/lang/invoke/LambdaForm$DMH+0x00000000231a8000
instanceKlass org/openqa/selenium/os/ExternalProcess$Builder
instanceKlass org/openqa/selenium/os/ExternalProcess
instanceKlass org/openqa/selenium/remote/Command
instanceKlass org/openqa/selenium/remote/CommandPayload
instanceKlass org/openqa/selenium/remote/DriverCommand
instanceKlass  @bci java/util/function/Predicate or (Ljava/util/function/Predicate;)Ljava/util/function/Predicate; 7 <appendix> member <vmtarget> ; # java/util/function/Predicate$$Lambda+0x00000000231c59f8
instanceKlass  @cpi java/util/function/Predicate 78 form vmentry <vmtarget> ; # java/lang/invoke/LambdaForm$DMH+0x00000000231a4c00
instanceKlass  @bci java/util/regex/Pattern asPredicate ()Ljava/util/function/Predicate; 1 <appendix> member <vmtarget> ; # java/util/regex/Pattern$$Lambda+0x00000000231c5798
instanceKlass  @bci java/util/regex/CharPredicates ASCII_WORD ()Ljava/util/regex/Pattern$BmpCharPredicate; 0 <appendix> argL0 ; # java/util/regex/CharPredicates$$Lambda+0x00000000231c5500
instanceKlass  @bci org/openqa/selenium/AcceptedW3CCapabilityKeys <clinit> ()V 99 <appendix> argL0 ; # org/openqa/selenium/AcceptedW3CCapabilityKeys$$Lambda+0x00000000231a6ba8
instanceKlass  @cpi org/openqa/selenium/AcceptedW3CCapabilityKeys 120 form vmentry <vmtarget> ; # java/lang/invoke/LambdaForm$DMH+0x00000000231a4800
instanceKlass  @bci org/openqa/selenium/AcceptedW3CCapabilityKeys <clinit> ()V 94 <appendix> argL0 ; # org/openqa/selenium/AcceptedW3CCapabilityKeys$$Lambda+0x00000000231a6950
instanceKlass  @bci org/openqa/selenium/AcceptedW3CCapabilityKeys <clinit> ()V 84 <appendix> argL0 ; # org/openqa/selenium/AcceptedW3CCapabilityKeys$$Lambda+0x00000000231a6708
instanceKlass  @bci org/openqa/selenium/AcceptedW3CCapabilityKeys <clinit> ()V 74 <appendix> argL0 ; # org/openqa/selenium/AcceptedW3CCapabilityKeys$$Lambda+0x00000000231a64c0
instanceKlass org/openqa/selenium/AcceptedW3CCapabilityKeys
instanceKlass  @bci org/openqa/selenium/remote/RemoteWebDriver checkNonW3CCapabilities (Lorg/openqa/selenium/Capabilities;)V 16 <appendix> argL0 ; # org/openqa/selenium/remote/RemoteWebDriver$$Lambda+0x00000000231a6000
instanceKlass java/util/TreeMap$TreeMapSpliterator
instanceKlass  @bci java/util/stream/StreamSpliterators$WrappingSpliterator forEachRemaining (Ljava/util/function/Consumer;)V 33 <appendix> member <vmtarget> ; # java/util/stream/StreamSpliterators$WrappingSpliterator$$Lambda+0x00000000231c4808
instanceKlass java/util/stream/StreamSpliterators
instanceKlass  @cpi java/util/stream/StreamSpliterators$WrappingSpliterator 151 form vmentry <vmtarget> ; # java/lang/invoke/LambdaForm$DMH+0x00000000231a4400
instanceKlass java/util/stream/StreamSpliterators$AbstractWrappingSpliterator
instanceKlass  @bci java/util/stream/AbstractPipeline spliterator ()Ljava/util/Spliterator; 103 <appendix> member <vmtarget> ; # java/util/stream/AbstractPipeline$$Lambda+0x00000000231c3e88
instanceKlass  @bci org/openqa/selenium/chromium/ChromiumOptions getExtraCapability (Ljava/lang/String;)Ljava/lang/Object; 103 <appendix> argL0 ; # org/openqa/selenium/chromium/ChromiumOptions$$Lambda+0x00000000231a3ce8
instanceKlass  @bci org/openqa/selenium/chromium/ChromiumOptions getExtraCapability (Ljava/lang/String;)Ljava/lang/Object; 38 <appendix> member <vmtarget> ; # org/openqa/selenium/chromium/ChromiumOptions$$Lambda+0x00000000231a3aa8
instanceKlass  @cpi org/openqa/selenium/chromium/ChromiumOptions 463 form vmentry <vmtarget> ; # java/lang/invoke/LambdaForm$DMH+0x00000000231a4000
instanceKlass  @bci org/openqa/selenium/remote/AbstractDriverOptions asMap ()Ljava/util/Map; 18 <appendix> member <vmtarget> ; # org/openqa/selenium/remote/AbstractDriverOptions$$Lambda+0x00000000231a3868
instanceKlass java/util/Collections$UnmodifiableMap$UnmodifiableEntrySet$UnmodifiableEntry
instanceKlass java/util/Collections$UnmodifiableMap$UnmodifiableEntrySet$1
instanceKlass org/openqa/selenium/remote/RemoteLogs
instanceKlass org/openqa/selenium/remote/RemoteExecuteMethod
instanceKlass org/openqa/selenium/WrapsDriver
instanceKlass org/openqa/selenium/remote/JsonToWebElementConverter
instanceKlass java/util/logging/ErrorManager
instanceKlass org/openqa/selenium/remote/UselessFileDetector
instanceKlass  @bci org/openqa/selenium/remote/ErrorCodes <clinit> ()V 728 <appendix> argL0 ; # org/openqa/selenium/remote/ErrorCodes$$Lambda+0x00000000231a2ae8
instanceKlass org/openqa/selenium/remote/ErrorCodes$KnownError
instanceKlass org/openqa/selenium/remote/ErrorCodes
instanceKlass org/openqa/selenium/remote/ErrorHandler
instanceKlass org/openqa/selenium/WebElement
instanceKlass org/openqa/selenium/By$Remotable$Parameters
instanceKlass org/openqa/selenium/internal/Require$ArgumentChecker
instanceKlass org/openqa/selenium/By$Remotable
instanceKlass jdk/internal/misc/CarrierThread$ForkJoinPools
instanceKlass org/openqa/selenium/By
instanceKlass jdk/internal/net/http/common/Log
instanceKlass org/openqa/selenium/remote/ElementLocation
instanceKlass  @bci org/openqa/selenium/remote/service/DriverCommandExecutor <init> (Lorg/openqa/selenium/remote/service/DriverService;Ljava/util/Map;Lorg/openqa/selenium/remote/http/ClientConfig;)V 16 <appendix> argL0 ; # org/openqa/selenium/remote/service/DriverCommandExecutor$$Lambda+0x0000000023139240
instanceKlass jdk/internal/net/http/RedirectFilter
instanceKlass jdk/internal/net/http/AuthenticationFilter
instanceKlass jdk/internal/net/http/HeaderFilter
instanceKlass jdk/internal/net/http/FilterFactory
instanceKlass  @bci java/lang/VirtualThread <init> (Ljava/util/concurrent/Executor;Ljava/lang/String;ILjava/lang/Runnable;)V 71 <appendix> member <vmtarget> ; # java/lang/VirtualThread$$Lambda+0x00000000231c2408
instanceKlass java/lang/VirtualThread$VThreadContinuation$1
instanceKlass  @bci java/lang/VirtualThread <clinit> ()V 121 <appendix> argL0 ; # java/lang/VirtualThread$$Lambda+0x00000000231c1d38
instanceKlass  @cpi java/lang/VirtualThread 918 form vmentry <vmtarget> ; # java/lang/invoke/LambdaForm$DMH+0x0000000023198800
instanceKlass  @bci java/lang/VirtualThread createDefaultScheduler ()Ljava/util/concurrent/ForkJoinPool; 124 <appendix> argL0 ; # java/lang/VirtualThread$$Lambda+0x00000000231c1ae0
instanceKlass  @bci java/lang/VirtualThread createDefaultScheduler ()Ljava/util/concurrent/ForkJoinPool; 101 <appendix> argL0 ; # java/lang/VirtualThread$$Lambda+0x00000000231c18b8
instanceKlass  @cpi java/lang/VirtualThread 910 form vmentry <vmtarget> ; # java/lang/invoke/LambdaForm$DMH+0x0000000023198400
instanceKlass  @bci java/lang/VirtualThread createDefaultScheduler ()Ljava/util/concurrent/ForkJoinPool; 0 <appendix> argL0 ; # java/lang/VirtualThread$$Lambda+0x00000000231c1690
instanceKlass java/lang/ThreadBuilders
instanceKlass java/lang/ThreadBuilders$BaseThreadBuilder
instanceKlass java/lang/Thread$Builder$OfVirtual
instanceKlass java/lang/Thread$Builder
instanceKlass jdk/internal/net/http/HttpClientImpl$1
instanceKlass java/nio/BufferMismatch
instanceKlass sun/nio/ch/UnixDomainSocketsUtil
instanceKlass sun/nio/ch/UnixDomainSockets
instanceKlass sun/nio/ch/PipeImpl$Initializer$LoopbackConnector
instanceKlass sun/nio/ch/PipeImpl$Initializer
instanceKlass java/nio/channels/Pipe
instanceKlass sun/nio/ch/WEPoll
instanceKlass sun/nio/ch/Util$2
instanceKlass java/nio/channels/spi/AbstractSelector$1
instanceKlass sun/nio/ch/DefaultSelectorProvider
instanceKlass java/nio/channels/spi/SelectorProvider$Holder
instanceKlass java/nio/channels/spi/SelectorProvider
instanceKlass java/nio/channels/Selector
instanceKlass jdk/internal/net/http/HttpClientImpl$SelectorManager
instanceKlass sun/security/ssl/SSLConfiguration$CustomizedServerSignatureSchemes
instanceKlass sun/security/ssl/QuicEngineOutputRecord$HandshakeFragment
instanceKlass sun/security/ssl/QuicKeyManager
instanceKlass sun/security/ssl/QuicTLSEngineImpl
instanceKlass jdk/internal/net/quic/QuicTLSEngine
instanceKlass jdk/internal/net/http/quic/QuicEndpoint$QuicEndpointFactory
instanceKlass  @bci jdk/internal/net/http/quic/QuicClient <init> (Ljdk/internal/net/http/quic/QuicClient$Builder;)V 6 <appendix> member <vmtarget> ; # jdk/internal/net/http/quic/QuicClient$$Lambda+0x0000000023196ac8
instanceKlass jdk/internal/net/http/quic/QuicEndpoint
instanceKlass jdk/internal/net/http/quic/QuicClient
instanceKlass jdk/internal/net/http/quic/QuicInstance
instanceKlass jdk/internal/net/http/quic/BuffersReader
instanceKlass jdk/internal/net/http/quic/VariableLengthEncoder
instanceKlass jdk/internal/net/http/quic/QuicTransportParameters
instanceKlass  @bci jdk/internal/net/http/Http3ClientImpl <init> (Ljdk/internal/net/http/HttpClientImpl;)V 157 <appendix> argL0 ; # jdk/internal/net/http/Http3ClientImpl$$Lambda+0x00000000231949a0
instanceKlass  @cpi jdk/internal/net/http/Http3ClientImpl 973 form vmentry <vmtarget> ; # java/lang/invoke/LambdaForm$DMH+0x0000000023198000
# instanceKlass java/lang/invoke/LambdaForm$DMH+0x0000000023188c00
instanceKlass jdk/internal/net/http/quic/QuicClient$Builder
instanceKlass jdk/internal/net/http/Http3ClientImpl$ConnectionRecovery
instanceKlass jdk/internal/net/http/Http3PendingConnections
instanceKlass jdk/internal/net/http/Http3ConnectionPool
instanceKlass  @bci jdk/internal/net/http/Http3ClientImpl <init> (Ljdk/internal/net/http/HttpClientImpl;)V 6 <appendix> member <vmtarget> ; # jdk/internal/net/http/Http3ClientImpl$$Lambda+0x0000000023193c78
instanceKlass jdk/internal/net/http/quic/QuicTransportParameters$TransportParameterId
instanceKlass jdk/internal/net/http/Http3ClientImpl
instanceKlass  @bci jdk/internal/net/http/Http2ClientImpl <clinit> ()V 3 <appendix> member <vmtarget> ; # jdk/internal/net/http/Http2ClientImpl$$Lambda+0x0000000023193610
instanceKlass jdk/internal/net/http/Http2ClientImpl
instanceKlass jdk/internal/net/http/ConnectionPool$ExpiryList
instanceKlass  @bci jdk/internal/net/http/ConnectionPool <init> (Ljava/lang/String;Ljdk/internal/net/http/common/TimeLine;)V 6 <appendix> member <vmtarget> ; # jdk/internal/net/http/ConnectionPool$$Lambda+0x0000000023192f60
instanceKlass jdk/internal/net/http/common/TimeSource$NanoSource
instanceKlass jdk/internal/net/http/common/TimeSource
instanceKlass jdk/internal/net/http/common/FlowTube$TubePublisher
instanceKlass jdk/internal/net/http/common/FlowTube$TubeSubscriber
instanceKlass jdk/internal/net/http/common/TimeLine
instanceKlass jdk/internal/net/http/ConnectionPool
instanceKlass  @bci jdk/internal/net/http/AltServicesRegistry <init> (J)V 6 <appendix> member <vmtarget> ; # jdk/internal/net/http/AltServicesRegistry$$Lambda+0x0000000023191b50
instanceKlass jdk/internal/net/http/AltServicesRegistry
instanceKlass  @bci jdk/internal/net/http/HttpClientImpl <init> (Ljdk/internal/net/http/HttpClientBuilderImpl;Ljdk/internal/net/http/HttpClientImpl$SingleFacadeFactory;)V 635 <appendix> argL0 ; # jdk/internal/net/http/HttpClientImpl$$Lambda+0x0000000023191708
instanceKlass  @bci jdk/internal/net/http/HttpClientFacade <init> (Ljdk/internal/net/http/HttpClientImpl;)V 19 <appendix> member <vmtarget> ; # jdk/internal/net/http/HttpClientFacade$$Lambda+0x00000000231914d8
instanceKlass  @bci jdk/internal/net/http/HttpClientImpl <init> (Ljdk/internal/net/http/HttpClientBuilderImpl;Ljdk/internal/net/http/HttpClientImpl$SingleFacadeFactory;)V 543 <appendix> member <vmtarget> ; # jdk/internal/net/http/HttpClientImpl$$Lambda+0x0000000023191298
instanceKlass  @bci jdk/internal/net/http/HttpClientImpl <init> (Ljdk/internal/net/http/HttpClientBuilderImpl;Ljdk/internal/net/http/HttpClientImpl$SingleFacadeFactory;)V 535 <appendix> member <vmtarget> ; # jdk/internal/net/http/HttpClientImpl$$Lambda+0x0000000023191068
instanceKlass java/util/function/BooleanSupplier
instanceKlass jdk/internal/net/http/common/Utils$SafeExecutor
instanceKlass jdk/internal/net/http/HttpClientImpl$DelegatingExecutor
instanceKlass  @bci jdk/internal/net/http/HttpClientImpl <init> (Ljdk/internal/net/http/HttpClientBuilderImpl;Ljdk/internal/net/http/HttpClientImpl$SingleFacadeFactory;)V 343 <appendix> member <vmtarget> ; # jdk/internal/net/http/HttpClientImpl$$Lambda+0x00000000231906f8
instanceKlass sun/security/ssl/SSLConfiguration$1
instanceKlass javax/net/ssl/SSLParameters
instanceKlass sun/security/ssl/DTLSRecord
instanceKlass sun/security/ssl/SessionId
instanceKlass javax/net/ssl/ExtendedSSLSession
instanceKlass sun/security/ssl/NamedGroup$SupportedGroups
instanceKlass sun/security/util/KeyUtil
instanceKlass  @bci sun/security/util/DisabledAlgorithmConstraints permits (Ljava/lang/String;Ljava/util/Set;)Z 20 <appendix> member <vmtarget> ; # sun/security/util/DisabledAlgorithmConstraints$$Lambda+0x0000000023176c10
instanceKlass  @bci sun/security/ssl/SignatureScheme$SupportedSigSchemes <clinit> ()V 26 <appendix> argL0 ; # sun/security/ssl/SignatureScheme$SupportedSigSchemes$$Lambda+0x00000000231769e8
instanceKlass  @bci sun/security/ssl/SignatureScheme$SupportedSigSchemes <clinit> ()V 16 <appendix> argL0 ; # sun/security/ssl/SignatureScheme$SupportedSigSchemes$$Lambda+0x00000000231767a0
instanceKlass  @bci sun/security/ssl/SignatureScheme$SupportedSigSchemes <clinit> ()V 6 <appendix> argL0 ; # sun/security/ssl/SignatureScheme$SupportedSigSchemes$$Lambda+0x0000000023176548
instanceKlass java/security/spec/MGF1ParameterSpec
instanceKlass sun/security/ec/ParametersMap$1
instanceKlass  @bci sun/security/ec/ed/EdDSAParameters <clinit> ()V 268 <appendix> argL0 ; # sun/security/ec/ed/EdDSAParameters$$Lambda+0x0000000023173e78
instanceKlass sun/security/ec/ed/EdDSAParameters$SHAKE256DigesterFactory
instanceKlass sun/security/ec/point/ProjectivePoint
instanceKlass  @bci sun/security/ec/ed/EdDSAParameters <clinit> ()V 117 <appendix> argL0 ; # sun/security/ec/ed/EdDSAParameters$$Lambda+0x0000000023172b38
instanceKlass sun/security/ec/ed/EdDSAParameters$SHA512DigesterFactory
instanceKlass sun/security/ec/ed/EdDSAParameters$DigesterFactory
instanceKlass sun/security/util/math/IntegerMontgomeryFieldModuloP
instanceKlass sun/security/ec/point/ExtendedHomogeneousPoint
instanceKlass sun/security/ec/point/ImmutablePoint
instanceKlass sun/security/ec/point/Point
instanceKlass sun/security/ec/point/AffinePoint
instanceKlass sun/security/util/math/intpoly/IntegerPolynomial$Limb
instanceKlass sun/security/util/math/SmallValue
instanceKlass sun/security/ec/ed/EdECOperations
instanceKlass sun/security/util/math/intpoly/IntegerPolynomial$Element
instanceKlass sun/security/util/math/ImmutableIntegerModuloP
instanceKlass sun/security/util/math/IntegerModuloP
instanceKlass sun/security/util/math/intpoly/IntegerPolynomial
instanceKlass sun/security/util/math/IntegerFieldModuloP
instanceKlass sun/security/ec/ParametersMap
instanceKlass sun/security/ec/ed/EdDSAParameters
instanceKlass  @bci sun/security/ec/ed/EdDSASignature <init> (Ljava/security/spec/NamedParameterSpec;)V 27 <appendix> argL0 ; # sun/security/ec/ed/EdDSASignature$$Lambda+0x000000002316f198
instanceKlass java/security/spec/EdDSAParameterSpec
instanceKlass javax/crypto/spec/DHParameterSpec
instanceKlass sun/security/ssl/PredefinedDHParameterSpecs
instanceKlass sun/security/smartcardio/SunPCSC$1
instanceKlass org/jcp/xml/dsig/internal/dom/XMLDSigRI$2
instanceKlass org/jcp/xml/dsig/internal/dom/XMLDSigRI$1
instanceKlass  @bci sun/security/pkcs11/SunPKCS11 register (Lsun/security/pkcs11/SunPKCS11$Descriptor;)V 27 <appendix> argL0 ; # sun/security/pkcs11/SunPKCS11$$Lambda+0x000000002318aba8
instanceKlass sun/security/pkcs11/SunPKCS11$Descriptor
instanceKlass javax/security/auth/callback/CallbackHandler
instanceKlass javax/security/auth/Subject
instanceKlass sun/security/jca/ProviderConfig$ProviderLoader
instanceKlass sun/security/ssl/SignatureScheme$SupportedSigSchemes
instanceKlass sun/security/ssl/SSLConfiguration$CustomizedClientSignatureSchemes
instanceKlass javax/crypto/KeyGeneratorSpi
instanceKlass javax/crypto/KeyGenerator
instanceKlass sun/security/ssl/SSLConfiguration
instanceKlass sun/security/ssl/SSLCipher$SSLWriteCipher
instanceKlass sun/security/ssl/KeyUpdate$KeyUpdateProducer
instanceKlass sun/security/ssl/KeyUpdate$KeyUpdateConsumer
instanceKlass sun/security/ssl/KeyUpdate$KeyUpdateKickstartProducer
instanceKlass sun/security/ssl/KeyUpdate
instanceKlass sun/security/ssl/CertificateStatus$CertificateStatusAbsence
instanceKlass sun/security/ssl/HandshakeAbsence
instanceKlass sun/security/ssl/CertificateStatus$CertificateStatusProducer
instanceKlass sun/security/ssl/CertificateStatus$CertificateStatusConsumer
instanceKlass sun/security/ssl/CertificateStatus
instanceKlass sun/security/ssl/Finished$T13FinishedProducer
instanceKlass sun/security/ssl/Finished$T13FinishedConsumer
instanceKlass sun/security/ssl/Finished$T12FinishedProducer
instanceKlass sun/security/ssl/Finished$T12FinishedConsumer
instanceKlass sun/security/ssl/Finished
instanceKlass sun/security/ssl/ClientKeyExchange$ClientKeyExchangeProducer
instanceKlass sun/security/ssl/ClientKeyExchange$ClientKeyExchangeConsumer
instanceKlass sun/security/ssl/ClientKeyExchange
instanceKlass sun/security/ssl/CertificateVerify$T13CertificateVerifyProducer
instanceKlass sun/security/ssl/CertificateVerify$T13CertificateVerifyConsumer
instanceKlass sun/security/ssl/CertificateVerify$T12CertificateVerifyProducer
instanceKlass sun/security/ssl/CertificateVerify$T12CertificateVerifyConsumer
instanceKlass sun/security/ssl/CertificateVerify$T10CertificateVerifyProducer
instanceKlass sun/security/ssl/CertificateVerify$T10CertificateVerifyConsumer
instanceKlass sun/security/ssl/CertificateVerify$S30CertificateVerifyProducer
instanceKlass sun/security/ssl/CertificateVerify$S30CertificateVerifyConsumer
instanceKlass sun/security/ssl/CertificateVerify
instanceKlass sun/security/ssl/ServerHelloDone$ServerHelloDoneProducer
instanceKlass sun/security/ssl/ServerHelloDone$ServerHelloDoneConsumer
instanceKlass sun/security/ssl/ServerHelloDone
instanceKlass sun/security/ssl/CertificateRequest$T13CertificateRequestProducer
instanceKlass sun/security/ssl/CertificateRequest$T13CertificateRequestConsumer
instanceKlass sun/security/ssl/CertificateRequest$T12CertificateRequestProducer
instanceKlass sun/security/ssl/CertificateRequest$T12CertificateRequestConsumer
instanceKlass sun/security/ssl/CertificateRequest$T10CertificateRequestProducer
instanceKlass sun/security/ssl/CertificateRequest$T10CertificateRequestConsumer
instanceKlass sun/security/ssl/CertificateRequest
instanceKlass sun/security/ssl/ServerKeyExchange$ServerKeyExchangeProducer
instanceKlass sun/security/ssl/ServerKeyExchange$ServerKeyExchangeConsumer
instanceKlass sun/security/ssl/ServerKeyExchange
instanceKlass sun/security/ssl/CertificateMessage$T13CertificateProducer
instanceKlass sun/security/ssl/CertificateMessage$T13CertificateConsumer
instanceKlass sun/security/ssl/CertificateMessage$T12CertificateProducer
instanceKlass sun/security/ssl/CertificateMessage$T12CertificateConsumer
instanceKlass sun/security/ssl/CertificateMessage
instanceKlass sun/security/ssl/EncryptedExtensions$EncryptedExtensionsConsumer
instanceKlass sun/security/ssl/EncryptedExtensions$EncryptedExtensionsProducer
instanceKlass sun/security/ssl/EncryptedExtensions
instanceKlass sun/security/ssl/NewSessionTicket$T12NewSessionTicketProducer
instanceKlass sun/security/ssl/NewSessionTicket$T13NewSessionTicketProducer
instanceKlass sun/security/ssl/NewSessionTicket$T12NewSessionTicketConsumer
instanceKlass sun/security/ssl/NewSessionTicket$T13NewSessionTicketConsumer
instanceKlass sun/security/ssl/NewSessionTicket
instanceKlass sun/security/ssl/HelloVerifyRequest$HelloVerifyRequestProducer
instanceKlass sun/security/ssl/HelloVerifyRequest$HelloVerifyRequestConsumer
instanceKlass sun/security/ssl/HelloVerifyRequest
instanceKlass sun/security/ssl/ServerHello$T13HelloRetryRequestConsumer
instanceKlass sun/security/ssl/ServerHello$T13ServerHelloConsumer
instanceKlass sun/security/ssl/ServerHello$T12ServerHelloConsumer
instanceKlass sun/security/ssl/ServerHello$T13HelloRetryRequestReproducer
instanceKlass sun/security/ssl/ServerHello$T13HelloRetryRequestProducer
instanceKlass sun/security/ssl/ServerHello$T13ServerHelloProducer
instanceKlass sun/security/ssl/ServerHello$T12ServerHelloProducer
instanceKlass sun/security/ssl/ServerHello$ServerHelloConsumer
instanceKlass sun/security/ssl/ServerHello
instanceKlass sun/security/ssl/ClientHello$D13ClientHelloConsumer
instanceKlass sun/security/ssl/ClientHello$D12ClientHelloConsumer
instanceKlass sun/security/ssl/ClientHello$T13ClientHelloConsumer
instanceKlass sun/security/ssl/ClientHello$T12ClientHelloConsumer
instanceKlass sun/security/ssl/HandshakeConsumer
instanceKlass sun/security/ssl/ClientHello$ClientHelloProducer
instanceKlass sun/security/ssl/ClientHello$ClientHelloConsumer
instanceKlass sun/security/ssl/ClientHello$ClientHelloKickstartProducer
instanceKlass sun/security/ssl/ClientHello
instanceKlass sun/security/ssl/HelloRequest$HelloRequestProducer
instanceKlass sun/security/ssl/HelloRequest$HelloRequestConsumer
instanceKlass sun/security/ssl/HelloRequest$HelloRequestKickstartProducer
instanceKlass sun/security/ssl/SSLProducer
instanceKlass sun/security/ssl/HelloRequest
instanceKlass sun/security/ssl/HandshakeProducer
instanceKlass sun/security/ssl/SSLConsumer
instanceKlass sun/security/ssl/Authenticator$MacImpl
instanceKlass sun/security/ssl/Authenticator$MAC
instanceKlass sun/security/ssl/Authenticator
instanceKlass sun/security/ssl/SSLCipher$SSLReadCipher
instanceKlass sun/security/ssl/InputRecord
instanceKlass sun/security/ssl/SSLRecord
instanceKlass sun/security/ssl/Record
instanceKlass sun/security/ssl/TransportContext
instanceKlass sun/security/ssl/ConnectionContext
instanceKlass sun/security/ssl/HandshakeHash$CacheOnlyHash
instanceKlass sun/security/ssl/HandshakeHash$TranscriptHash
instanceKlass sun/security/ssl/HandshakeHash
instanceKlass java/net/SocksConsts
instanceKlass sun/security/ssl/SSLTransport
instanceKlass jdk/internal/net/quic/QuicTLSContext
instanceKlass javax/net/ssl/KeyManagerFactorySpi
instanceKlass sun/security/ssl/SSLContextImpl$DefaultManagersHolder
instanceKlass  @bci jdk/internal/net/http/HttpClientImpl <init> (Ljdk/internal/net/http/HttpClientBuilderImpl;Ljdk/internal/net/http/HttpClientImpl$SingleFacadeFactory;)V 275 <appendix> argL0 ; # jdk/internal/net/http/HttpClientImpl$$Lambda+0x000000002318f098
instanceKlass  @bci jdk/internal/net/http/SocketTube$InternalReadPublisher$InternalReadSubscription request (J)V 82 <appendix> form vmentry <vmtarget> ; # java/lang/invoke/LambdaForm$MH+0x0000000023188800
instanceKlass jdk/internal/net/http/common/HttpBodySubscriberWrapper$1
instanceKlass  @bci jdk/internal/net/http/common/HttpBodySubscriberWrapper <clinit> ()V 16 <appendix> argL0 ; # jdk/internal/net/http/common/HttpBodySubscriberWrapper$$Lambda+0x000000002318e7c0
instanceKlass java/util/concurrent/Flow$Subscription
instanceKlass jdk/internal/net/http/common/HttpBodySubscriberWrapper
instanceKlass jdk/internal/net/http/ResponseSubscribers$TrustedSubscriber
instanceKlass java/net/http/HttpResponse$BodySubscriber
instanceKlass java/util/concurrent/Flow$Subscriber
instanceKlass  @bci jdk/internal/net/http/HttpConnection <clinit> ()V 30 <appendix> argL0 ; # jdk/internal/net/http/HttpConnection$$Lambda+0x000000002318de68
instanceKlass  @bci jdk/internal/net/http/HttpConnection <clinit> ()V 16 <appendix> argL0 ; # jdk/internal/net/http/HttpConnection$$Lambda+0x000000002318dc40
instanceKlass jdk/internal/net/http/HttpClientImpl$SSLDirectBufferSupplier
instanceKlass  @bci jdk/internal/net/http/HttpClientImpl <init> (Ljdk/internal/net/http/HttpClientBuilderImpl;Ljdk/internal/net/http/HttpClientImpl$SingleFacadeFactory;)V 38 <appendix> member <vmtarget> ; # jdk/internal/net/http/HttpClientImpl$$Lambda+0x000000002318c460
instanceKlass  @bci jdk/internal/net/http/HttpClientImpl <init> (Ljdk/internal/net/http/HttpClientBuilderImpl;Ljdk/internal/net/http/HttpClientImpl$SingleFacadeFactory;)V 22 <appendix> member <vmtarget> ; # jdk/internal/net/http/HttpClientImpl$$Lambda+0x000000002318c230
instanceKlass  @bci jdk/internal/net/http/common/DebugLogger <clinit> ()V 79 <appendix> member <vmtarget> ; # jdk/internal/net/http/common/DebugLogger$$Lambda+0x000000002318c000
instanceKlass  @bci jdk/internal/net/http/common/DebugLogger <clinit> ()V 56 <appendix> member <vmtarget> ; # jdk/internal/net/http/common/DebugLogger$$Lambda+0x0000000023187c10
# instanceKlass java/lang/invoke/LambdaForm$MH+0x0000000023188400
# instanceKlass java/lang/invoke/LambdaForm$MH+0x0000000023188000
instanceKlass java/lang/invoke/LambdaFormEditor$1
instanceKlass  @bci jdk/internal/net/http/common/DebugLogger$LoggerConfig equals (Ljava/lang/Object;)Z 2 <appendix> form vmentry <vmtarget> ; # java/lang/invoke/LambdaForm$MH+0x0000000023185c00
instanceKlass java/lang/classfile/CodeBuilder$1
instanceKlass  @bci jdk/internal/net/http/common/DebugLogger$LoggerConfig equals (Ljava/lang/Object;)Z 2 <appendix> argL1 form vmentry <vmtarget> ; # java/lang/invoke/LambdaForm$MH+0x0000000023185800
instanceKlass java/lang/invoke/MethodHandleImpl$Makers$2
instanceKlass java/lang/invoke/MethodHandleImpl$Makers$1
instanceKlass java/lang/invoke/MethodHandleImpl$Makers
instanceKlass java/lang/invoke/MethodHandleImpl$CasesHolder
instanceKlass java/lang/invoke/MethodHandleImpl$LoopClauses
# instanceKlass java/lang/invoke/LambdaForm$MH+0x0000000023185400
# instanceKlass java/lang/invoke/LambdaForm$MH+0x0000000023185000
# instanceKlass java/lang/invoke/LambdaForm$MH+0x0000000023184c00
instanceKlass  @bci java/lang/runtime/ObjectMethods bootstrap (Ljava/lang/invoke/MethodHandles$Lookup;Ljava/lang/String;Ljava/lang/invoke/TypeDescriptor;Ljava/lang/Class;Ljava/lang/String;[Ljava/lang/invoke/MethodHandle;)Ljava/lang/Object; 37 <appendix> argL0 ; # java/lang/runtime/ObjectMethods$$Lambda+0x800000019
# instanceKlass java/lang/invoke/LambdaForm$MH+0x0000000023184800
# instanceKlass java/lang/invoke/LambdaForm$MH+0x0000000023184400
instanceKlass sun/invoke/util/ValueConversions$WrapperCache
instanceKlass java/lang/invoke/MethodHandleImpl$2
instanceKlass java/lang/runtime/ObjectMethods
instanceKlass  @bci jdk/internal/net/http/common/DebugLogger <clinit> ()V 33 <appendix> member <vmtarget> ; # jdk/internal/net/http/common/DebugLogger$$Lambda+0x00000000231879e0
instanceKlass jdk/internal/net/http/common/DebugLogger
instanceKlass  @bci jdk/internal/net/http/HttpClientImpl <init> (Ljdk/internal/net/http/HttpClientBuilderImpl;Ljdk/internal/net/http/HttpClientImpl$SingleFacadeFactory;)V 6 <appendix> member <vmtarget> ; # jdk/internal/net/http/HttpClientImpl$$Lambda+0x0000000023187470
instanceKlass jdk/internal/net/http/HttpClientImpl$SingleFacadeFactory
instanceKlass java/util/concurrent/CompletableFuture$AsynchronousCompletionTask
instanceKlass java/util/concurrent/CompletableFuture$AltResult
instanceKlass  @bci jdk/internal/net/http/common/Utils useVTForSelector (Ljava/lang/String;Ljava/lang/String;)Ljdk/internal/net/http/common/Utils$UseVTForSelector; 13 <appendix> member <vmtarget> ; # jdk/internal/net/http/common/Utils$$Lambda+0x0000000023186ff8
instanceKlass  @bci jdk/internal/net/http/common/Utils <clinit> ()V 342 <appendix> argL0 ; # jdk/internal/net/http/common/Utils$$Lambda+0x0000000023186950
instanceKlass  @bci jdk/internal/net/http/common/Utils <clinit> ()V 334 <appendix> argL0 ; # jdk/internal/net/http/common/Utils$$Lambda+0x00000000231866f8
instanceKlass  @bci jdk/internal/net/http/common/Utils <clinit> ()V 326 <appendix> argL0 ; # jdk/internal/net/http/common/Utils$$Lambda+0x00000000231864a0
instanceKlass  @bci java/util/stream/Collectors toUnmodifiableSet ()Ljava/util/stream/Collector; 19 <appendix> argL0 ; # java/util/stream/Collectors$$Lambda+0x0000000023157618
instanceKlass  @bci java/util/stream/Collectors toUnmodifiableSet ()Ljava/util/stream/Collector; 14 <appendix> argL0 ; # java/util/stream/Collectors$$Lambda+0x00000000231573c8
instanceKlass  @bci java/util/stream/Collectors toUnmodifiableSet ()Ljava/util/stream/Collector; 9 <appendix> argL0 ; # java/util/stream/Collectors$$Lambda+0x0000000023157190
instanceKlass  @bci java/util/stream/Collectors toUnmodifiableSet ()Ljava/util/stream/Collector; 4 <appendix> argL0 ; # java/util/stream/Collectors$$Lambda+0x0000000023156f68
instanceKlass  @bci jdk/internal/net/http/common/Utils <clinit> ()V 302 <appendix> argL0 ; # jdk/internal/net/http/common/Utils$$Lambda+0x0000000023186248
instanceKlass  @bci jdk/internal/net/http/common/Utils <clinit> ()V 292 <appendix> argL0 ; # jdk/internal/net/http/common/Utils$$Lambda+0x0000000023186000
instanceKlass  @bci jdk/internal/net/http/common/Utils <clinit> ()V 198 <appendix> argL0 ; # jdk/internal/net/http/common/Utils$$Lambda+0x0000000023183da0
instanceKlass  @bci java/util/function/Predicate negate ()Ljava/util/function/Predicate; 1 <appendix> member <vmtarget> ; # java/util/function/Predicate$$Lambda+0x0000000023156d08
instanceKlass  @cpi java/util/function/Predicate 75 form vmentry <vmtarget> ; # java/lang/invoke/LambdaForm$DMH+0x0000000023184000
instanceKlass  @bci jdk/internal/net/http/common/Utils <clinit> ()V 179 <appendix> argL0 ; # jdk/internal/net/http/common/Utils$$Lambda+0x0000000023183b48
instanceKlass  @bci jdk/internal/net/http/common/Utils <clinit> ()V 171 <appendix> member <vmtarget> ; # jdk/internal/net/http/common/Utils$$Lambda+0x00000000231838e8
instanceKlass  @bci jdk/internal/net/http/common/Utils <clinit> ()V 161 <appendix> argL0 ; # jdk/internal/net/http/common/Utils$$Lambda+0x0000000023183690
instanceKlass  @bci jdk/internal/net/http/common/Utils <clinit> ()V 153 <appendix> argL0 ; # jdk/internal/net/http/common/Utils$$Lambda+0x0000000023183438
instanceKlass  @bci jdk/internal/net/http/common/Utils <clinit> ()V 139 <appendix> argL0 ; # jdk/internal/net/http/common/Utils$$Lambda+0x00000000231831e0
instanceKlass  @bci jdk/internal/net/http/common/Utils <clinit> ()V 125 <appendix> argL0 ; # jdk/internal/net/http/common/Utils$$Lambda+0x0000000023182f88
instanceKlass jdk/internal/net/http/common/Logger
instanceKlass jdk/internal/net/http/common/Utils
instanceKlass java/util/concurrent/CompletableFuture
instanceKlass java/util/concurrent/CompletionStage
instanceKlass jdk/internal/net/http/HttpConnection
instanceKlass jdk/internal/net/http/common/BufferSupplier
instanceKlass jdk/internal/net/http/common/OperationTrackers$Tracker
instanceKlass java/net/http/WebSocket$Builder
instanceKlass jdk/internal/net/http/websocket/WebSocketRequest
instanceKlass java/net/http/HttpRequest
instanceKlass jdk/internal/net/http/common/OperationTrackers$Trackable
instanceKlass jdk/internal/net/http/HttpClientBuilderImpl
instanceKlass java/net/http/HttpClient$Builder
instanceKlass java/net/http/HttpClient
instanceKlass java/util/concurrent/Executors$DefaultThreadFactory
instanceKlass  @bci org/openqa/selenium/remote/http/Filter andFinally (Lorg/openqa/selenium/remote/http/HttpHandler;)Lorg/openqa/selenium/remote/http/HttpHandler; 9 <appendix> member <vmtarget> ; # org/openqa/selenium/remote/http/Filter$$Lambda+0x0000000023139000
instanceKlass  @bci org/openqa/selenium/remote/http/jdk/JdkHttpClient <init> (Lorg/openqa/selenium/remote/http/ClientConfig;)V 48 <appendix> member <vmtarget> ; # org/openqa/selenium/remote/http/jdk/JdkHttpClient$$Lambda+0x000000002313bc08
instanceKlass java/util/concurrent/Flow$Publisher
instanceKlass org/openqa/selenium/remote/http/jdk/JdkHttpMessages
instanceKlass org/openqa/selenium/remote/http/WebSocket
instanceKlass java/net/http/WebSocket$Listener
instanceKlass java/net/Authenticator
instanceKlass org/openqa/selenium/remote/http/jdk/JdkHttpClient
instanceKlass org/openqa/selenium/logging/LocalLogs
instanceKlass org/openqa/selenium/remote/http/HttpClientName
instanceKlass org/openqa/selenium/remote/http/jdk/JdkHttpClient$Factory
instanceKlass  @bci org/openqa/selenium/remote/http/HttpClient$Factory create (Ljava/lang/String;)Lorg/openqa/selenium/remote/http/HttpClient$Factory; 30 <appendix> member <vmtarget> ; # org/openqa/selenium/remote/http/HttpClient$Factory$$Lambda+0x000000002313f470
instanceKlass  @bci org/openqa/selenium/remote/http/HttpClient$Factory create (Ljava/lang/String;)Lorg/openqa/selenium/remote/http/HttpClient$Factory; 19 <appendix> argL0 ; # org/openqa/selenium/remote/http/HttpClient$Factory$$Lambda+0x000000002313f218
instanceKlass org/openqa/selenium/remote/http/HttpClient
instanceKlass org/openqa/selenium/remote/HttpCommandExecutor$DefaultClientFactoryHolder
instanceKlass  @bci org/openqa/selenium/chromium/ChromiumDriverCommandExecutor getExtraCommands (Ljava/util/Map;)Ljava/util/Map; 65 <appendix> argL0 ; # org/openqa/selenium/chromium/ChromiumDriverCommandExecutor$$Lambda+0x000000002313ebb8
instanceKlass  @bci org/openqa/selenium/chromium/ChromiumDriverCommandExecutor getExtraCommands (Ljava/util/Map;)Ljava/util/Map; 60 <appendix> argL0 ; # org/openqa/selenium/chromium/ChromiumDriverCommandExecutor$$Lambda+0x000000002313e970
instanceKlass  @bci org/openqa/selenium/chromium/ChromiumDriverCommandExecutor getExtraCommands (Ljava/util/Map;)Ljava/util/Map; 50 <appendix> argL0 ; # org/openqa/selenium/chromium/ChromiumDriverCommandExecutor$$Lambda+0x000000002313e728
instanceKlass org/openqa/selenium/chromium/AddHasLaunchApp
instanceKlass org/openqa/selenium/chromium/AddHasPermissions
instanceKlass org/openqa/selenium/chromium/AddHasNetworkConditions
instanceKlass  @bci java/util/function/Function andThen (Ljava/util/function/Function;)Ljava/util/function/Function; 7 <appendix> member <vmtarget> ; # java/util/function/Function$$Lambda+0x0000000023154cc8
instanceKlass  @cpi org/openqa/selenium/remote/http/Filter 84 form vmentry <vmtarget> ; # java/lang/invoke/LambdaForm$DMH+0x0000000023138400
instanceKlass  @bci java/util/stream/Collectors toUnmodifiableMap (Ljava/util/function/Function;Ljava/util/function/Function;)Ljava/util/stream/Collector; 21 <appendix> argL0 ; # java/util/stream/Collectors$$Lambda+0x0000000023154a80
instanceKlass  @bci org/openqa/selenium/chrome/ChromeDriver$ChromeDriverCommandExecutor getExtraCommands ()Ljava/util/Map; 48 <appendix> argL0 ; # org/openqa/selenium/chrome/ChromeDriver$ChromeDriverCommandExecutor$$Lambda+0x000000002313dd78
instanceKlass  @bci org/openqa/selenium/chrome/ChromeDriver$ChromeDriverCommandExecutor getExtraCommands ()Ljava/util/Map; 43 <appendix> argL0 ; # org/openqa/selenium/chrome/ChromeDriver$ChromeDriverCommandExecutor$$Lambda+0x000000002313db30
instanceKlass  @bci org/openqa/selenium/chrome/ChromeDriver$ChromeDriverCommandExecutor getExtraCommands ()Ljava/util/Map; 33 <appendix> argL0 ; # org/openqa/selenium/chrome/ChromeDriver$ChromeDriverCommandExecutor$$Lambda+0x000000002313d8e8
instanceKlass org/openqa/selenium/chromium/AddHasCdp
instanceKlass org/openqa/selenium/remote/CommandInfo
instanceKlass org/openqa/selenium/chromium/AddHasCasting
instanceKlass org/openqa/selenium/remote/AdditionalHttpCommands
instanceKlass org/openqa/selenium/remote/AugmenterProvider
instanceKlass org/openqa/selenium/logging/LogEntry
instanceKlass org/openqa/selenium/remote/HttpCommandExecutor
instanceKlass org/openqa/selenium/logging/NeedsLocalLogs
instanceKlass org/openqa/selenium/manager/SeleniumManagerOutput$Result
instanceKlass org/openqa/selenium/remote/service/DriverFinder
instanceKlass org/openqa/selenium/BuildInfo
instanceKlass org/openqa/selenium/remote/http/AddSeleniumUserAgent
instanceKlass  @bci org/openqa/selenium/remote/http/RetryRequest <clinit> ()V 83 <appendix> argL0 ; # org/openqa/selenium/remote/http/RetryRequest$$Lambda+0x0000000023135c68
instanceKlass  @bci org/openqa/selenium/remote/http/RetryRequest <clinit> ()V 68 <appendix> argL0 ; # org/openqa/selenium/remote/http/RetryRequest$$Lambda+0x0000000023135a40
instanceKlass  @bci dev/failsafe/FailurePolicyBuilder resultPredicateFor (Ldev/failsafe/function/CheckedPredicate;)Ldev/failsafe/function/CheckedBiPredicate; 1 <appendix> member <vmtarget> ; # dev/failsafe/FailurePolicyBuilder$$Lambda+0x0000000023135810
instanceKlass  @bci org/openqa/selenium/remote/http/RetryRequest <clinit> ()V 57 <appendix> argL0 ; # org/openqa/selenium/remote/http/RetryRequest$$Lambda+0x00000000231355e8
instanceKlass dev/failsafe/internal/RetryPolicyImpl
instanceKlass dev/failsafe/spi/DelayablePolicy
instanceKlass  @bci org/openqa/selenium/remote/http/RetryRequest <clinit> ()V 40 <appendix> argL0 ; # org/openqa/selenium/remote/http/RetryRequest$$Lambda+0x0000000023134c28
instanceKlass  @cpi org/openqa/selenium/support/ui/Sleeper 48 form vmentry <vmtarget> ; # java/lang/invoke/LambdaForm$DMH+0x0000000023138000
instanceKlass dev/failsafe/event/EventListener
instanceKlass  @bci dev/failsafe/FailurePolicyBuilder failurePredicateFor (Ldev/failsafe/function/CheckedPredicate;)Ldev/failsafe/function/CheckedBiPredicate; 1 <appendix> member <vmtarget> ; # dev/failsafe/FailurePolicyBuilder$$Lambda+0x00000000231347f0
instanceKlass dev/failsafe/function/CheckedBiPredicate
instanceKlass  @bci org/openqa/selenium/remote/http/RetryRequest <clinit> ()V 25 <appendix> argL0 ; # org/openqa/selenium/remote/http/RetryRequest$$Lambda+0x00000000231343c0
instanceKlass dev/failsafe/function/CheckedPredicate
instanceKlass dev/failsafe/RetryPolicy
instanceKlass  @bci dev/failsafe/Functions toFn (Ldev/failsafe/function/CheckedSupplier;)Ldev/failsafe/function/CheckedFunction; 1 <appendix> member <vmtarget> ; # dev/failsafe/Functions$$Lambda+0x0000000023133250
instanceKlass dev/failsafe/ExecutionContext
instanceKlass dev/failsafe/Functions
instanceKlass dev/failsafe/internal/util/Assert
instanceKlass dev/failsafe/PolicyBuilder
instanceKlass dev/failsafe/PolicyListeners
instanceKlass  @bci dev/failsafe/internal/FallbackImpl <clinit> ()V 0 <appendix> argL0 ; # dev/failsafe/internal/FallbackImpl$$Lambda+0x0000000023131e40
instanceKlass dev/failsafe/function/CheckedSupplier
instanceKlass dev/failsafe/spi/PolicyExecutor
instanceKlass dev/failsafe/internal/FallbackImpl
instanceKlass dev/failsafe/spi/FailurePolicy
instanceKlass dev/failsafe/PolicyConfig
instanceKlass dev/failsafe/Fallback
instanceKlass  @bci org/openqa/selenium/remote/http/RetryRequest <clinit> ()V 11 <appendix> argL0 ; # org/openqa/selenium/remote/http/RetryRequest$$Lambda+0x0000000023130798
instanceKlass org/openqa/selenium/remote/http/HttpMessage
instanceKlass dev/failsafe/event/ExecutionEvent
instanceKlass dev/failsafe/function/CheckedFunction
instanceKlass dev/failsafe/Policy
instanceKlass org/openqa/selenium/remote/http/Routable
instanceKlass org/openqa/selenium/remote/http/HttpHandler
instanceKlass org/openqa/selenium/remote/http/RetryRequest
instanceKlass org/openqa/selenium/remote/http/Filter
instanceKlass org/openqa/selenium/remote/http/ClientConfig
instanceKlass org/openqa/selenium/SharedCapabilitiesMethods
instanceKlass  @bci org/openqa/selenium/remote/Browser <clinit> ()V 62 <appendix> argL0 ; # org/openqa/selenium/remote/Browser$$Lambda+0x000000002312e8d0
instanceKlass org/openqa/selenium/remote/Browser$3
instanceKlass  @bci org/openqa/selenium/remote/Browser <clinit> ()V 44 <appendix> argL0 ; # org/openqa/selenium/remote/Browser$$Lambda+0x000000002312e418
instanceKlass  @bci org/openqa/selenium/remote/Browser <clinit> ()V 36 <appendix> argL0 ; # org/openqa/selenium/remote/Browser$$Lambda+0x000000002312e1c0
instanceKlass  @bci org/openqa/selenium/remote/Browser <clinit> ()V 28 <appendix> argL0 ; # org/openqa/selenium/remote/Browser$$Lambda+0x000000002312df68
instanceKlass  @bci org/openqa/selenium/remote/Browser <clinit> ()V 20 <appendix> argL0 ; # org/openqa/selenium/remote/Browser$$Lambda+0x000000002312dd10
instanceKlass org/openqa/selenium/remote/Browser$2
instanceKlass org/openqa/selenium/remote/Browser$1
instanceKlass org/openqa/selenium/remote/Browser
instanceKlass org/openqa/selenium/MutableCapabilities
instanceKlass org/openqa/selenium/internal/Require
instanceKlass  @bci org/openqa/selenium/remote/service/DriverService <init> (Ljava/io/File;ILjava/time/Duration;Ljava/util/List;Ljava/util/Map;)V 6 <appendix> argL0 ; # org/openqa/selenium/remote/service/DriverService$$Lambda+0x000000002312c470
instanceKlass java/net/InetSocketAddress$InetSocketAddressHolder
instanceKlass java/util/concurrent/ThreadLocalRandom$Access$1
instanceKlass jdk/internal/access/JavaUtilConcurrentTLRAccess
instanceKlass java/util/concurrent/ThreadLocalRandom$Access
instanceKlass java/net/InetAddress$CachedLookup
instanceKlass sun/net/InetAddressCachePolicy
instanceKlass  @bci java/net/InetAddress getAddressesFromNameService (Ljava/lang/String;)[Ljava/net/InetAddress; 94 <appendix> argL0 ; # java/net/InetAddress$$Lambda+0x00000000231538d8
instanceKlass  @bci java/net/InetAddress loadResolver ()Ljava/net/spi/InetAddressResolver; 8 <appendix> argL0 ; # java/net/InetAddress$$Lambda+0x0000000023153690
instanceKlass java/net/spi/InetAddressResolverProvider
instanceKlass java/net/InetAddress$NameServiceAddresses
instanceKlass java/net/InetAddress$Addresses
instanceKlass java/util/concurrent/ConcurrentSkipListMap$Iter
instanceKlass  @bci sun/nio/ch/NioSocketImpl closerFor (Ljava/io/FileDescriptor;)Ljava/lang/Runnable; 1 <appendix> member <vmtarget> ; # sun/nio/ch/NioSocketImpl$$Lambda+0x0000000023152190
instanceKlass jdk/net/ExtendedSocketOptions$2
instanceKlass jdk/net/ExtendedSocketOptions$PlatformSocketOptions
instanceKlass jdk/net/ExtendedSocketOptions$ExtSocketOption
instanceKlass java/net/SocketOption
instanceKlass jdk/net/ExtendedSocketOptions
instanceKlass sun/net/ext/ExtendedSocketOptions
instanceKlass sun/nio/ch/Net$2
instanceKlass sun/nio/ch/Net$1
instanceKlass java/net/ProtocolFamily
instanceKlass sun/nio/ch/Net
instanceKlass sun/net/PlatformSocketImpl
instanceKlass java/net/SocketImpl
instanceKlass java/net/SocketOptions
instanceKlass java/net/ServerSocket
instanceKlass org/openqa/selenium/net/FixedIANAPortRange
instanceKlass org/openqa/selenium/net/EphemeralPortRangeDetector
instanceKlass org/openqa/selenium/net/PortProber
instanceKlass org/openqa/selenium/remote/service/DriverService$Builder
instanceKlass  @bci org/openqa/selenium/chromium/ChromiumDriver <clinit> ()V 0 <appendix> argL0 ; # org/openqa/selenium/chromium/ChromiumDriver$$Lambda+0x00000000231215c0
instanceKlass java/util/logging/Logger$SystemLoggerHelper
instanceKlass jdk/internal/logger/BootstrapLogger$BootstrapExecutors
instanceKlass jdk/internal/logger/LoggerFinderLoader
instanceKlass java/util/stream/Stream$Builder
instanceKlass java/util/stream/Streams$AbstractStreamBuilderImpl
instanceKlass  @bci java/util/logging/Level$KnownLevel findByName (Ljava/lang/String;Ljava/util/function/Function;)Ljava/util/Optional; 29 <appendix> argL0 ; # java/util/logging/Level$KnownLevel$$Lambda+0x800000026
instanceKlass  @bci java/util/logging/Level findLevel (Ljava/lang/String;)Ljava/util/logging/Level; 13 <appendix> argL0 ; # java/util/logging/Level$$Lambda+0x800000023
instanceKlass java/util/Hashtable$Enumerator
instanceKlass java/util/logging/LogManager$VisitedLoggers
instanceKlass java/util/logging/LogManager$LoggingProviderAccess
instanceKlass java/lang/Shutdown$Lock
instanceKlass java/lang/Shutdown
instanceKlass java/lang/ApplicationShutdownHooks$1
instanceKlass java/lang/ApplicationShutdownHooks
instanceKlass java/util/logging/LogManager$LogNode
instanceKlass java/util/logging/LogManager$LoggerContext
instanceKlass java/util/logging/Logger$ConfigurationData
instanceKlass java/util/logging/Logger$LoggerBundle
instanceKlass  @bci java/util/logging/Level$KnownLevel add (Ljava/util/logging/Level;)V 49 <appendix> argL0 ; # java/util/logging/Level$KnownLevel$$Lambda+0x800000025
instanceKlass  @bci java/util/logging/Level$KnownLevel add (Ljava/util/logging/Level;)V 19 <appendix> argL0 ; # java/util/logging/Level$KnownLevel$$Lambda+0x800000024
instanceKlass java/util/logging/Level
instanceKlass java/util/logging/Logger
instanceKlass org/openqa/selenium/remote/service/DriverService
instanceKlass org/openqa/selenium/devtools/CdpInfo
instanceKlass org/openqa/selenium/virtualauthenticator/VirtualAuthenticator
instanceKlass org/openqa/selenium/federatedcredentialmanagement/FederatedCredentialManagementDialog
instanceKlass org/openqa/selenium/remote/CommandExecutor
instanceKlass org/openqa/selenium/remote/http/HttpClient$Factory
instanceKlass org/openqa/selenium/remote/tracing/Tracer
instanceKlass org/openqa/selenium/WebDriver$TargetLocator
instanceKlass org/openqa/selenium/WebDriver$Navigation
instanceKlass org/openqa/selenium/WebDriver$Options
instanceKlass org/openqa/selenium/logging/Logs
instanceKlass org/openqa/selenium/remote/ExecuteMethod
instanceKlass java/util/logging/Handler
instanceKlass org/openqa/selenium/remote/FileDetector
instanceKlass org/openqa/selenium/ScriptKey
instanceKlass org/openqa/selenium/remote/RemoteWebDriver
instanceKlass org/openqa/selenium/TakesScreenshot
instanceKlass org/openqa/selenium/PrintsPage
instanceKlass org/openqa/selenium/interactions/Interactive
instanceKlass org/openqa/selenium/virtualauthenticator/HasVirtualAuthenticator
instanceKlass org/openqa/selenium/federatedcredentialmanagement/HasFederatedCredentialManagement
instanceKlass org/openqa/selenium/HasDownloads
instanceKlass org/openqa/selenium/HasCapabilities
instanceKlass org/openqa/selenium/JavascriptExecutor
instanceKlass org/openqa/selenium/html5/WebStorage
instanceKlass org/openqa/selenium/mobile/NetworkConnection
instanceKlass org/openqa/selenium/html5/LocationContext
instanceKlass org/openqa/selenium/chromium/HasPermissions
instanceKlass org/openqa/selenium/chromium/HasNetworkConditions
instanceKlass org/openqa/selenium/logging/HasLogEvents
instanceKlass org/openqa/selenium/chromium/HasLaunchApp
instanceKlass org/openqa/selenium/devtools/HasDevTools
instanceKlass org/openqa/selenium/chromium/HasCdp
instanceKlass org/openqa/selenium/chromium/HasCasting
instanceKlass org/openqa/selenium/bidi/HasBiDi
instanceKlass org/openqa/selenium/HasAuthentication
instanceKlass  @bci io/github/bonigarcia/wdm/config/Architecture filterArm64 (Ljava/util/List;)Ljava/util/List; 13 <appendix> argL0 ; # io/github/bonigarcia/wdm/config/Architecture$$Lambda+0x000000002311e708
instanceKlass  @bci io/github/bonigarcia/wdm/cache/CacheHandler filterCacheBy (Ljava/util/List;Ljava/lang/String;Z)Ljava/util/List; 49 <appendix> member <vmtarget> ; # io/github/bonigarcia/wdm/cache/CacheHandler$$Lambda+0x000000002311e4a8
instanceKlass java/util/ComparableTimSort
instanceKlass  @bci org/apache/commons/io/FileUtils streamFiles (Ljava/io/File;Z[Ljava/lang/String;)Ljava/util/stream/Stream; 53 <appendix> argL0 ; # org/apache/commons/io/FileUtils$$Lambda+0x000000002311e260
instanceKlass  @bci jdk/internal/net/http/HttpClientImpl$SelectorManager run ()V 1304 <appendix> form vmentry <vmtarget> ; # java/lang/invoke/LambdaForm$DMH+0x0000000023120000
instanceKlass  @bci org/apache/commons/io/file/PathUtils walk (Ljava/nio/file/Path;Lorg/apache/commons/io/file/PathFilter;IZ[Ljava/nio/file/FileVisitOption;)Ljava/util/stream/Stream; 9 <appendix> member <vmtarget> ; # org/apache/commons/io/file/PathUtils$$Lambda+0x000000002311e000
instanceKlass  @cpi org/apache/commons/io/file/PathUtils 1161 form vmentry <vmtarget> ; # java/lang/invoke/LambdaForm$DMH+0x000000002311dc00
instanceKlass  @bci java/nio/file/Files walk (Ljava/nio/file/Path;I[Ljava/nio/file/FileVisitOption;)Ljava/util/stream/Stream; 43 <appendix> argL0 ; # java/nio/file/Files$$Lambda+0x000000002314d7e8
instanceKlass  @bci java/nio/file/Files walk (Ljava/nio/file/Path;I[Ljava/nio/file/FileVisitOption;)Ljava/util/stream/Stream; 30 <appendix> member <vmtarget> ; # java/nio/file/Files$$Lambda+0x000000002314d5b8
instanceKlass java/nio/file/FileTreeWalker$Event
instanceKlass java/nio/file/FileTreeWalker$DirectoryNode
instanceKlass java/nio/file/FileTreeWalker$1
instanceKlass java/nio/file/FileTreeWalker
instanceKlass java/nio/file/FileTreeIterator
instanceKlass org/apache/commons/io/file/DeleteOption
instanceKlass org/apache/commons/io/file/PathUtils
instanceKlass org/apache/commons/io/filefilter/AbstractFileFilter
instanceKlass org/apache/commons/io/file/PathVisitor
instanceKlass org/apache/commons/io/function/Uncheck
instanceKlass  @bci org/apache/commons/io/FileUtils listFiles (Ljava/io/File;[Ljava/lang/String;Z)Ljava/util/Collection; 3 <appendix> form vmentry <vmtarget> ; # java/lang/invoke/LambdaForm$DMH+0x000000002311d800
instanceKlass  @bci org/apache/commons/io/FileUtils listFiles (Ljava/io/File;[Ljava/lang/String;Z)Ljava/util/Collection; 3 <appendix> member <vmtarget> ; # org/apache/commons/io/FileUtils$$Lambda+0x000000002311abd0
instanceKlass  @cpi org/apache/commons/io/FileUtils 1622 form vmentry <vmtarget> ; # java/lang/invoke/LambdaForm$DMH+0x000000002311d400
instanceKlass org/apache/commons/io/function/IOSupplier
instanceKlass java/nio/file/FileVisitor
instanceKlass org/apache/commons/io/filefilter/IOFileFilter
instanceKlass org/apache/commons/io/file/PathFilter
instanceKlass java/io/FilenameFilter
instanceKlass java/io/FileFilter
instanceKlass org/apache/commons/io/FileUtils
instanceKlass  @bci io/github/bonigarcia/wdm/WebDriverManager getVersionDetector ()Lio/github/bonigarcia/wdm/versions/VersionDetector; 8 <appendix> member <vmtarget> ; # io/github/bonigarcia/wdm/WebDriverManager$$Lambda+0x0000000023119f10
instanceKlass io/github/bonigarcia/wdm/config/DriverManagerType$1
instanceKlass sun/util/resources/provider/NonBaseLocaleDataMetaInfo
instanceKlass sun/util/locale/provider/BaseLocaleDataMetaInfo
instanceKlass sun/util/locale/provider/TimeZoneNameUtility$TimeZoneNameGetter
instanceKlass java/text/DontCareFieldPosition$1
instanceKlass java/text/Format$FieldDelegate
instanceKlass  @bci sun/util/cldr/CLDRTimeZoneNameProviderImpl$AVAILABLE_IDS <clinit> ()V 8 <appendix> argL0 ; # sun/util/cldr/CLDRTimeZoneNameProviderImpl$AVAILABLE_IDS$$Lambda+0x00000000231499d8
instanceKlass  @cpi sun/security/ssl/SignatureScheme$SupportedSigSchemes 105 form vmentry <vmtarget> ; # java/lang/invoke/LambdaForm$DMH+0x000000002311d000
instanceKlass java/util/stream/Streams$2
instanceKlass java/util/stream/Streams
instanceKlass java/util/stream/Streams$ConcatSpliterator
instanceKlass sun/util/cldr/CLDRTimeZoneNameProviderImpl$AVAILABLE_IDS
instanceKlass java/util/Formatter$FormatSpecifierParser
instanceKlass  @bci sun/util/cldr/CLDRTimeZoneNameProviderImpl toGMTFormat (Ljava/lang/String;ZLjava/util/Locale;)Ljava/lang/String; 115 <appendix> argL0 ; # sun/util/cldr/CLDRTimeZoneNameProviderImpl$$Lambda+0x00000000231487d0
instanceKlass  @bci sun/util/cldr/CLDRTimeZoneNameProviderImpl toGMTFormat (Ljava/lang/String;ZLjava/util/Locale;)Ljava/lang/String; 107 <appendix> argL0 ; # sun/util/cldr/CLDRTimeZoneNameProviderImpl$$Lambda+0x0000000023148588
instanceKlass  @cpi jdk/internal/net/http/common/HttpBodySubscriberWrapper 234 form vmentry <vmtarget> ; # java/lang/invoke/LambdaForm$DMH+0x000000002311cc00
instanceKlass  @bci sun/util/cldr/CLDRTimeZoneNameProviderImpl toGMTFormat (Ljava/lang/String;ZLjava/util/Locale;)Ljava/lang/String; 99 <appendix> member <vmtarget> ; # sun/util/cldr/CLDRTimeZoneNameProviderImpl$$Lambda+0x0000000023148338
instanceKlass java/util/Collections$UnmodifiableList$1
instanceKlass java/util/ReverseOrderListView$DescendingIterator
instanceKlass java/util/stream/WhileOps$DropWhileSink
instanceKlass  @bci sun/util/cldr/CLDRTimeZoneNameProviderImpl toGMTFormat (Ljava/lang/String;ZLjava/util/Locale;)Ljava/lang/String; 82 <appendix> member <vmtarget> ; # sun/util/cldr/CLDRTimeZoneNameProviderImpl$$Lambda+0x00000000231473a0
instanceKlass java/util/stream/WhileOps$DropWhileOp
instanceKlass java/util/stream/WhileOps
instanceKlass  @bci sun/util/cldr/CLDRTimeZoneNameProviderImpl toGMTFormat (Ljava/lang/String;ZLjava/util/Locale;)Ljava/lang/String; 70 <appendix> member <vmtarget> ; # sun/util/cldr/CLDRTimeZoneNameProviderImpl$$Lambda+0x00000000231467c8
instanceKlass java/util/ReverseOrderListView
instanceKlass java/text/StringBufFactory$StringBuilderImpl
instanceKlass java/text/Format$StringBuf
instanceKlass java/text/StringBufFactory
instanceKlass  @bci jdk/internal/net/http/Http2Connection keyString (ZLjava/net/InetSocketAddress;Ljava/lang/String;I)Ljava/lang/String; 79 <adapter> ; # java/lang/invoke/LambdaForm$MH+0x000000002311c800
instanceKlass  @bci sun/util/cldr/CLDRTimeZoneNameProviderImpl deriveFallbackName ([Ljava/lang/String;ILjava/util/Locale;Z)V 176 <appendix> form vmentry <vmtarget> ; # java/lang/invoke/LambdaForm$DMH+0x000000002311c400
instanceKlass  @bci sun/util/cldr/CLDRTimeZoneNameProviderImpl deriveFallbackName ([Ljava/lang/String;ILjava/util/Locale;Z)V 176 <appendix> member <vmtarget> ; # sun/util/cldr/CLDRTimeZoneNameProviderImpl$$Lambda+0x0000000023144c70
instanceKlass  @bci java/time/format/DateTimeFormatter <clinit> ()V 1075 <appendix> argL0 ; # java/time/format/DateTimeFormatter$$Lambda+0x80000001f
instanceKlass  @bci java/time/format/DateTimeFormatter <clinit> ()V 1067 <appendix> argL0 ; # java/time/format/DateTimeFormatter$$Lambda+0x80000001e
instanceKlass java/time/Period
instanceKlass java/time/chrono/ChronoPeriod
instanceKlass java/time/format/DateTimeFormatterBuilder$TextPrinterParser
instanceKlass java/time/format/DateTimeTextProvider$1
instanceKlass java/time/format/DateTimeTextProvider
instanceKlass java/time/format/DateTimeTextProvider$LocaleStore
instanceKlass java/time/format/DateTimeFormatterBuilder$InstantPrinterParser
instanceKlass java/time/format/DateTimeFormatterBuilder$StringLiteralPrinterParser
instanceKlass java/time/temporal/IsoFields
instanceKlass java/time/format/DateTimeFormatterBuilder$ZoneIdPrinterParser
instanceKlass java/time/format/DateTimeFormatterBuilder$OffsetIdPrinterParser
instanceKlass java/time/format/DecimalStyle
instanceKlass java/time/format/DateTimeFormatterBuilder$CharLiteralPrinterParser
instanceKlass java/time/format/DateTimeFormatter
instanceKlass java/time/format/DateTimeFormatterBuilder$CompositePrinterParser
instanceKlass java/time/format/DateTimeFormatterBuilder$NumberPrinterParser
instanceKlass java/time/format/DateTimeFormatterBuilder$DateTimePrinterParser
instanceKlass  @bci java/time/format/DateTimeFormatterBuilder <clinit> ()V 0 <appendix> argL0 ; # java/time/format/DateTimeFormatterBuilder$$Lambda+0x800000020
instanceKlass java/time/temporal/TemporalQuery
instanceKlass java/time/format/DateTimeFormatterBuilder
instanceKlass java/time/Year
instanceKlass java/time/chrono/AbstractChronology
instanceKlass java/time/chrono/Chronology
instanceKlass java/time/zone/Ser
instanceKlass java/io/Externalizable
instanceKlass java/time/zone/ZoneRulesProvider
instanceKlass sun/util/cldr/CLDRBaseLocaleDataMetaInfo$CLDRMapHolder
instanceKlass  @bci sun/util/locale/provider/LocaleResources getZoneStrings ()[[Ljava/lang/String; 136 <appendix> member <vmtarget> ; # sun/util/locale/provider/LocaleResources$$Lambda+0x0000000023142110
instanceKlass  @bci sun/util/locale/provider/LocaleResources getZoneStrings ()[[Ljava/lang/String; 123 <appendix> argL0 ; # sun/util/locale/provider/LocaleResources$$Lambda+0x0000000023141eb8
instanceKlass java/util/AbstractMap$KeyIterator
instanceKlass sun/util/resources/OpenListResourceBundle$2
instanceKlass sun/util/resources/OpenListResourceBundle$1
instanceKlass sun/util/locale/provider/TimeZoneNameUtility
instanceKlass  @bci io/github/bonigarcia/wdm/WebDriverManager getResolutionCache ()Lio/github/bonigarcia/wdm/cache/ResolutionCache; 8 <appendix> member <vmtarget> ; # io/github/bonigarcia/wdm/WebDriverManager$$Lambda+0x0000000023119668
instanceKlass io/github/bonigarcia/wdm/cache/ResolutionCache
instanceKlass  @bci io/github/bonigarcia/wdm/WebDriverManager resolveDriverVersion (Ljava/lang/String;)Ljava/lang/String; 12 <appendix> argL0 ; # io/github/bonigarcia/wdm/WebDriverManager$$Lambda+0x00000000231191d0
instanceKlass  @bci io/github/bonigarcia/wdm/WebDriverManager setup ()V 44 <appendix> member <vmtarget> ; # io/github/bonigarcia/wdm/WebDriverManager$$Lambda+0x0000000023118b30
instanceKlass  @cpi org/openqa/selenium/PersistentCapabilities 185 form vmentry <vmtarget> ; # java/lang/invoke/LambdaForm$DMH+0x000000002311c000
instanceKlass io/github/bonigarcia/wdm/online/Downloader
instanceKlass org/apache/hc/client5/http/config/RequestConfig$Builder
instanceKlass org/apache/hc/client5/http/config/RequestConfig
instanceKlass org/apache/hc/client5/http/classic/ExecRuntime
instanceKlass org/apache/hc/client5/http/impl/auth/BasicCredentialsProvider
instanceKlass org/apache/hc/client5/http/impl/auth/SystemDefaultCredentialsProvider
instanceKlass org/apache/hc/client5/http/auth/CredentialsStore
instanceKlass java/util/concurrent/locks/ReentrantReadWriteLock$WriteLock
instanceKlass java/util/concurrent/locks/ReentrantReadWriteLock$ReadLock
instanceKlass java/util/concurrent/locks/ReentrantReadWriteLock
instanceKlass org/apache/hc/client5/http/cookie/CookieIdentityComparator
instanceKlass java/util/concurrent/locks/ReadWriteLock
instanceKlass org/apache/hc/client5/http/cookie/BasicCookieStore
instanceKlass org/apache/hc/client5/http/impl/cookie/IgnoreCookieSpecFactory
instanceKlass org/apache/hc/client5/http/cookie/CookieSpec
instanceKlass org/apache/hc/client5/http/cookie/CommonCookieAttributeHandler
instanceKlass org/apache/hc/client5/http/cookie/CookieAttributeHandler
instanceKlass org/apache/hc/client5/http/impl/cookie/RFC6265CookieSpecFactory
instanceKlass org/apache/hc/client5/http/cookie/CookieSpecFactory
instanceKlass org/apache/hc/client5/http/psl/PublicSuffixMatcher
instanceKlass org/apache/hc/client5/http/psl/PublicSuffixList
instanceKlass org/apache/hc/client5/http/psl/PublicSuffixListParser
instanceKlass org/apache/hc/client5/http/psl/PublicSuffixMatcherLoader
instanceKlass org/apache/hc/client5/http/impl/CookieSpecSupport
instanceKlass org/apache/hc/client5/http/impl/auth/KerberosSchemeFactory
instanceKlass org/apache/hc/client5/http/auth/KerberosConfig$Builder
instanceKlass org/apache/hc/client5/http/auth/KerberosConfig
instanceKlass org/apache/hc/client5/http/impl/auth/SPNegoSchemeFactory
instanceKlass org/apache/hc/client5/http/impl/auth/NTLMSchemeFactory
instanceKlass org/apache/hc/client5/http/impl/auth/DigestSchemeFactory
instanceKlass org/apache/hc/client5/http/auth/AuthScheme
instanceKlass org/apache/hc/client5/http/impl/auth/BasicSchemeFactory
instanceKlass org/apache/hc/client5/http/auth/AuthSchemeFactory
instanceKlass org/apache/hc/client5/http/impl/classic/ExecChainElement
instanceKlass org/apache/hc/client5/http/impl/classic/RedirectExec
instanceKlass org/apache/hc/client5/http/impl/DefaultRedirectStrategy
instanceKlass org/apache/hc/core5/http/message/BufferedHeader
instanceKlass org/apache/hc/core5/http/FormattedHeader
instanceKlass org/apache/hc/core5/util/CharArrayBuffer
instanceKlass org/apache/hc/core5/http/message/MessageSupport
instanceKlass org/apache/hc/core5/http/io/entity/HttpEntityWrapper
instanceKlass org/apache/hc/core5/http/HttpEntity
instanceKlass org/apache/hc/client5/http/impl/classic/ContentCompressionExec
instanceKlass sun/net/NetProperties
instanceKlass java/net/Proxy
instanceKlass java/net/ProxySelector
instanceKlass org/apache/hc/client5/http/impl/routing/DefaultRoutePlanner
instanceKlass org/apache/hc/client5/http/impl/classic/HttpRequestRetryExec
instanceKlass org/apache/hc/client5/http/impl/DefaultHttpRequestRetryStrategy
instanceKlass org/apache/hc/client5/http/impl/classic/ProtocolExec
instanceKlass org/apache/hc/client5/http/impl/routing/BasicRouteDirector
instanceKlass org/apache/hc/client5/http/auth/AuthCache
instanceKlass org/apache/hc/client5/http/impl/auth/AuthCacheKeeper
instanceKlass org/apache/hc/client5/http/impl/auth/AuthChallengeParser
instanceKlass org/apache/hc/client5/http/impl/auth/HttpAuthenticator
instanceKlass org/apache/hc/client5/http/routing/HttpRouteDirector
instanceKlass org/apache/hc/client5/http/impl/classic/ConnectExec
instanceKlass org/apache/hc/client5/http/impl/classic/MainClientExec
instanceKlass org/apache/hc/client5/http/classic/ExecChainHandler
instanceKlass org/apache/hc/core5/http/config/NamedElementChain$Node
instanceKlass org/apache/hc/core5/http/config/NamedElementChain
instanceKlass org/apache/hc/core5/http/protocol/DefaultHttpProcessor
instanceKlass org/apache/hc/client5/http/protocol/ResponseProcessCookies
instanceKlass org/apache/hc/client5/http/protocol/RequestAddCookies
instanceKlass org/apache/hc/core5/http/protocol/ChainBuilder
instanceKlass org/apache/hc/client5/http/protocol/RequestExpectContinue
instanceKlass org/apache/hc/core5/http/protocol/RequestUserAgent
instanceKlass org/apache/hc/client5/http/protocol/RequestClientConnControl
instanceKlass org/apache/hc/core5/http/protocol/RequestTargetHost
instanceKlass org/apache/hc/core5/http/protocol/RequestContent
instanceKlass org/apache/hc/client5/http/protocol/RequestDefaultHeaders
instanceKlass org/apache/hc/core5/http/protocol/HttpProcessorBuilder
instanceKlass org/apache/hc/core5/util/VersionInfo
instanceKlass org/apache/hc/client5/http/impl/DefaultUserTokenHandler
instanceKlass org/apache/hc/client5/http/impl/DefaultAuthenticationStrategy
instanceKlass org/apache/hc/client5/http/impl/DefaultConnectionKeepAliveStrategy
instanceKlass org/apache/hc/core5/http/impl/DefaultConnectionReuseStrategy
instanceKlass org/apache/hc/core5/http/EntityDetails
instanceKlass org/apache/hc/core5/http/impl/io/HttpRequestExecutor
instanceKlass org/apache/hc/client5/http/entity/DeflateInputStreamFactory
instanceKlass org/apache/hc/client5/http/entity/GZIPInputStreamFactory
instanceKlass io/github/bonigarcia/wdm/online/HttpClient$2
instanceKlass org/apache/hc/client5/http/entity/InputStreamFactory
instanceKlass  @bci org/apache/hc/client5/http/impl/io/PoolingHttpClientConnectionManager setDefaultConnectionConfig (Lorg/apache/hc/client5/http/config/ConnectionConfig;)V 2 <appendix> member <vmtarget> ; # org/apache/hc/client5/http/impl/io/PoolingHttpClientConnectionManager$$Lambda+0x0000000023108fb8
instanceKlass org/apache/hc/client5/http/HttpRoute
instanceKlass org/apache/hc/client5/http/RouteInfo
instanceKlass org/apache/hc/core5/function/Resolver
instanceKlass org/apache/hc/client5/http/config/ConnectionConfig$Builder
instanceKlass org/apache/hc/client5/http/config/ConnectionConfig
instanceKlass org/apache/hc/core5/http/impl/io/NoResponseOutOfOrderStrategy
instanceKlass org/apache/hc/core5/http/impl/DefaultContentLengthStrategy
instanceKlass org/apache/hc/core5/http/impl/EnglishReasonPhraseCatalog
instanceKlass org/apache/hc/core5/http/ClassicHttpResponse
instanceKlass org/apache/hc/core5/http/HttpResponse
instanceKlass org/apache/hc/core5/http/ReasonPhraseCatalog
instanceKlass org/apache/hc/core5/http/impl/io/DefaultClassicHttpResponseFactory
instanceKlass org/apache/hc/core5/util/Tokenizer
instanceKlass org/apache/hc/core5/http/Header
instanceKlass org/apache/hc/core5/http/NameValuePair
instanceKlass org/apache/hc/core5/util/Tokenizer$Cursor
instanceKlass org/apache/hc/core5/http/ProtocolVersion
instanceKlass org/apache/hc/core5/http/message/BasicLineParser
instanceKlass org/apache/hc/core5/http/io/HttpMessageParser
instanceKlass org/apache/hc/core5/http/HttpResponseFactory
instanceKlass org/apache/hc/core5/http/message/LineParser
instanceKlass org/apache/hc/client5/http/impl/io/DefaultHttpResponseParserFactory
instanceKlass org/apache/hc/core5/http/message/BasicLineFormatter
instanceKlass org/apache/hc/core5/http/io/HttpMessageWriter
instanceKlass org/apache/hc/core5/http/message/LineFormatter
instanceKlass org/apache/hc/core5/http/impl/io/DefaultHttpRequestWriterFactory
instanceKlass org/apache/hc/core5/http/config/CharCodingConfig$Builder
instanceKlass org/apache/hc/core5/http/config/CharCodingConfig
instanceKlass org/apache/hc/core5/http/config/Http1Config$Builder
instanceKlass org/apache/hc/core5/http/config/Http1Config
instanceKlass org/apache/hc/client5/http/io/ManagedHttpClientConnection
instanceKlass org/apache/hc/core5/http/io/HttpClientConnection
instanceKlass org/apache/hc/core5/http/io/BHttpConnection
instanceKlass org/apache/hc/core5/http/HttpConnection
instanceKlass org/apache/hc/core5/http/SocketModalCloseable
instanceKlass org/apache/hc/core5/http/io/ResponseOutOfOrderStrategy
instanceKlass org/apache/hc/core5/http/ContentLengthStrategy
instanceKlass org/apache/hc/core5/http/io/HttpMessageParserFactory
instanceKlass org/apache/hc/core5/http/io/HttpMessageWriterFactory
instanceKlass org/apache/hc/client5/http/impl/io/ManagedHttpClientConnectionFactory
instanceKlass org/apache/hc/core5/concurrent/BasicFuture
instanceKlass org/apache/hc/core5/pool/StrictConnPool
instanceKlass org/apache/hc/client5/http/impl/io/PoolingHttpClientConnectionManager$4
instanceKlass org/apache/hc/client5/http/SystemDefaultDnsResolver
instanceKlass org/apache/hc/client5/http/impl/DefaultSchemePortResolver
instanceKlass org/apache/hc/core5/net/NamedEndpoint
instanceKlass org/apache/hc/client5/http/DnsResolver
instanceKlass org/apache/hc/client5/http/impl/io/DefaultHttpClientConnectionOperator
instanceKlass org/apache/hc/client5/http/impl/PrefixedIncrementingId
instanceKlass org/apache/hc/client5/http/io/LeaseRequest
instanceKlass org/apache/hc/core5/concurrent/Cancellable
instanceKlass org/apache/hc/core5/http/io/HttpConnectionFactory
instanceKlass org/apache/hc/core5/pool/ManagedConnPool
instanceKlass org/apache/hc/core5/pool/ConnPool
instanceKlass org/apache/hc/client5/http/io/HttpClientConnectionOperator
instanceKlass org/apache/hc/client5/http/impl/io/PoolingHttpClientConnectionManager
instanceKlass org/apache/hc/core5/pool/ConnPoolControl
instanceKlass org/apache/hc/core5/pool/ConnPoolStats
instanceKlass org/apache/hc/core5/http/config/Registry
instanceKlass org/apache/hc/client5/http/socket/PlainConnectionSocketFactory
instanceKlass org/apache/hc/core5/util/TextUtils
instanceKlass org/apache/hc/core5/http/config/RegistryBuilder
instanceKlass org/apache/hc/client5/http/ssl/TlsSessionValidator
instanceKlass javax/net/SocketFactory
instanceKlass org/apache/hc/core5/util/Args
instanceKlass java/net/Socket
instanceKlass org/apache/hc/core5/util/TimeValue
instanceKlass org/apache/hc/client5/http/ssl/SSLConnectionSocketFactory
instanceKlass org/apache/hc/client5/http/socket/LayeredConnectionSocketFactory
instanceKlass org/apache/hc/client5/http/socket/ConnectionSocketFactory
instanceKlass  @bci sun/security/ssl/SSLContextImpl engineInit ([Ljavax/net/ssl/KeyManager;[Ljavax/net/ssl/TrustManager;Ljava/security/SecureRandom;)V 57 <appendix> argL0 ; # sun/security/ssl/SSLContextImpl$$Lambda+0x00000000230bafd0
instanceKlass javax/net/ssl/X509ExtendedKeyManager
instanceKlass javax/net/ssl/X509KeyManager
instanceKlass sun/security/ssl/SSLSessionContextImpl
instanceKlass javax/net/ssl/SSLSessionContext
instanceKlass sun/security/ssl/EphemeralKeyManager$EphemeralKeyPair
instanceKlass sun/security/ssl/EphemeralKeyManager
instanceKlass sun/security/ssl/SSLContextImpl$CustomizedSSLProtocols
instanceKlass java/security/spec/NamedParameterSpec
instanceKlass sun/security/util/ECKeySizeParameterSpec
instanceKlass java/security/KeyPairGeneratorSpi
instanceKlass javax/crypto/KeyAgreement
instanceKlass java/security/Signature$1
instanceKlass jdk/internal/access/JavaSecuritySignatureAccess
instanceKlass java/security/SignatureSpi
instanceKlass sun/security/ssl/JsseJce$EcAvailability
instanceKlass sun/security/ssl/SSLAlgorithmDecomposer$1
instanceKlass sun/security/ssl/Utilities
instanceKlass sun/security/ssl/JsseJce
instanceKlass sun/security/ssl/NamedGroup$XDHScheme
instanceKlass sun/security/ssl/NamedGroup$FFDHEScheme
instanceKlass sun/security/ssl/NamedGroup$ECDHEScheme
instanceKlass sun/security/ssl/NamedGroup$NamedGroupScheme
instanceKlass sun/security/ssl/SSLCipher$T13CC20P1305WriteCipherGenerator
instanceKlass sun/security/ssl/SSLCipher$T12CC20P1305WriteCipherGenerator
instanceKlass sun/security/ssl/SSLCipher$T13CC20P1305ReadCipherGenerator
instanceKlass sun/security/ssl/SSLCipher$T12CC20P1305ReadCipherGenerator
instanceKlass sun/security/ssl/SSLCipher$T13GcmWriteCipherGenerator
instanceKlass sun/security/ssl/SSLCipher$T13GcmReadCipherGenerator
instanceKlass sun/security/ssl/SSLCipher$T12GcmWriteCipherGenerator
instanceKlass sun/security/ssl/SSLCipher$T12GcmReadCipherGenerator
instanceKlass java/util/Vector$1
instanceKlass javax/crypto/JceSecurityManager
instanceKlass sun/security/ssl/SSLCipher$T11BlockWriteCipherGenerator
instanceKlass sun/security/ssl/SSLCipher$T11BlockReadCipherGenerator
instanceKlass com/sun/crypto/provider/PKCS5Padding
instanceKlass com/sun/crypto/provider/Padding
instanceKlass com/sun/crypto/provider/FeedbackCipher
instanceKlass com/sun/crypto/provider/SymmetricCipher
instanceKlass com/sun/crypto/provider/DESConstants
instanceKlass com/sun/crypto/provider/CipherCore
instanceKlass sun/security/ssl/SSLCipher$T10BlockWriteCipherGenerator
instanceKlass sun/security/ssl/SSLCipher$T10BlockReadCipherGenerator
instanceKlass javax/crypto/CipherSpi
instanceKlass javax/crypto/ProviderVerifier
instanceKlass java/lang/Class$Holder
instanceKlass javax/crypto/JceSecurity$1
instanceKlass java/net/spi/URLStreamHandlerProvider
instanceKlass  @bci java/net/URL lookupViaProviders (Ljava/lang/String;)Ljava/net/URLStreamHandler; 31 <appendix> member <vmtarget> ; # java/net/URL$$Lambda+0x00000000230f54c0
instanceKlass java/lang/ScopedValue$CallableOp
instanceKlass java/lang/ScopedValue$Carrier
instanceKlass java/util/Vector$Itr
instanceKlass javax/crypto/CryptoPolicyParser$CryptoPermissionEntry
instanceKlass javax/crypto/CryptoPolicyParser$GrantEntry
instanceKlass java/io/StreamTokenizer
instanceKlass javax/crypto/CryptoPolicyParser
instanceKlass java/nio/file/Files$1
instanceKlass sun/nio/fs/WindowsFileSystem$1
instanceKlass java/nio/file/PathMatcher
instanceKlass sun/nio/fs/Globs
instanceKlass sun/nio/fs/WindowsFileSystemProvider$1
instanceKlass javax/crypto/JceSecurity
instanceKlass sun/security/jca/ServiceId
instanceKlass javax/crypto/Cipher$Transform
instanceKlass javax/crypto/Cipher
instanceKlass sun/security/ssl/SSLCipher$StreamWriteCipherGenerator
instanceKlass sun/security/ssl/SSLCipher$StreamReadCipherGenerator
instanceKlass sun/security/ssl/SSLCipher$NullWriteCipherGenerator
instanceKlass sun/security/ssl/SSLCipher$WriteCipherGenerator
instanceKlass sun/security/ssl/SSLCipher$NullReadCipherGenerator
instanceKlass sun/security/ssl/SSLCipher$ReadCipherGenerator
instanceKlass java/util/AbstractMap$SimpleImmutableEntry
instanceKlass  @bci sun/security/util/DisabledAlgorithmConstraints checkDisabledPatterns (Ljava/lang/String;)Z 17 <appendix> member <vmtarget> ; # sun/security/util/DisabledAlgorithmConstraints$$Lambda+0x00000000230f0420
instanceKlass java/time/zone/ZoneOffsetTransition
instanceKlass java/time/LocalTime
instanceKlass java/time/LocalDate
instanceKlass java/time/chrono/ChronoLocalDate
instanceKlass java/time/ZonedDateTime
instanceKlass java/time/chrono/ChronoZonedDateTime
instanceKlass java/time/LocalDateTime
instanceKlass java/time/chrono/ChronoLocalDateTime
instanceKlass java/time/zone/ZoneOffsetTransitionRule
instanceKlass java/time/zone/ZoneRules
instanceKlass java/util/concurrent/atomic/AtomicReferenceArray
instanceKlass  @bci java/util/regex/CharPredicates ASCII_SPACE ()Ljava/util/regex/Pattern$BmpCharPredicate; 0 <appendix> argL0 ; # java/util/regex/CharPredicates$$Lambda+0x800000029
instanceKlass sun/security/util/DisabledAlgorithmConstraints$Constraints$Holder
instanceKlass sun/security/util/DisabledAlgorithmConstraints$Constraint
instanceKlass sun/security/util/DisabledAlgorithmConstraints$Constraints
instanceKlass sun/security/util/AlgorithmDecomposer
instanceKlass sun/security/ssl/SSLAlgorithmConstraints
instanceKlass javax/net/ssl/SSLContextSpi
instanceKlass javax/net/ssl/SSLContext
instanceKlass org/apache/hc/core5/ssl/SSLContextBuilder$TrustManagerDelegate
instanceKlass javax/net/ssl/X509ExtendedTrustManager
instanceKlass javax/net/ssl/X509TrustManager
instanceKlass java/util/Collections$3
instanceKlass sun/security/validator/TrustStoreUtil
instanceKlass sun/security/x509/AccessDescription
instanceKlass sun/security/x509/DNSName
instanceKlass sun/security/x509/URIName
instanceKlass sun/security/x509/DistributionPoint
instanceKlass sun/security/x509/NetscapeCertTypeExtension$MapEntry
instanceKlass java/security/cert/PolicyQualifierInfo
instanceKlass sun/security/x509/CertificatePolicyId
instanceKlass sun/security/x509/PolicyInformation
instanceKlass sun/security/util/ECUtil
instanceKlass java/security/interfaces/ECPublicKey
instanceKlass java/security/interfaces/ECKey
instanceKlass  @bci sun/security/ec/ECKeyFactory implGeneratePublic (Ljava/security/spec/KeySpec;)Ljava/security/PublicKey; 6 <appendix> member <vmtarget> ; # sun/security/ec/ECKeyFactory$$TypeSwitch+0x00000000230e5fe8
instanceKlass java/security/spec/ECPublicKeySpec
instanceKlass java/security/AlgorithmParametersSpi
instanceKlass java/security/AlgorithmParameters
instanceKlass sun/security/x509/GeneralName
instanceKlass java/security/PKCS12Attribute
instanceKlass java/security/KeyStore$Entry$Attribute
instanceKlass sun/security/pkcs12/PKCS12KeyStore$Entry
instanceKlass jdk/internal/misc/ThreadTracker
instanceKlass jdk/internal/event/EventHelper$ThreadTrackHolder
instanceKlass java/lang/ScopedValue$Snapshot
instanceKlass jdk/internal/event/EventHelper
instanceKlass sun/security/jca/JCAUtil
instanceKlass sun/security/util/MemoryCache$CacheEntry
instanceKlass sun/security/x509/GeneralNames
instanceKlass sun/security/x509/KeyIdentifier
# instanceKlass java/lang/invoke/LambdaForm$MH+0x00000000230b4000
instanceKlass sun/security/x509/OIDMap$OIDInfo
instanceKlass sun/security/x509/PKIXExtensions
instanceKlass sun/security/x509/OIDMap
instanceKlass sun/security/x509/Extension
instanceKlass java/security/cert/Extension
instanceKlass sun/security/x509/CertificateExtensions
instanceKlass sun/security/rsa/RSAUtil
instanceKlass java/security/interfaces/RSAPublicKey
instanceKlass java/security/interfaces/RSAKey
instanceKlass  @bci sun/security/rsa/RSAKeyFactory generatePublic (Ljava/security/spec/KeySpec;)Ljava/security/PublicKey; 6 <appendix> member <vmtarget> ; # sun/security/rsa/RSAKeyFactory$$TypeSwitch+0x00000000230dfd40
instanceKlass java/lang/classfile/MethodModel
instanceKlass java/lang/classfile/FieldModel
instanceKlass  @bci jdk/internal/classfile/impl/ClassFileImpl attributeMapper ()Ljava/util/function/Function; 7 <appendix> argL0 ; # jdk/internal/classfile/impl/ClassFileImpl$$Lambda+0x800000051
instanceKlass java/lang/classfile/ClassModel
instanceKlass java/lang/classfile/AttributedElement
instanceKlass java/lang/classfile/CompoundElement
instanceKlass java/lang/classfile/instruction/SwitchCase
instanceKlass  @bci java/lang/runtime/SwitchBootstraps generateTypeSwitchSkeleton (Ljava/lang/Class;[Ljava/lang/Object;Ljava/util/List;Ljava/util/List;)Ljava/util/function/Consumer; 45 <appendix> member <vmtarget> ; # java/lang/runtime/SwitchBootstraps$$Lambda+0x80000001d
instanceKlass java/lang/classfile/AccessFlags
instanceKlass  @bci java/lang/runtime/SwitchBootstraps generateTypeSwitch (Ljava/lang/invoke/MethodHandles$Lookup;Ljava/lang/Class;[Ljava/lang/Object;)Ljava/lang/invoke/MethodHandle; 70 <appendix> member <vmtarget> ; # java/lang/runtime/SwitchBootstraps$$Lambda+0x80000001c
instanceKlass java/lang/invoke/DirectMethodHandle$1
instanceKlass jdk/internal/misc/PreviewFeatures
instanceKlass java/lang/runtime/SwitchBootstraps
instanceKlass java/security/spec/PSSParameterSpec
instanceKlass java/security/spec/RSAPrivateKeySpec
instanceKlass java/security/spec/RSAPublicKeySpec
instanceKlass java/security/KeyFactorySpi
instanceKlass sun/security/jca/ProviderList$ServiceIterator
instanceKlass java/security/KeyFactory
instanceKlass  @bci java/security/spec/EncodedKeySpec <clinit> ()V 0 <appendix> argL0 ; # java/security/spec/EncodedKeySpec$$Lambda+0x00000000230dc888
instanceKlass jdk/internal/access/JavaSecuritySpecAccess
instanceKlass java/security/spec/EncodedKeySpec
instanceKlass java/security/spec/KeySpec
instanceKlass sun/security/util/BitArray
instanceKlass sun/security/x509/X509Key
instanceKlass java/security/PublicKey
instanceKlass java/security/AsymmetricKey
instanceKlass java/security/Key
instanceKlass sun/security/x509/CertificateX509Key
instanceKlass sun/security/x509/CertificateValidity
instanceKlass sun/security/x509/AVA
instanceKlass sun/security/x509/RDN
instanceKlass sun/security/x509/X500Name
instanceKlass sun/security/x509/GeneralNameInterface
instanceKlass sun/security/x509/CertificateAlgorithmId
instanceKlass sun/security/x509/SerialNumber
instanceKlass sun/security/x509/CertificateSerialNumber
instanceKlass sun/security/x509/CertificateVersion
instanceKlass sun/security/x509/X509CertInfo
instanceKlass sun/security/x509/AlgorithmId
instanceKlass java/security/DEREncodable
instanceKlass java/security/cert/X509Extension
instanceKlass sun/security/util/Cache$EqualByteArray
instanceKlass sun/security/util/Cache
instanceKlass java/security/cert/CertificateFactorySpi
instanceKlass java/security/cert/CertificateFactory
instanceKlass sun/security/pkcs/ContentInfo
instanceKlass sun/security/util/IOUtils
instanceKlass sun/security/util/DerInputStream
instanceKlass sun/security/util/DerValue
instanceKlass java/security/KeyStoreSpi
instanceKlass sun/security/ssl/SSLLogger
instanceKlass sun/security/util/FilePaths
instanceKlass sun/security/ssl/TrustStoreManager$TrustStoreDescriptor
instanceKlass sun/security/ssl/TrustStoreManager$TrustAnchorManager
instanceKlass sun/security/ssl/TrustStoreManager
instanceKlass java/security/spec/ECFieldF2m
instanceKlass sun/security/util/ObjectIdentifier
instanceKlass sun/security/util/ByteArrayTagOrder
instanceKlass sun/security/util/ByteArrayLexOrder
instanceKlass sun/security/util/DerEncoder
instanceKlass java/security/spec/ECParameterSpec
instanceKlass java/security/spec/AlgorithmParameterSpec
instanceKlass java/security/spec/ECPoint
instanceKlass java/security/spec/EllipticCurve
instanceKlass java/security/spec/ECFieldFp
instanceKlass java/security/spec/ECField
instanceKlass sun/security/util/CurveDB
instanceKlass sun/security/rsa/SunRsaSignEntries
instanceKlass javax/net/ssl/TrustManagerFactorySpi
instanceKlass io/github/bonigarcia/wdm/online/HttpClient$1
instanceKlass javax/net/ssl/TrustManagerFactory
instanceKlass java/security/KeyStore
instanceKlass javax/net/ssl/KeyManagerFactory
instanceKlass javax/net/ssl/TrustManager
instanceKlass javax/net/ssl/KeyManager
instanceKlass org/apache/hc/core5/ssl/SSLContextBuilder
instanceKlass org/apache/hc/core5/ssl/SSLContexts
instanceKlass  @bci io/github/bonigarcia/wdm/online/HttpClient <init> (Lio/github/bonigarcia/wdm/config/Config;)V 35 <appendix> argL0 ; # io/github/bonigarcia/wdm/online/HttpClient$$Lambda+0x00000000230b3360
instanceKlass javax/net/ssl/SSLSession
instanceKlass javax/net/ssl/HostnameVerifier
instanceKlass jdk/internal/foreign/MemorySessionImpl
instanceKlass java/lang/foreign/MemorySegment$Scope
instanceKlass org/apache/hc/client5/http/config/Configurable
instanceKlass org/apache/hc/client5/http/impl/classic/CloseableHttpClient
instanceKlass org/apache/hc/client5/http/classic/HttpClient
instanceKlass org/apache/hc/client5/http/auth/CredentialsProvider
instanceKlass org/apache/hc/client5/http/cookie/CookieStore
instanceKlass org/apache/hc/client5/http/protocol/RedirectStrategy
instanceKlass org/apache/hc/core5/http/config/Lookup
instanceKlass org/apache/hc/client5/http/routing/HttpRoutePlanner
instanceKlass org/apache/hc/client5/http/HttpRequestRetryStrategy
instanceKlass org/apache/hc/core5/http/protocol/HttpProcessor
instanceKlass org/apache/hc/client5/http/SchemePortResolver
instanceKlass org/apache/hc/core5/http/HttpResponseInterceptor
instanceKlass org/apache/hc/core5/http/HttpRequestInterceptor
instanceKlass org/apache/hc/client5/http/UserTokenHandler
instanceKlass org/apache/hc/client5/http/AuthenticationStrategy
instanceKlass org/apache/hc/client5/http/ConnectionKeepAliveStrategy
instanceKlass org/apache/hc/core5/http/ConnectionReuseStrategy
instanceKlass org/apache/hc/client5/http/impl/classic/HttpClientBuilder
instanceKlass org/apache/hc/client5/http/auth/Credentials
instanceKlass java/net/SocketAddress
instanceKlass org/apache/hc/core5/http/protocol/HttpContext
instanceKlass org/apache/hc/client5/http/io/HttpClientConnectionManager
instanceKlass org/apache/hc/core5/io/ModalCloseable
instanceKlass org/apache/hc/core5/ssl/TrustStrategy
instanceKlass io/github/bonigarcia/wdm/online/HttpClient
instanceKlass io/github/bonigarcia/wdm/cache/CacheHandler
instanceKlass  @bci org/apache/commons/lang3/SystemUtils <clinit> ()V 222 <appendix> argL0 ; # org/apache/commons/lang3/SystemUtils$$Lambda+0x00000000230ad410
instanceKlass org/apache/commons/lang3/math/NumberUtils
instanceKlass  @bci java/util/regex/CharPredicates forUnicodeBlock (Ljava/lang/String;)Ljava/util/regex/Pattern$CharPredicate; 6 <appendix> member <vmtarget> ; # java/util/regex/CharPredicates$$Lambda+0x00000000230ce638
instanceKlass java/lang/Character$Subset
instanceKlass org/apache/commons/lang3/StringUtils
instanceKlass  @bci org/apache/commons/lang3/function/Suppliers <clinit> ()V 0 <appendix> argL0 ; # org/apache/commons/lang3/function/Suppliers$$Lambda+0x00000000230af7e8
instanceKlass org/apache/commons/lang3/function/Suppliers
instanceKlass org/apache/commons/lang3/SystemProperties
instanceKlass org/apache/commons/lang3/SystemUtils
instanceKlass  @bci io/github/bonigarcia/wdm/config/Architecture matchString (Ljava/lang/String;)Z 10 <appendix> member <vmtarget> ; # io/github/bonigarcia/wdm/config/Architecture$$Lambda+0x00000000230aef58
instanceKlass io/github/bonigarcia/wdm/config/ConfigKey
instanceKlass io/github/bonigarcia/wdm/config/Config
instanceKlass sun/net/www/protocol/jar/JarFileFactory
instanceKlass sun/net/www/protocol/jar/URLJarFile$URLJarFileCloseController
instanceKlass sun/nio/fs/WindowsLinkSupport
instanceKlass sun/nio/fs/WindowsUriSupport
instanceKlass java/util/AbstractMap$SimpleEntry
instanceKlass jdk/internal/jimage/ImageBufferCache$2
instanceKlass jdk/internal/jimage/ImageBufferCache
instanceKlass sun/net/www/MessageHeader
instanceKlass java/net/URLConnection
instanceKlass java/nio/channels/AsynchronousFileChannel
instanceKlass java/nio/channels/AsynchronousChannel
instanceKlass java/nio/file/FileStore
instanceKlass java/nio/file/Paths
instanceKlass io/github/bonigarcia/wdm/versions/VersionDetector
instanceKlass io/github/bonigarcia/wdm/online/S3NamespaceContext
instanceKlass org/openqa/selenium/Capabilities
instanceKlass org/apache/hc/core5/http/ClassicHttpRequest
instanceKlass org/apache/hc/core5/http/HttpEntityContainer
instanceKlass org/apache/hc/core5/http/HttpRequest
instanceKlass org/apache/hc/core5/http/HttpMessage
instanceKlass org/apache/hc/core5/http/MessageHeaders
instanceKlass javax/xml/namespace/NamespaceContext
instanceKlass io/github/bonigarcia/wdm/WebDriverManager
# instanceKlass java/lang/invoke/LambdaForm$MH+0x00000000230a4c00
# instanceKlass java/lang/invoke/LambdaForm$MH+0x00000000230a4800
instanceKlass  @cpi java/security/spec/EncodedKeySpec 79 form vmentry <vmtarget> ; # java/lang/invoke/LambdaForm$DMH+0x00000000230a4400
instanceKlass org/testng/IHookCallBack
instanceKlass org/testng/IConfigureCallBack
instanceKlass org/testng/internal/invokers/MethodInvocationHelper
instanceKlass org/testng/Reporter
instanceKlass org/testng/internal/invokers/InvokedMethod
instanceKlass  @bci java/util/stream/Collectors toUnmodifiableList ()Ljava/util/stream/Collector; 19 <appendix> argL0 ; # java/util/stream/Collectors$$Lambda+0x00000000230c7fd8
instanceKlass  @bci java/util/stream/Collectors toUnmodifiableList ()Ljava/util/stream/Collector; 14 <appendix> argL0 ; # java/util/stream/Collectors$$Lambda+0x00000000230c7d88
instanceKlass  @bci java/util/stream/Collectors toUnmodifiableList ()Ljava/util/stream/Collector; 9 <appendix> argL0 ; # java/util/stream/Collectors$$Lambda+0x00000000230c7b50
instanceKlass  @bci java/util/stream/Collectors toUnmodifiableList ()Ljava/util/stream/Collector; 4 <appendix> argL0 ; # java/util/stream/Collectors$$Lambda+0x00000000230c7928
instanceKlass  @bci org/testng/TestRunner getConfigurationListeners ()Ljava/util/List; 24 <appendix> argL0 ; # org/testng/TestRunner$$Lambda+0x00000000230a3660
instanceKlass  @bci org/testng/TestRunner getConfigurationListeners ()Ljava/util/List; 9 <appendix> argL0 ; # org/testng/TestRunner$$Lambda+0x00000000230a3418
instanceKlass org/testng/internal/ClassBasedWrapper
instanceKlass  @bci org/testng/internal/Parameters retrieveConfigAnnotation (Ljava/lang/reflect/Method;)Ljava/lang/Class; 9 <appendix> member <vmtarget> ; # org/testng/internal/Parameters$$Lambda+0x00000000230a2fa0
instanceKlass  @bci org/testng/internal/invokers/ConfigInvoker classConfigurationFailed (Ljava/lang/Class;Ljava/lang/Object;)Z 17 <appendix> member <vmtarget> ; # org/testng/internal/invokers/ConfigInvoker$$Lambda+0x00000000230a2d40
instanceKlass  @cpi org/testng/internal/invokers/ConfigInvoker 633 form vmentry <vmtarget> ; # java/lang/invoke/LambdaForm$DMH+0x00000000230a4000
instanceKlass  @bci org/testng/internal/invokers/ConfigInvoker canIgnoreConfigFailure (Lorg/testng/IClass;Lorg/testng/ITestNGMethod;)Z 143 <appendix> argL0 ; # org/testng/internal/invokers/ConfigInvoker$$Lambda+0x00000000230a2ae8
instanceKlass org/testng/internal/invokers/GroupConfigMethodArguments$Builder
instanceKlass org/testng/internal/TestResult
instanceKlass org/testng/internal/thread/ThreadUtil
instanceKlass org/testng/internal/reflect/ReflectionRecipes$ListBackedImmutableQueue
instanceKlass org/testng/internal/reflect/InjectableParameter$Assistant
instanceKlass org/testng/internal/reflect/AbstractMethodMatcher
instanceKlass org/testng/internal/reflect/ReflectionRecipes
instanceKlass org/testng/internal/reflect/MethodMatcherContext
instanceKlass  @bci org/testng/collections/CollectionUtils asIterable (Ljava/util/Iterator;)Ljava/lang/Iterable; 1 <appendix> member <vmtarget> ; # org/testng/collections/CollectionUtils$$Lambda+0x00000000230a0210
instanceKlass org/testng/collections/CollectionUtils
instanceKlass org/testng/internal/invokers/MethodRunner
instanceKlass org/testng/internal/invokers/ParameterHandler$ParameterBag
instanceKlass org/testng/internal/invokers/ParameterHolder
instanceKlass org/testng/internal/collections/ArrayIterator
instanceKlass org/testng/IDataProviderMethod
instanceKlass org/testng/internal/reflect/MethodMatcher
instanceKlass org/testng/internal/Parameters
instanceKlass org/testng/internal/Parameters$MethodParameters
instanceKlass org/testng/internal/invokers/ParameterHandler
instanceKlass org/testng/internal/invokers/ITestInvoker$FailureContext
instanceKlass org/testng/internal/invokers/TestInvoker$MethodInvocationAgent
instanceKlass org/testng/internal/invokers/TestMethodArguments$Builder
instanceKlass org/testng/internal/invokers/TestNgMethodUtils
instanceKlass org/testng/internal/invokers/Arguments
instanceKlass org/testng/internal/invokers/ConfigMethodArguments$Builder
instanceKlass java/util/LinkedList$ListItr
instanceKlass  @bci org/testng/internal/invokers/TestMethodWorker invokeBeforeClassMethods (Lorg/testng/ITestClass;Lorg/testng/IMethodInstance;)V 10 <appendix> argL0 ; # org/testng/internal/invokers/TestMethodWorker$$Lambda+0x000000002309a000
instanceKlass  @bci org/testng/TestRunner privateRun (Lorg/testng/xml/XmlTest;)V 298 <appendix> argL0 ; # org/testng/TestRunner$$Lambda+0x000000002309fc80
instanceKlass  @cpi org/testng/TestRunner 1121 form vmentry <vmtarget> ; # java/lang/invoke/LambdaForm$DMH+0x0000000023098c00
instanceKlass  @bci org/testng/internal/invokers/ClassBasedParallelWorker findClasses (Ljava/util/List;Ljava/lang/Class;)Ljava/util/List; 7 <appendix> member <vmtarget> ; # org/testng/internal/invokers/ClassBasedParallelWorker$$Lambda+0x000000002309fa20
instanceKlass org/testng/internal/invokers/TestMethodWorker
instanceKlass  @bci org/testng/internal/invokers/ClassBasedParallelWorker shouldRunSequentially (Ljava/lang/Class;Ljava/util/Set;)Z 17 <appendix> member <vmtarget> ; # org/testng/internal/invokers/ClassBasedParallelWorker$$Lambda+0x000000002309f4a8
instanceKlass org/testng/internal/XmlTestUtils
instanceKlass  @bci org/testng/internal/invokers/ClassBasedParallelWorker methodsToMultipleMethodInstances ([Lorg/testng/ITestNGMethod;)Ljava/util/List; 4 <appendix> argL0 ; # org/testng/internal/invokers/ClassBasedParallelWorker$$Lambda+0x000000002309f050
instanceKlass org/testng/internal/invokers/AbstractParallelWorker
instanceKlass org/testng/internal/invokers/AbstractParallelWorker$Arguments
instanceKlass org/testng/internal/invokers/AbstractParallelWorker$Arguments$Builder
instanceKlass  @bci org/testng/TestRunner sortOnPriority ([Lorg/testng/ITestNGMethod;)Z 17 <appendix> argL0 ; # org/testng/TestRunner$$Lambda+0x000000002309e308
instanceKlass  @bci org/testng/internal/DynamicGraph dependencies (Ljava/util/Map;)Ljava/util/List; 4 <appendix> argL0 ; # org/testng/internal/DynamicGraph$$Lambda+0x000000002309e0c0
instanceKlass  @bci org/testng/internal/DynamicGraphHelper classComparator ()Ljava/util/Comparator; 0 <appendix> argL0 ; # org/testng/internal/DynamicGraphHelper$$Lambda+0x000000002309de98
instanceKlass  @bci org/testng/internal/DynamicGraphHelper createClassDependencies ([Lorg/testng/ITestNGMethod;Lorg/testng/xml/XmlTest;)Lorg/testng/collections/ListMultiMap; 75 <appendix> member <vmtarget> ; # org/testng/internal/DynamicGraphHelper$$Lambda+0x000000002309dc38
instanceKlass  @bci org/testng/internal/DynamicGraphHelper lambda$createDynamicGraph$3 (Lorg/testng/internal/DynamicGraph;Lorg/testng/DependencyMap;Ljava/util/concurrent/atomic/AtomicReference;Lorg/testng/ITestNGMethod;)V 97 <appendix> member <vmtarget> ; # org/testng/internal/DynamicGraphHelper$$Lambda+0x000000002309d9f8
instanceKlass  @bci org/testng/internal/DynamicGraphHelper lambda$createDynamicGraph$3 (Lorg/testng/internal/DynamicGraph;Lorg/testng/DependencyMap;Ljava/util/concurrent/atomic/AtomicReference;Lorg/testng/ITestNGMethod;)V 49 <appendix> member <vmtarget> ; # org/testng/internal/DynamicGraphHelper$$Lambda+0x000000002309d7b8
instanceKlass  @bci org/testng/internal/DynamicGraphHelper createDynamicGraph ([Lorg/testng/ITestNGMethod;Lorg/testng/xml/XmlTest;)Lorg/testng/internal/DynamicGraph; 38 <appendix> member <vmtarget> ; # org/testng/internal/DynamicGraphHelper$$Lambda+0x000000002309d578
instanceKlass  @bci org/testng/collections/MultiMap put (Ljava/lang/Object;Ljava/lang/Object;)Z 16 <appendix> member <vmtarget> ; # org/testng/collections/MultiMap$$Lambda+0x000000002309d328
instanceKlass org/testng/DependencyMap
instanceKlass org/testng/internal/DynamicGraph$Edges
instanceKlass org/testng/internal/DynamicGraph
instanceKlass org/testng/internal/DynamicGraphHelper
instanceKlass  @bci org/testng/TestRunner privateRun (Lorg/testng/xml/XmlTest;)V 33 <appendix> member <vmtarget> ; # org/testng/TestRunner$$Lambda+0x000000002309c760
instanceKlass  @bci org/testng/internal/MethodHelper methodInstancesToMethods (Ljava/util/List;)Ljava/util/List; 6 <appendix> argL0 ; # org/testng/internal/MethodHelper$$Lambda+0x000000002309c518
instanceKlass org/testng/internal/MethodInstance$1
instanceKlass  @bci org/testng/internal/MethodHelper methodsToMethodInstances (Ljava/util/List;)Ljava/util/List; 6 <appendix> argL0 ; # org/testng/internal/MethodHelper$$Lambda+0x000000002309c000
instanceKlass org/testng/internal/MethodInstance
instanceKlass  @bci org/testng/TestRunner logStart ()V 33 <appendix> form vmentry <vmtarget> ; # java/lang/invoke/LambdaForm$MH+0x0000000023098800
# instanceKlass java/lang/invoke/LambdaForm$BMH+0x0000000023098400
instanceKlass  @bci org/testng/TestRunner logStart ()V 33 <appendix> form names 7 function resolvedHandle form vmentry <vmtarget> ; # java/lang/invoke/LambdaForm$DMH+0x0000000023098000
instanceKlass  @bci org/testng/util/Strings valueOf (Ljava/util/Map;)Ljava/lang/String; 11 <appendix> argL0 ; # org/testng/util/Strings$$Lambda+0x0000000023093b58
instanceKlass  @bci org/testng/SuiteRunner runTest (Lorg/testng/TestRunner;)V 10 <appendix> member <vmtarget> ; # org/testng/SuiteRunner$$Lambda+0x0000000023093918
instanceKlass  @bci org/openqa/selenium/net/UrlChecker lambda$static$0 (Ljava/lang/Runnable;)Ljava/lang/Thread; 11 <appendix> form vmentry <vmtarget> ; # java/lang/invoke/LambdaForm$MH+0x0000000023091800
instanceKlass  @bci org/testng/SuiteRunner privateRun ()V 73 <appendix> member <vmtarget> ; # org/testng/SuiteRunner$$Lambda+0x00000000230936d8
instanceKlass  @bci org/testng/internal/ListenerOrderDeterminer lambda$static$2 (Ljava/lang/Class;)Z 9 <appendix> member <vmtarget> ; # org/testng/internal/ListenerOrderDeterminer$$Lambda+0x0000000023093478
instanceKlass org/testng/SuiteRunnerWorker
instanceKlass org/testng/thread/IWorker
instanceKlass  @bci org/testng/TestNG createSuiteRunner (Lorg/testng/xml/XmlSuite;)Lorg/testng/SuiteRunner; 267 <appendix> member <vmtarget> ; # org/testng/TestNG$$Lambda+0x0000000023092d40
instanceKlass org/testng/reporters/TextReporter
instanceKlass java/util/concurrent/ConcurrentLinkedDeque$Node
instanceKlass org/testng/reporters/JUnitXMLReporter
instanceKlass org/testng/internal/IResultListener2
instanceKlass  @bci org/testng/TestRunner addTestListener (Lorg/testng/ITestListener;)V 10 <appendix> member <vmtarget> ; # org/testng/TestRunner$$Lambda+0x00000000230922d0
instanceKlass org/testng/reporters/TestHTMLReporter$ConfigurationComparator
instanceKlass org/testng/reporters/TestHTMLReporter$NameComparator
instanceKlass org/testng/reporters/TestHTMLReporter
instanceKlass  @bci org/testng/TestRunner addConfigurationListener (Lorg/testng/IConfigurationListener;)V 10 <appendix> member <vmtarget> ; # org/testng/TestRunner$$Lambda+0x00000000230977c0
instanceKlass org/testng/internal/DefaultListenerFactory
instanceKlass  @bci org/testng/internal/TestListenerHelper findAllListeners (Ljava/lang/Class;Lorg/testng/internal/annotations/IAnnotationFinder;)Lorg/testng/internal/TestListenerHelper$ListenerHolder; 61 <appendix> member <vmtarget> ; # org/testng/internal/TestListenerHelper$$Lambda+0x0000000023097350
instanceKlass  @cpi org/openqa/selenium/json/JsonOutput 704 form vmentry <vmtarget> ; # java/lang/invoke/LambdaForm$DMH+0x0000000023091400
instanceKlass org/testng/internal/TestListenerHelper$ListenerHolder
instanceKlass org/testng/ITestNGListenerFactory
instanceKlass org/testng/internal/TestListenerHelper
instanceKlass org/testng/internal/ConfigurationGroupMethods
instanceKlass org/apache/maven/surefire/shade/org/apache/maven/shared/utils/io/SelectorUtils
instanceKlass org/apache/maven/surefire/shade/org/apache/maven/shared/utils/io/MatchPattern
instanceKlass org/apache/maven/surefire/shade/org/apache/maven/shared/utils/io/MatchPatterns
instanceKlass org/testng/ClassMethodMap
instanceKlass  @bci org/testng/TestClass getAllBeforeClassMethods ()Ljava/util/List; 12 <appendix> argL0 ; # org/testng/TestClass$$Lambda+0x0000000023095b60
instanceKlass java/util/IdentityHashMap$IdentityHashMapSpliterator
instanceKlass  @bci java/util/stream/Nodes$CollectorTask$OfRef <init> (Ljava/util/stream/PipelineHelper;Ljava/util/function/IntFunction;Ljava/util/Spliterator;)V 9 <appendix> argL0 ; # java/util/stream/Nodes$CollectorTask$OfRef$$Lambda+0x00000000230c5da8
instanceKlass java/util/stream/Nodes$AbstractConcNode
instanceKlass  @bci java/util/stream/Nodes$CollectorTask$OfRef <init> (Ljava/util/stream/PipelineHelper;Ljava/util/function/IntFunction;Ljava/util/Spliterator;)V 4 <appendix> member <vmtarget> ; # java/util/stream/Nodes$CollectorTask$OfRef$$Lambda+0x00000000230c55f8
instanceKlass  @cpi java/util/stream/Nodes$CollectorTask$OfRef 63 form vmentry <vmtarget> ; # java/lang/invoke/LambdaForm$DMH+0x0000000023091000
instanceKlass java/util/function/LongFunction
instanceKlass  @bci java/util/stream/Nodes castingArray ()Ljava/util/function/IntFunction; 0 <appendix> argL0 ; # java/util/stream/Nodes$$Lambda+0x00000000230c4b48
instanceKlass  @bci org/testng/internal/Graph topologicalSort ()V 36 <appendix> argL0 ; # org/testng/internal/Graph$$Lambda+0x0000000023095918
instanceKlass  @bci org/testng/internal/Graph topologicalSort ()V 26 <appendix> member <vmtarget> ; # org/testng/internal/Graph$$Lambda+0x00000000230956b8
instanceKlass  @bci java/util/stream/Collectors toMap (Ljava/util/function/Function;Ljava/util/function/Function;Ljava/util/function/BinaryOperator;Ljava/util/function/Supplier;)Ljava/util/stream/Collector; 3 <appendix> member <vmtarget> ; # java/util/stream/Collectors$$Lambda+0x00000000230c4380
instanceKlass  @bci org/testng/internal/Graph initializeIndependentNodes ()V 48 <appendix> argL0 ; # org/testng/internal/Graph$$Lambda+0x0000000023095490
instanceKlass  @bci org/testng/internal/Graph initializeIndependentNodes ()V 43 <appendix> argL0 ; # org/testng/internal/Graph$$Lambda+0x0000000023095240
instanceKlass  @bci java/util/function/Function identity ()Ljava/util/function/Function; 0 <appendix> argL0 ; # java/util/function/Function$$Lambda+0x00000000230c4138
instanceKlass  @bci org/testng/internal/Graph initializeIndependentNodes ()V 35 <appendix> argL0 ; # org/testng/internal/Graph$$Lambda+0x0000000023094ff8
instanceKlass java/util/stream/SortedOps
instanceKlass  @bci org/testng/internal/Graph log (Ljava/lang/String;)V 1 <appendix> member <vmtarget> ; # org/testng/internal/Graph$$Lambda+0x0000000023094dc8
instanceKlass  @bci org/testng/internal/Graph addNode (Ljava/lang/Object;)V 1 <appendix> member <vmtarget> ; # org/testng/internal/Graph$$Lambda+0x0000000023094b98
instanceKlass  @bci org/testng/internal/MethodHelper sortMethodsByInstance ([Lorg/testng/ITestNGMethod;)Ljava/util/Map; 22 <appendix> argL0 ; # org/testng/internal/MethodHelper$$Lambda+0x0000000023094950
instanceKlass  @bci org/testng/internal/MethodHelper sortMethodsByInstance ([Lorg/testng/ITestNGMethod;)Ljava/util/Map; 12 <appendix> argL0 ; # org/testng/internal/MethodHelper$$Lambda+0x00000000230946f8
instanceKlass  @bci org/testng/internal/MethodInheritance fixMethodInheritance ([Lorg/testng/ITestNGMethod;Z)V 177 <appendix> form vmentry <vmtarget> ; # java/lang/invoke/LambdaForm$DMH+0x0000000023090c00
instanceKlass  @bci org/testng/internal/MethodInheritance fixMethodInheritance ([Lorg/testng/ITestNGMethod;Z)V 177 <appendix> member <vmtarget> ; # org/testng/internal/MethodInheritance$$Lambda+0x00000000230944b8
instanceKlass  @cpi org/testng/internal/MethodInheritance 202 form vmentry <vmtarget> ; # java/lang/invoke/LambdaForm$DMH+0x0000000023090800
instanceKlass  @bci org/testng/internal/MethodInheritance fixMethodInheritance ([Lorg/testng/ITestNGMethod;Z)V 165 <appendix> argL0 ; # org/testng/internal/MethodInheritance$$Lambda+0x0000000023094260
instanceKlass  @bci org/testng/internal/MethodInheritance findSubClass (Ljava/util/Map;Ljava/lang/Class;)Ljava/lang/Class; 25 <appendix> member <vmtarget> ; # org/testng/internal/MethodInheritance$$Lambda+0x0000000023094000
instanceKlass  @bci org/testng/internal/MethodInheritance findMethodListSuperClass (Ljava/util/Map;Ljava/lang/Class;)Ljava/util/List; 30 <appendix> argL0 ; # org/testng/internal/MethodInheritance$$Lambda+0x000000002308bbd0
instanceKlass  @bci org/testng/internal/MethodInheritance findMethodListSuperClass (Ljava/util/Map;Ljava/lang/Class;)Ljava/util/List; 20 <appendix> member <vmtarget> ; # org/testng/internal/MethodInheritance$$Lambda+0x000000002308b970
instanceKlass  @bci org/testng/internal/MethodInheritance <clinit> ()V 0 <appendix> argL0 ; # org/testng/internal/MethodInheritance$$Lambda+0x000000002308b6b0
instanceKlass org/testng/internal/MethodInheritance
instanceKlass  @bci org/testng/internal/XmlMethodSelector logInclusion (Ljava/lang/String;Ljava/lang/String;Ljava/lang/String;)V 16 <appendix> form vmentry <vmtarget> ; # java/lang/invoke/LambdaForm$MH+0x0000000023090400
instanceKlass  @bci jdk/internal/net/http/websocket/OpeningHandshake handleResponse (Ljava/net/http/HttpResponse;)Ljdk/internal/net/http/websocket/OpeningHandshake$Result; 134 <appendix> form vmentry <vmtarget> ; # java/lang/invoke/LambdaForm$MH+0x000000002308fc00
instanceKlass  @bci org/testng/collections/MultiMap get (Ljava/lang/Object;)Ljava/util/Collection; 6 <appendix> member <vmtarget> ; # org/testng/collections/MultiMap$$Lambda+0x000000002308b250
instanceKlass  @bci org/testng/internal/MethodGroupsHelper findGroupTransitiveClosure (Ljava/util/List;Ljava/util/List;[Ljava/lang/String;Ljava/util/Set;Ljava/util/Set;)V 38 <appendix> argL0 ; # org/testng/internal/MethodGroupsHelper$$Lambda+0x000000002308b008
instanceKlass  @bci org/testng/internal/MethodGroupsHelper findGroupTransitiveClosure (Ljava/util/List;Ljava/util/List;[Ljava/lang/String;Ljava/util/Set;Ljava/util/Set;)V 33 <appendix> argL0 ; # org/testng/internal/MethodGroupsHelper$$Lambda+0x000000002308adc0
instanceKlass  @bci org/testng/internal/MethodGroupsHelper findGroupTransitiveClosure (Ljava/util/List;Ljava/util/List;[Ljava/lang/String;Ljava/util/Set;Ljava/util/Set;)V 11 <appendix> argL0 ; # org/testng/internal/MethodGroupsHelper$$Lambda+0x000000002308ab78
instanceKlass  @bci org/testng/internal/MethodGroupsHelper findGroupTransitiveClosure (Ljava/util/List;Ljava/util/List;[Ljava/lang/String;Ljava/util/Set;Ljava/util/Set;)V 6 <appendix> argL0 ; # org/testng/internal/MethodGroupsHelper$$Lambda+0x000000002308a930
instanceKlass org/testng/internal/DefaultMethodSelectorContext
instanceKlass java/util/stream/Nodes$ArrayNode
instanceKlass java/util/concurrent/ForkJoinPool$DefaultForkJoinWorkerThreadFactory
instanceKlass java/util/concurrent/ForkJoinPool$1
instanceKlass jdk/internal/access/JavaUtilConcurrentFJPAccess
instanceKlass java/util/concurrent/ForkJoinPool$WorkQueue
instanceKlass java/util/concurrent/ForkJoinPool$ForkJoinWorkerThreadFactory
instanceKlass java/util/concurrent/ForkJoinTask$Aux
instanceKlass java/util/concurrent/ForkJoinTask
instanceKlass  @bci org/testng/internal/ConfigurationMethod createAfterConfigurationMethods (Lorg/testng/ITestObjectFactory;[Lorg/testng/ITestNGMethod;Lorg/testng/internal/annotations/IAnnotationFinder;ZLjava/lang/Object;)[Lorg/testng/ITestNGMethod; 27 <appendix> argL0 ; # org/testng/internal/ConfigurationMethod$$Lambda+0x000000002308a4b0
instanceKlass  @bci org/testng/internal/ConfigurationMethod createAfterConfigurationMethods (Lorg/testng/ITestObjectFactory;[Lorg/testng/ITestNGMethod;Lorg/testng/internal/annotations/IAnnotationFinder;ZLjava/lang/Object;)[Lorg/testng/ITestNGMethod; 17 <adapter> ; # java/lang/invoke/LambdaForm$MH+0x000000002308f800
instanceKlass  @bci org/testng/internal/ConfigurationMethod createAfterConfigurationMethods (Lorg/testng/ITestObjectFactory;[Lorg/testng/ITestNGMethod;Lorg/testng/internal/annotations/IAnnotationFinder;ZLjava/lang/Object;)[Lorg/testng/ITestNGMethod; 17 <appendix> form vmentry <vmtarget> ; # java/lang/invoke/LambdaForm$DMH+0x000000002308f400
instanceKlass  @bci org/testng/internal/ConfigurationMethod createAfterConfigurationMethods (Lorg/testng/ITestObjectFactory;[Lorg/testng/ITestNGMethod;Lorg/testng/internal/annotations/IAnnotationFinder;ZLjava/lang/Object;)[Lorg/testng/ITestNGMethod; 17 <appendix> member <vmtarget> ; # org/testng/internal/ConfigurationMethod$$Lambda+0x000000002308a260
instanceKlass  @cpi org/testng/internal/ConfigurationMethod 321 form vmentry <vmtarget> ; # java/lang/invoke/LambdaForm$DMH+0x000000002308f000
instanceKlass  @bci org/testng/internal/MethodHelper topologicalSort ([Lorg/testng/ITestNGMethod;Ljava/util/List;Ljava/util/List;Ljava/util/Comparator;)Lorg/testng/internal/Graph; 5 <appendix> member <vmtarget> ; # org/testng/internal/MethodHelper$$Lambda+0x00000000230897c8
instanceKlass org/testng/internal/Graph$Node
instanceKlass org/testng/internal/Graph
instanceKlass  @bci org/testng/internal/MethodHelper collectAndOrderMethods (Ljava/util/List;ZLorg/testng/internal/RunInfo;Lorg/testng/internal/annotations/IAnnotationFinder;ZLjava/util/List;Ljava/util/Comparator;)[Lorg/testng/ITestNGMethod; 43 <adapter> ; # java/lang/invoke/LambdaForm$MH+0x000000002308ec00
instanceKlass  @bci org/testng/TestRunner logStart ()V 33 <appendix> argL0 form vmentry <vmtarget> ; # java/lang/invoke/LambdaForm$DMH+0x000000002308e800
instanceKlass  @bci org/testng/internal/MethodHelper collectAndOrderMethods (Ljava/util/List;ZLorg/testng/internal/RunInfo;Lorg/testng/internal/annotations/IAnnotationFinder;ZLjava/util/List;Ljava/util/Comparator;)[Lorg/testng/ITestNGMethod; 43 <appendix> form vmentry <vmtarget> ; # java/lang/invoke/LambdaForm$DMH+0x000000002308e400
instanceKlass  @bci org/testng/internal/MethodHelper collectAndOrderMethods (Ljava/util/List;ZLorg/testng/internal/RunInfo;Lorg/testng/internal/annotations/IAnnotationFinder;ZLjava/util/List;Ljava/util/Comparator;)[Lorg/testng/ITestNGMethod; 43 <appendix> member <vmtarget> ; # org/testng/internal/MethodHelper$$Lambda+0x00000000230890f8
instanceKlass  @cpi org/testng/internal/MethodHelper 479 form vmentry <vmtarget> ; # java/lang/invoke/LambdaForm$DMH+0x000000002308e000
instanceKlass  @bci jdk/internal/net/http/HttpConnection nextLabel (Ljava/lang/String;)Ljava/lang/String; 7 <adapter> ; # java/lang/invoke/LambdaForm$MH+0x000000002308dc00
instanceKlass  @bci jdk/internal/net/http/HttpConnection nextLabel (Ljava/lang/String;)Ljava/lang/String; 7 <appendix> form vmentry <vmtarget> ; # java/lang/invoke/LambdaForm$MH+0x000000002308d800
instanceKlass  @bci jdk/internal/net/http/HttpConnection nextLabel (Ljava/lang/String;)Ljava/lang/String; 7 <appendix> form names 5 function resolvedHandle form vmentry <vmtarget> ; # java/lang/invoke/LambdaForm$DMH+0x000000002308d400
instanceKlass java/time/temporal/ValueRange
instanceKlass java/time/temporal/TemporalField
instanceKlass java/time/Instant$1
instanceKlass java/time/temporal/TemporalUnit
instanceKlass java/time/Duration
instanceKlass java/time/temporal/TemporalAmount
instanceKlass org/testng/internal/MethodGroupsHelper
instanceKlass java/time/Clock
instanceKlass java/time/InstantSource
instanceKlass java/time/Instant
instanceKlass java/time/temporal/TemporalAdjuster
instanceKlass java/time/temporal/Temporal
instanceKlass java/time/temporal/TemporalAccessor
instanceKlass org/testng/util/TimeUtils
instanceKlass  @bci org/testng/internal/MethodHelper collectAndOrderMethods (Ljava/util/List;ZLorg/testng/internal/RunInfo;Lorg/testng/internal/annotations/IAnnotationFinder;ZLjava/util/List;Ljava/util/Comparator;)[Lorg/testng/ITestNGMethod; 26 <adapter> ; # java/lang/invoke/LambdaForm$MH+0x000000002308cc00
# instanceKlass java/lang/invoke/LambdaForm$DMH+0x000000002308c800
instanceKlass  @bci org/testng/internal/MethodHelper collectAndOrderMethods (Ljava/util/List;ZLorg/testng/internal/RunInfo;Lorg/testng/internal/annotations/IAnnotationFinder;ZLjava/util/List;Ljava/util/Comparator;)[Lorg/testng/ITestNGMethod; 26 <appendix> form vmentry <vmtarget> ; # java/lang/invoke/LambdaForm$DMH+0x000000002308c400
instanceKlass  @bci org/testng/internal/MethodHelper collectAndOrderMethods (Ljava/util/List;ZLorg/testng/internal/RunInfo;Lorg/testng/internal/annotations/IAnnotationFinder;ZLjava/util/List;Ljava/util/Comparator;)[Lorg/testng/ITestNGMethod; 26 <appendix> member <vmtarget> ; # org/testng/internal/MethodHelper$$Lambda+0x0000000023088aa8
instanceKlass  @cpi org/testng/internal/MethodHelper 474 form vmentry <vmtarget> ; # java/lang/invoke/LambdaForm$DMH+0x000000002308c000
instanceKlass org/testng/util/TimeUtils$Task
instanceKlass org/testng/internal/MethodHelper
instanceKlass org/testng/internal/TestNGMethodFinder$1
instanceKlass  @bci org/testng/internal/ClassHelper getAvailableMethodsExcludingDefaults (Ljava/lang/Class;)Ljava/util/Set; 68 <appendix> argL0 ; # org/testng/internal/ClassHelper$$Lambda+0x0000000023088238
instanceKlass  @bci org/testng/internal/ClassHelper getAvailableMethodsExcludingDefaults (Ljava/lang/Class;)Ljava/util/Set; 47 <appendix> argL0 ; # org/testng/internal/ClassHelper$$Lambda+0x0000000023088000
instanceKlass  @bci org/testng/internal/ClassHelper getAvailableMethodsExcludingDefaults (Ljava/lang/Class;)Ljava/util/Set; 37 <appendix> argL0 ; # org/testng/internal/ClassHelper$$Lambda+0x0000000023081d80
instanceKlass  @bci java/util/stream/Collectors lambda$groupingBy$0 (Ljava/util/function/Function;Ljava/util/function/Supplier;Ljava/util/function/BiConsumer;Ljava/util/Map;Ljava/lang/Object;)V 20 <appendix> member <vmtarget> ; # java/util/stream/Collectors$$Lambda+0x00000000230c0498
instanceKlass  @bci java/util/stream/Collectors mapMerger (Ljava/util/function/BinaryOperator;)Ljava/util/function/BinaryOperator; 1 <appendix> member <vmtarget> ; # java/util/stream/Collectors$$Lambda+0x00000000230c0240
instanceKlass  @bci java/util/stream/Collectors groupingBy (Ljava/util/function/Function;Ljava/util/function/Supplier;Ljava/util/stream/Collector;)Ljava/util/stream/Collector; 19 <appendix> member <vmtarget> ; # java/util/stream/Collectors$$Lambda+0x00000000230c0000
instanceKlass  @cpi java/util/stream/Collectors 1306 form vmentry <vmtarget> ; # java/lang/invoke/LambdaForm$DMH+0x0000000023080c00
instanceKlass  @bci java/util/stream/Collectors groupingBy (Ljava/util/function/Function;Ljava/util/stream/Collector;)Ljava/util/stream/Collector; 1 <appendix> argL0 ; # java/util/stream/Collectors$$Lambda+0x000000002303fbd8
instanceKlass  @bci org/testng/internal/ClassHelper getAvailableMethodsExcludingDefaults (Ljava/lang/Class;)Ljava/util/Set; 9 <appendix> argL0 ; # org/testng/internal/ClassHelper$$Lambda+0x0000000023081b38
instanceKlass  @bci org/testng/internal/Utils stringifyTypes ([Ljava/lang/Class;)Ljava/lang/String; 4 <appendix> argL0 ; # org/testng/internal/Utils$$Lambda+0x00000000230814a0
instanceKlass java/util/stream/FindOps$FindOp
instanceKlass  @bci java/util/stream/FindOps$FindSink$OfRef <clinit> ()V 6 <appendix> argL0 ; # java/util/stream/FindOps$FindSink$OfRef$$Lambda+0x80000004e
instanceKlass  @bci java/util/stream/FindOps$FindSink$OfRef <clinit> ()V 0 <appendix> argL0 ; # java/util/stream/FindOps$FindSink$OfRef$$Lambda+0x80000004f
instanceKlass java/util/stream/FindOps$FindSink
instanceKlass java/util/stream/FindOps
instanceKlass  @bci org/testng/internal/TestNGMethod findDescription (Lorg/testng/annotations/ITestAnnotation;Lorg/testng/xml/XmlTest;)Ljava/lang/String; 68 <appendix> argL0 ; # org/testng/internal/TestNGMethod$$Lambda+0x0000000023081248
instanceKlass  @bci org/testng/internal/TestNGMethod findDescription (Lorg/testng/annotations/ITestAnnotation;Lorg/testng/xml/XmlTest;)Ljava/lang/String; 58 <appendix> argL0 ; # org/testng/internal/TestNGMethod$$Lambda+0x0000000023081000
instanceKlass  @bci org/testng/internal/TestNGMethod findDescription (Lorg/testng/annotations/ITestAnnotation;Lorg/testng/xml/XmlTest;)Ljava/lang/String; 48 <appendix> member <vmtarget> ; # org/testng/internal/TestNGMethod$$Lambda+0x0000000023083d48
instanceKlass org/testng/xml/XmlInclude
instanceKlass  @bci org/testng/internal/TestNGMethod findDescription (Lorg/testng/annotations/ITestAnnotation;Lorg/testng/xml/XmlTest;)Ljava/lang/String; 37 <appendix> argL0 ; # org/testng/internal/TestNGMethod$$Lambda+0x0000000023083880
instanceKlass  @bci org/testng/internal/TestNGMethod findDescription (Lorg/testng/annotations/ITestAnnotation;Lorg/testng/xml/XmlTest;)Ljava/lang/String; 27 <appendix> member <vmtarget> ; # org/testng/internal/TestNGMethod$$Lambda+0x0000000023083620
instanceKlass org/testng/internal/ConstructorOrMethod
instanceKlass org/testng/internal/BaseTestMethod
instanceKlass org/testng/internal/invokers/IInvocationStatus
instanceKlass  @bci jdk/internal/net/http/Http1Response lambda$readBody$0 (JLjava/net/http/HttpResponse$BodySubscriber;Ljava/util/concurrent/CompletableFuture;Ljdk/internal/net/http/Http1Response$ClientRefCountTracker;)V 169 <appendix> form vmentry <vmtarget> ; # java/lang/invoke/LambdaForm$DMH+0x0000000023080800
instanceKlass  @bci org/testng/internal/annotations/AnnotationHelper findMethodsWithAnnotation (Lorg/testng/ITestObjectFactory;Ljava/lang/Class;Ljava/lang/Class;Lorg/testng/internal/annotations/IAnnotationFinder;Lorg/testng/xml/XmlTest;)[Lorg/testng/ITestNGMethod; 293 <appendix> member <vmtarget> ; # org/testng/internal/annotations/AnnotationHelper$$Lambda+0x0000000023082000
instanceKlass  @bci java/util/stream/MatchOps makeRef (Ljava/util/function/Predicate;Ljava/util/stream/MatchOps$MatchKind;)Ljava/util/stream/TerminalOp; 20 <appendix> member <vmtarget> ; # java/util/stream/MatchOps$$Lambda+0x800000004
instanceKlass java/util/stream/MatchOps$BooleanTerminalSink
instanceKlass java/util/stream/MatchOps$MatchOp
instanceKlass java/util/stream/MatchOps
instanceKlass  @bci org/testng/internal/annotations/AnnotationHelper findMethodsWithAnnotation (Lorg/testng/ITestObjectFactory;Ljava/lang/Class;Ljava/lang/Class;Lorg/testng/internal/annotations/IAnnotationFinder;Lorg/testng/xml/XmlTest;)[Lorg/testng/ITestNGMethod; 247 <appendix> argL0 ; # org/testng/internal/annotations/AnnotationHelper$$Lambda+0x0000000023087b70
instanceKlass  @bci org/testng/internal/annotations/AnnotationHelper findMethodsWithAnnotation (Lorg/testng/ITestObjectFactory;Ljava/lang/Class;Ljava/lang/Class;Lorg/testng/internal/annotations/IAnnotationFinder;Lorg/testng/xml/XmlTest;)[Lorg/testng/ITestNGMethod; 13 <appendix> argL0 ; # org/testng/internal/annotations/AnnotationHelper$$Lambda+0x0000000023087918
instanceKlass org/testng/ITest
instanceKlass org/testng/internal/IParameterInfo
instanceKlass org/testng/annotations/Guice
instanceKlass org/testng/internal/objects/pojo/CreationAttributes
instanceKlass org/testng/internal/objects/pojo/DetailedAttributes
instanceKlass org/testng/internal/objects/pojo/BasicAttributes
instanceKlass org/testng/internal/NoOpTestClass
instanceKlass org/testng/internal/ITestClassConfigInfo
instanceKlass org/testng/ITestClass
instanceKlass java/util/TreeMap$PrivateEntryIterator
instanceKlass  @bci org/testng/internal/TestNGMethodFinder <clinit> ()V 0 <appendix> argL0 ; # org/testng/internal/TestNGMethodFinder$$Lambda+0x0000000023085b68
instanceKlass org/testng/internal/TestNGMethodFinder
instanceKlass  @bci org/testng/internal/ClassHelper findDeclaredFactoryMethods (Ljava/lang/Class;Lorg/testng/internal/annotations/IAnnotationFinder;)Ljava/util/List; 9 <appendix> member <vmtarget> ; # org/testng/internal/ClassHelper$$Lambda+0x0000000023085650
instanceKlass org/testng/internal/ClassImpl
instanceKlass  @bci org/testng/internal/BaseClassFinder findOrCreateIClass (Lorg/testng/ITestContext;Ljava/lang/Class;Lorg/testng/xml/XmlClass;Ljava/lang/Object;Lorg/testng/internal/annotations/IAnnotationFinder;Lorg/testng/ITestObjectFactory;)Lorg/testng/IClass; 14 <appendix> form vmentry <vmtarget> ; # java/lang/invoke/LambdaForm$DMH+0x0000000023080400
instanceKlass  @bci org/testng/internal/BaseClassFinder findOrCreateIClass (Lorg/testng/ITestContext;Ljava/lang/Class;Lorg/testng/xml/XmlClass;Ljava/lang/Object;Lorg/testng/internal/annotations/IAnnotationFinder;Lorg/testng/ITestObjectFactory;)Lorg/testng/IClass; 14 <appendix> member <vmtarget> ; # org/testng/internal/BaseClassFinder$$Lambda+0x0000000023085148
instanceKlass jdk/internal/vm/annotation/IntrinsicCandidate
instanceKlass java/lang/Package$1PackageInfoProxy
instanceKlass org/testng/internal/annotations/BaseAnnotation
instanceKlass  @bci org/testng/internal/annotations/JDK15AnnotationFinder findAnnotation (Ljava/lang/Class;Ljava/lang/annotation/Annotation;Ljava/lang/Class;Ljava/lang/Class;Ljava/lang/reflect/Constructor;Ljava/lang/reflect/Method;Lorg/testng/internal/collections/Pair;Ljava/lang/Class;)Lorg/testng/annotations/IAnnotation; 27 <appendix> form vmentry <vmtarget> ; # java/lang/invoke/LambdaForm$DMH+0x0000000023080000
instanceKlass  @bci org/testng/internal/annotations/JDK15AnnotationFinder findAnnotation (Ljava/lang/Class;Ljava/lang/annotation/Annotation;Ljava/lang/Class;Ljava/lang/Class;Ljava/lang/reflect/Constructor;Ljava/lang/reflect/Method;Lorg/testng/internal/collections/Pair;Ljava/lang/Class;)Lorg/testng/annotations/IAnnotation; 27 <appendix> member <vmtarget> ; # org/testng/internal/annotations/JDK15AnnotationFinder$$Lambda+0x000000002307d670
instanceKlass  @bci java/lang/reflect/Executable sharedToString (IZ[Ljava/lang/Class;[Ljava/lang/Class;)Ljava/lang/String; 29 <appendix> argL0 ; # java/lang/reflect/Executable$$Lambda+0x000000002303e8f8
instanceKlass  @bci sun/reflect/annotation/AnnotationInvocationHandler memberValueToString (Ljava/lang/Object;)Ljava/lang/String; 407 <appendix> argL0 ; # sun/reflect/annotation/AnnotationInvocationHandler$$Lambda+0x000000002303e6b0
instanceKlass  @bci sun/reflect/annotation/AnnotationInvocationHandler memberValueToString (Ljava/lang/Object;)Ljava/lang/String; 355 <appendix> argL0 ; # sun/reflect/annotation/AnnotationInvocationHandler$$Lambda+0x000000002303e468
instanceKlass  @bci java/util/stream/Collectors joining (Ljava/lang/CharSequence;Ljava/lang/CharSequence;Ljava/lang/CharSequence;)Ljava/util/stream/Collector; 22 <appendix> argL0 ; # java/util/stream/Collectors$$Lambda+0x800000049
instanceKlass  @bci java/util/stream/Collectors joining (Ljava/lang/CharSequence;Ljava/lang/CharSequence;Ljava/lang/CharSequence;)Ljava/util/stream/Collector; 17 <appendix> argL0 ; # java/util/stream/Collectors$$Lambda+0x800000047
instanceKlass  @bci java/util/stream/Collectors joining (Ljava/lang/CharSequence;Ljava/lang/CharSequence;Ljava/lang/CharSequence;)Ljava/util/stream/Collector; 12 <appendix> argL0 ; # java/util/stream/Collectors$$Lambda+0x800000044
instanceKlass  @bci java/util/stream/Collectors joining (Ljava/lang/CharSequence;Ljava/lang/CharSequence;Ljava/lang/CharSequence;)Ljava/util/stream/Collector; 7 <appendix> member <vmtarget> ; # java/util/stream/Collectors$$Lambda+0x80000004c
instanceKlass  @bci sun/reflect/annotation/AnnotationInvocationHandler memberValueToString (Ljava/lang/Object;)Ljava/lang/String; 327 <appendix> argL0 ; # sun/reflect/annotation/AnnotationInvocationHandler$$Lambda+0x000000002303e220
instanceKlass org/testng/collections/Objects$ValueHolder
instanceKlass org/testng/collections/Objects$ToStringHelper
instanceKlass org/testng/collections/Objects
instanceKlass  @bci org/testng/internal/ClassHelper appendMethod (Ljava/util/Map;Ljava/lang/reflect/Method;)V 5 <appendix> argL0 ; # org/testng/internal/ClassHelper$$Lambda+0x000000002307fda0
instanceKlass java/util/stream/ReferencePipeline$7$1FlatMap
instanceKlass  @bci org/testng/internal/reflect/ReflectionHelper getDefaultMethods (Ljava/lang/Class;)Ljava/util/List; 19 <appendix> argL0 ; # org/testng/internal/reflect/ReflectionHelper$$Lambda+0x000000002307fb48
instanceKlass  @bci org/testng/internal/reflect/ReflectionHelper getDefaultMethods (Ljava/lang/Class;)Ljava/util/List; 9 <appendix> argL0 ; # org/testng/internal/reflect/ReflectionHelper$$Lambda+0x000000002307f900
instanceKlass java/util/LinkedList$Node
instanceKlass org/testng/internal/reflect/ReflectionHelper
instanceKlass java/util/Arrays$ArrayItr
instanceKlass java/lang/annotation/Documented
instanceKlass org/testng/internal/annotations/DisabledRetryAnalyzer
instanceKlass org/testng/IRetryAnalyzer
instanceKlass  @bci sun/reflect/annotation/AnnotationParser parseClassArray (ILjava/nio/ByteBuffer;Ljdk/internal/reflect/ConstantPool;Ljava/lang/Class;)Ljava/lang/Object; 10 <appendix> member <vmtarget> ; # sun/reflect/annotation/AnnotationParser$$Lambda+0x000000002303cac0
instanceKlass  @bci sun/reflect/annotation/AnnotationParser parseAnnotationArray (ILjava/lang/Class;Ljava/nio/ByteBuffer;Ljdk/internal/reflect/ConstantPool;Ljava/lang/Class;)Ljava/lang/Object; 15 <appendix> member <vmtarget> ; # sun/reflect/annotation/AnnotationParser$$Lambda+0x000000002303c890
instanceKlass org/testng/annotations/CustomAttribute
instanceKlass org/testng/annotations/IConfigurationAnnotation
instanceKlass org/testng/internal/annotations/AnnotationHelper
instanceKlass  @bci org/testng/internal/TestNGClassFinder createObjectFactory (Ljava/util/Set;Lorg/testng/ITestObjectFactory;)Lorg/testng/ITestObjectFactory; 109 <appendix> argL0 ; # org/testng/internal/TestNGClassFinder$$Lambda+0x000000002307e000
instanceKlass  @bci org/testng/internal/TestNGClassFinder createObjectFactory (Ljava/util/Set;Lorg/testng/ITestObjectFactory;)Lorg/testng/ITestObjectFactory; 99 <appendix> member <vmtarget> ; # org/testng/internal/TestNGClassFinder$$Lambda+0x000000002307bcc8
instanceKlass org/openqa/selenium/WebDriver
instanceKlass org/openqa/selenium/SearchContext
instanceKlass org/testng/internal/BaseClassFinder
instanceKlass org/testng/ITestClassFinder
instanceKlass org/testng/internal/ClassInfoMap
instanceKlass org/testng/internal/MethodSelectorDescriptor
instanceKlass  @bci jdk/internal/net/http/Http1Request hostString ()Ljava/lang/String; 78 <appendix> form vmentry <vmtarget> ; # java/lang/invoke/LambdaForm$MH+0x000000002307cc00
instanceKlass  @bci java/util/stream/Collectors uniqKeysMapMerger ()Ljava/util/function/BinaryOperator; 0 <appendix> argL0 ; # java/util/stream/Collectors$$Lambda+0x000000002303c3d0
instanceKlass  @bci java/util/stream/Collectors uniqKeysMapAccumulator (Ljava/util/function/Function;Ljava/util/function/Function;)Ljava/util/function/BiConsumer; 2 <appendix> member <vmtarget> ; # java/util/stream/Collectors$$Lambda+0x000000002303c190
instanceKlass  @bci java/util/stream/Collectors toMap (Ljava/util/function/Function;Ljava/util/function/Function;)Ljava/util/stream/Collector; 4 <appendix> argL0 ; # java/util/stream/Collectors$$Lambda+0x000000002303bf68
instanceKlass  @bci org/testng/internal/GroupsHelper createGroups (Ljava/util/Map;Ljava/util/List;)Ljava/util/Map; 16 <appendix> argL0 ; # org/testng/internal/GroupsHelper$$Lambda+0x000000002307ab08
instanceKlass  @bci org/testng/internal/GroupsHelper createGroups (Ljava/util/Map;Ljava/util/List;)Ljava/util/Map; 11 <appendix> argL0 ; # org/testng/internal/GroupsHelper$$Lambda+0x000000002307a8c0
instanceKlass org/testng/internal/GroupsHelper
instanceKlass  @bci java/util/logging/SimpleFormatter format (Ljava/util/logging/LogRecord;)Ljava/lang/String; 35 <appendix> form vmentry <vmtarget> ; # java/lang/invoke/LambdaForm$MH+0x000000002307c400
instanceKlass org/testng/IMethodInstance
instanceKlass org/testng/IExpectedExceptionsHolder
instanceKlass org/testng/internal/invokers/IMethodRunner
instanceKlass org/testng/IInvokedMethod
instanceKlass org/testng/ITestResult
instanceKlass org/testng/internal/invokers/BaseInvoker
instanceKlass  @bci org/testng/internal/invokers/Invoker <clinit> ()V 8 <appendix> argL0 ; # org/testng/internal/invokers/Invoker$$Lambda+0x0000000023078668
instanceKlass  @bci org/testng/internal/invokers/Invoker <clinit> ()V 0 <appendix> argL0 ; # org/testng/internal/invokers/Invoker$$Lambda+0x0000000023078410
instanceKlass org/testng/IClass
instanceKlass java/util/function/BiPredicate
instanceKlass org/testng/internal/invokers/ITestInvoker
instanceKlass org/testng/internal/invokers/IConfigInvoker
instanceKlass org/testng/internal/invokers/Invoker
instanceKlass org/testng/PreserveOrderMethodInterceptor
instanceKlass  @bci org/testng/TestRunner <init> (Lorg/testng/internal/IConfiguration;Lorg/testng/ISuite;Lorg/testng/xml/XmlTest;Ljava/lang/String;Lorg/testng/internal/annotations/IAnnotationFinder;ZLjava/util/Collection;Ljava/util/List;Ljava/util/Comparator;Lorg/testng/DataProviderHolder;Lorg/testng/ISuiteRunnerListener;)V 235 <appendix> member <vmtarget> ; # org/testng/TestRunner$$Lambda+0x0000000023073c50
instanceKlass org/testng/internal/RunInfo
instanceKlass org/testng/internal/ResultMap
instanceKlass org/testng/collections/MultiMap
instanceKlass org/testng/internal/XmlMethodSelector
instanceKlass  @bci org/testng/TestRunner <init> (Lorg/testng/internal/IConfiguration;Lorg/testng/ISuite;Lorg/testng/xml/XmlTest;Ljava/lang/String;Lorg/testng/internal/annotations/IAnnotationFinder;ZLjava/util/Collection;Ljava/util/List;Ljava/util/Comparator;Lorg/testng/DataProviderHolder;Lorg/testng/ISuiteRunnerListener;)V 99 <appendix> member <vmtarget> ; # org/testng/TestRunner$$Lambda+0x0000000023077c00
instanceKlass org/testng/internal/TestMethodContainer
instanceKlass org/testng/TestRunner$ConfigurationListener
instanceKlass  @bci org/apache/commons/io/FileUtils listFiles (Ljava/io/File;[Ljava/lang/String;Z)Ljava/util/Collection; 3 <adapter> ; # java/lang/invoke/LambdaForm$MH+0x0000000023072400
instanceKlass  @bci org/testng/SuiteRunner getOutputDirectory ()Ljava/lang/String; 11 <appendix> form vmentry <vmtarget> ; # java/lang/invoke/LambdaForm$MH+0x0000000023072000
instanceKlass  @bci org/testng/SuiteRunner getOutputDirectory ()Ljava/lang/String; 11 <appendix> form names 6 function resolvedHandle form vmentry <vmtarget> ; # java/lang/invoke/LambdaForm$DMH+0x0000000023071c00
instanceKlass java/lang/StringConcatHelper$StringConcatBase
instanceKlass java/lang/invoke/StringConcatFactory$InlineHiddenClassStrategy$6
instanceKlass java/lang/invoke/StringConcatFactory$InlineHiddenClassStrategy$3$4
instanceKlass java/lang/invoke/StringConcatFactory$InlineHiddenClassStrategy$4
instanceKlass java/lang/invoke/StringConcatFactory$InlineHiddenClassStrategy$3$1
instanceKlass java/lang/invoke/StringConcatFactory$InlineHiddenClassStrategy$7
instanceKlass java/lang/invoke/StringConcatFactory$InlineHiddenClassStrategy$3$2
instanceKlass java/lang/invoke/StringConcatFactory$InlineHiddenClassStrategy$5
instanceKlass java/lang/invoke/StringConcatFactory$InlineHiddenClassStrategy$3$3
instanceKlass java/lang/invoke/StringConcatFactory$InlineHiddenClassStrategy$3
instanceKlass java/lang/invoke/StringConcatFactory$InlineHiddenClassStrategy$2
instanceKlass java/lang/invoke/StringConcatFactory$InlineHiddenClassStrategy$1
instanceKlass java/lang/invoke/StringConcatFactory$InlineHiddenClassStrategy
instanceKlass org/testng/ITestMethodFinder
instanceKlass org/testng/internal/invokers/IInvoker
instanceKlass org/testng/IResultMap
instanceKlass org/testng/internal/IContainer
instanceKlass org/testng/TestRunner
instanceKlass org/testng/internal/IConfigEavesdropper
instanceKlass org/testng/internal/ITestResultNotifier
instanceKlass  @bci org/testng/SuiteRunner init (Lorg/testng/internal/IConfiguration;Lorg/testng/xml/XmlSuite;Ljava/lang/String;Lorg/testng/ITestRunnerFactory;ZLjava/util/List;Ljava/util/Collection;Lorg/testng/SuiteRunner$TestListenersContainer;Ljava/util/Collection;Lorg/testng/DataProviderHolder;Ljava/util/Comparator;)V 389 <appendix> argL0 ; # org/testng/SuiteRunner$$Lambda+0x0000000023076188
instanceKlass  @cpi org/openqa/selenium/json/JsonTypeCoercer 403 form vmentry <vmtarget> ; # java/lang/invoke/LambdaForm$DMH+0x0000000023071400
instanceKlass org/testng/SuiteRunner$DefaultTestRunnerFactory
instanceKlass org/testng/internal/Attributes
instanceKlass org/testng/SuiteRunState
instanceKlass java/util/Collections$SynchronizedMap
instanceKlass org/testng/internal/Systematiser$3
instanceKlass org/testng/internal/Systematiser$4
instanceKlass  @bci org/testng/internal/Systematiser <clinit> ()V 48 <appendix> argL0 ; # org/testng/internal/Systematiser$$Lambda+0x0000000023074b48
instanceKlass  @bci org/testng/internal/Systematiser <clinit> ()V 38 <appendix> argL0 ; # org/testng/internal/Systematiser$$Lambda+0x0000000023074900
instanceKlass  @bci org/testng/internal/Systematiser <clinit> ()V 28 <appendix> argL0 ; # org/testng/internal/Systematiser$$Lambda+0x00000000230746b8
instanceKlass  @bci org/testng/internal/Systematiser <clinit> ()V 18 <appendix> argL0 ; # org/testng/internal/Systematiser$$Lambda+0x0000000023074470
instanceKlass  @cpi org/openqa/selenium/json/JsonOutput 826 form vmentry <vmtarget> ; # java/lang/invoke/LambdaForm$DMH+0x0000000023071000
instanceKlass  @bci java/util/Comparator thenComparing (Ljava/util/Comparator;)Ljava/util/Comparator; 7 <appendix> member <vmtarget> ; # java/util/Comparator$$Lambda+0x000000002303b450
instanceKlass  @cpi java/util/function/BiPredicate 54 form vmentry <vmtarget> ; # java/lang/invoke/LambdaForm$DMH+0x0000000023070c00
instanceKlass  @bci java/util/Comparator comparing (Ljava/util/function/Function;)Ljava/util/Comparator; 6 <appendix> member <vmtarget> ; # java/util/Comparator$$Lambda+0x000000002303b188
instanceKlass  @bci org/testng/internal/Systematiser <clinit> ()V 8 <appendix> argL0 ; # org/testng/internal/Systematiser$$Lambda+0x0000000023074228
instanceKlass  @bci java/util/Comparator comparingInt (Ljava/util/function/ToIntFunction;)Ljava/util/Comparator; 6 <appendix> member <vmtarget> ; # java/util/Comparator$$Lambda+0x000000002303aec0
instanceKlass java/lang/classfile/constantpool/IntegerEntry
instanceKlass java/lang/invoke/InnerClassLambdaMetafactory$4
instanceKlass java/lang/invoke/InnerClassLambdaMetafactory$SerializationSupport
instanceKlass  @cpi jdk/internal/net/http/Http1Request 511 form vmentry <vmtarget> ; # java/lang/invoke/LambdaForm$DMH+0x0000000023070800
instanceKlass  @bci org/testng/internal/Systematiser <clinit> ()V 0 <appendix> argL0 ; # org/testng/internal/Systematiser$$Lambda+0x0000000023074000
instanceKlass  @cpi org/testng/internal/invokers/ConfigInvoker 682 form vmentry <vmtarget> ; # java/lang/invoke/LambdaForm$DMH+0x0000000023070400
instanceKlass java/util/function/ToIntFunction
instanceKlass org/testng/internal/Systematiser
instanceKlass org/testng/ISuiteResult
instanceKlass org/testng/ITestContext
instanceKlass org/testng/ITestRunnerFactory
instanceKlass  @bci org/testng/SuiteRunner$TestListenersContainer <init> (Ljava/util/List;Lorg/testng/ITestListener;)V 25 <appendix> member <vmtarget> ; # org/testng/SuiteRunner$TestListenersContainer$$Lambda+0x000000002306f4f8
instanceKlass org/testng/SuiteRunner
instanceKlass org/testng/ISuiteRunnerListener
instanceKlass org/testng/SuiteRunner$TestListenersContainer
instanceKlass  @bci org/testng/DataProviderHolder addInterceptors (Ljava/util/Collection;)V 2 <appendix> member <vmtarget> ; # org/testng/DataProviderHolder$$Lambda+0x000000002306ea30
instanceKlass  @bci org/testng/DataProviderHolder addListeners (Ljava/util/Collection;)V 2 <appendix> member <vmtarget> ; # org/testng/DataProviderHolder$$Lambda+0x000000002306e7f0
instanceKlass org/testng/DataProviderHolder
instanceKlass org/testng/internal/invokers/SuiteRunnerMap
instanceKlass org/testng/internal/collections/Pair
instanceKlass java/util/stream/ForEachOps$ForEachOp
instanceKlass java/util/stream/ForEachOps
instanceKlass  @bci org/testng/internal/ListenerOrderDeterminer arrange (Ljava/util/Collection;)Lorg/testng/internal/collections/Pair; 34 <appendix> member <vmtarget> ; # org/testng/internal/ListenerOrderDeterminer$$Lambda+0x000000002306df08
instanceKlass  @cpi org/openqa/selenium/Proxy 459 form vmentry <vmtarget> ; # java/lang/invoke/LambdaForm$DMH+0x0000000023070000
instanceKlass  @bci org/testng/internal/ListenerOrderDeterminer arrange (Ljava/util/Collection;)Lorg/testng/internal/collections/Pair; 22 <appendix> argL0 ; # org/testng/internal/ListenerOrderDeterminer$$Lambda+0x000000002306dcb0
instanceKlass java/util/ArrayList$ArrayListSpliterator
instanceKlass  @bci org/testng/internal/ListenerOrderDeterminer <clinit> ()V 32 <appendix> argL0 ; # org/testng/internal/ListenerOrderDeterminer$$Lambda+0x000000002306da58
instanceKlass  @bci org/testng/internal/ListenerOrderDeterminer <clinit> ()V 8 <appendix> argL0 ; # org/testng/internal/ListenerOrderDeterminer$$Lambda+0x000000002306d810
instanceKlass org/testng/internal/ListenerOrderDeterminer
instanceKlass org/testng/xml/internal/XmlSuiteUtils
instanceKlass org/testng/reporters/JUnitReportReporter
instanceKlass org/testng/reporters/EmailableReporter2
instanceKlass org/testng/reporters/RuntimeBehavior
instanceKlass org/testng/reporters/XMLReporterConfig
instanceKlass org/testng/reporters/AbstractXmlReporter
instanceKlass org/testng/reporters/ICustomizeXmlReport
instanceKlass org/testng/reporters/FailedReporter
instanceKlass org/testng/reporters/jq/Main
instanceKlass org/testng/internal/objects/InstanceCreator
instanceKlass org/testng/internal/invokers/objects/GuiceContext
instanceKlass org/testng/internal/objects/SimpleObjectDispenser
instanceKlass org/testng/internal/objects/GuiceBasedObjectDispenser
instanceKlass org/testng/internal/objects/IObjectDispenser
instanceKlass org/testng/internal/objects/Dispenser
instanceKlass org/testng/internal/OverrideProcessor
instanceKlass org/testng/IDataProviderInterceptor
instanceKlass org/testng/IDataProviderListener
instanceKlass org/testng/IAlterSuiteListener
instanceKlass java/util/concurrent/locks/AbstractQueuedSynchronizer$Node
instanceKlass org/testng/IConfigurable
instanceKlass java/io/FileOutputStream$1
instanceKlass org/testng/IHookable
instanceKlass org/testng/IInvokedMethodListener
instanceKlass org/testng/IMethodInterceptor
instanceKlass org/testng/IClassListener
instanceKlass org/testng/IExecutionVisualiser
instanceKlass org/apache/maven/surefire/shade/org/apache/commons/io/IOUtils
instanceKlass org/apache/maven/surefire/testng/TestNGReporter
instanceKlass org/testng/ISuiteListener
instanceKlass org/testng/internal/IResultListener
instanceKlass org/testng/IConfigurationListener
instanceKlass org/testng/internal/ReporterConfig
instanceKlass java/util/Formatter$Flags
instanceKlass java/util/Formattable
instanceKlass java/util/Formatter$FormatSpecifier
instanceKlass java/util/Formatter$Conversion
instanceKlass java/util/Formatter$FormatString
instanceKlass java/util/Formatter
instanceKlass org/testng/internal/RuntimeBehavior
instanceKlass  @bci org/testng/TestNG configure (Lorg/testng/CommandLineArgs;)V 67 <appendix> member <vmtarget> ; # org/testng/TestNG$$Lambda+0x0000000023066c00
instanceKlass  @bci org/testng/TestNG configure (Lorg/testng/CommandLineArgs;)V 40 <appendix> member <vmtarget> ; # org/testng/TestNG$$Lambda+0x0000000023067d30
instanceKlass  @bci org/testng/TestNG configure (Lorg/testng/CommandLineArgs;)V 24 <appendix> member <vmtarget> ; # org/testng/TestNG$$Lambda+0x0000000023067af0
instanceKlass  @bci org/testng/TestNG configure (Lorg/testng/CommandLineArgs;)V 8 <appendix> member <vmtarget> ; # org/testng/TestNG$$Lambda+0x00000000230678b0
instanceKlass java/lang/invoke/TypeConvertingMethodAdapter$BoxHolder
instanceKlass java/lang/invoke/TypeConvertingMethodAdapter$1
instanceKlass  @cpi org/testng/TestNG 1641 form vmentry <vmtarget> ; # java/lang/invoke/LambdaForm$DMH+0x0000000023066800
instanceKlass org/testng/internal/ClassHelper
instanceKlass org/testng/xml/XmlClass
instanceKlass jdk/internal/util/ByteArrayLittleEndian
instanceKlass java/lang/invoke/StringConcatFactory
instanceKlass org/testng/xml/XmlTest
instanceKlass org/testng/util/Strings
instanceKlass sun/security/provider/AbstractDrbg$NonceProvider
instanceKlass  @bci sun/security/provider/AbstractDrbg$SeederHolder <clinit> ()V 42 <appendix> member <vmtarget> ; # sun/security/provider/AbstractDrbg$SeederHolder$$Lambda+0x0000000023036cd0
instanceKlass  @cpi sun/security/provider/AbstractDrbg$SeederHolder 91 form vmentry <vmtarget> ; # java/lang/invoke/LambdaForm$DMH+0x0000000023066400
# instanceKlass java/lang/invoke/LambdaForm$DMH+0x0000000023066000
instanceKlass java/text/CalendarBuilder
instanceKlass java/util/regex/Matcher$ImmutableMatchResult
instanceKlass sun/nio/fs/BasicFileAttributesHolder
instanceKlass sun/nio/fs/WindowsDirectoryStream$WindowsDirectoryIterator
instanceKlass sun/nio/fs/WindowsDirectoryStream
instanceKlass java/nio/file/DirectoryStream
instanceKlass java/nio/file/Files$AcceptAllFilter
instanceKlass java/nio/file/DirectoryStream$Filter
instanceKlass java/net/NetworkInterface$1
instanceKlass java/net/DefaultInterface
instanceKlass java/net/Inet6Address$Inet6AddressHolder
instanceKlass java/net/InetAddress$PlatformResolver
instanceKlass java/net/spi/InetAddressResolver
instanceKlass java/net/spi/InetAddressResolver$LookupPolicy
instanceKlass java/net/Inet4AddressImpl
instanceKlass java/net/Inet6AddressImpl
instanceKlass java/net/InetAddressImpl
instanceKlass java/util/concurrent/ConcurrentSkipListMap$Node
instanceKlass java/util/concurrent/ConcurrentSkipListMap$Index
instanceKlass java/util/concurrent/ConcurrentNavigableMap
instanceKlass java/util/NavigableSet
instanceKlass java/util/SortedSet
instanceKlass java/net/InetAddress$InetAddressHolder
instanceKlass jdk/internal/util/Exceptions
instanceKlass java/net/InetAddress$1
instanceKlass jdk/internal/access/JavaNetInetAddressAccess
instanceKlass java/net/InetAddress
instanceKlass java/net/InterfaceAddress
instanceKlass java/net/NetworkInterface
instanceKlass sun/security/provider/ByteArrayAccess$BE
instanceKlass sun/security/provider/ByteArrayAccess
instanceKlass sun/security/util/MessageDigestSpi2
instanceKlass sun/security/jca/GetInstance$Instance
instanceKlass sun/security/jca/GetInstance
instanceKlass sun/security/util/SecurityProperties
instanceKlass sun/security/util/CryptoAlgorithmConstraints$CryptoHolder
instanceKlass sun/security/util/AbstractAlgorithmConstraints
instanceKlass java/security/AlgorithmConstraints
instanceKlass java/security/MessageDigestSpi
instanceKlass sun/security/provider/SeedGenerator
instanceKlass sun/security/provider/AbstractDrbg$SeederHolder
instanceKlass java/security/DrbgParameters$NextBytes
instanceKlass  @bci sun/security/provider/AbstractDrbg <clinit> ()V 12 <appendix> argL0 ; # sun/security/provider/AbstractDrbg$$Lambda+0x0000000023031de8
instanceKlass  @cpi sun/security/provider/AbstractDrbg 383 form vmentry <vmtarget> ; # java/lang/invoke/LambdaForm$DMH+0x0000000023065c00
# instanceKlass java/lang/invoke/LambdaForm$DMH+0x0000000023065800
instanceKlass sun/security/provider/EntropySource
instanceKlass sun/security/provider/AbstractDrbg
instanceKlass java/security/DrbgParameters$Instantiation
instanceKlass java/security/DrbgParameters
instanceKlass sun/security/provider/MoreDrbgParameters
instanceKlass java/security/SecureRandomSpi
instanceKlass sun/security/util/SecurityProviderConstants
instanceKlass java/security/Provider$UString
instanceKlass java/security/Provider$Service
instanceKlass sun/security/provider/NativePRNG$NonBlocking
instanceKlass sun/security/provider/NativePRNG$Blocking
instanceKlass sun/security/provider/NativePRNG
instanceKlass sun/security/provider/SunEntries
instanceKlass java/security/Permission
instanceKlass java/security/Guard
instanceKlass sun/security/util/SecurityConstants
instanceKlass java/util/AbstractList$Itr
instanceKlass java/security/Security$2
instanceKlass jdk/internal/access/JavaSecurityPropertiesAccess
instanceKlass sun/nio/ch/IOStatus
instanceKlass sun/nio/ch/Util$BufferCache
instanceKlass sun/nio/ch/Util
instanceKlass sun/nio/ch/NativeThread
instanceKlass sun/nio/ch/SelChImpl
instanceKlass java/nio/channels/NetworkChannel
instanceKlass sun/nio/ch/Streams
instanceKlass java/nio/channels/Channels
instanceKlass sun/nio/ch/FileChannelImpl$Closer
instanceKlass sun/nio/ch/NativeThreadSet
instanceKlass java/nio/channels/spi/AbstractInterruptibleChannel$1
instanceKlass sun/nio/ch/Interruptible
instanceKlass sun/nio/ch/IOUtil
instanceKlass sun/nio/ch/NativeDispatcher
instanceKlass java/nio/channels/ScatteringByteChannel
instanceKlass java/nio/channels/GatheringByteChannel
instanceKlass java/nio/channels/SeekableByteChannel
instanceKlass java/nio/channels/ByteChannel
instanceKlass java/nio/channels/WritableByteChannel
instanceKlass java/nio/channels/ReadableByteChannel
instanceKlass java/nio/channels/spi/AbstractInterruptibleChannel
instanceKlass java/nio/channels/InterruptibleChannel
instanceKlass java/nio/channels/Channel
instanceKlass sun/nio/fs/WindowsChannelFactory$Flags
instanceKlass sun/nio/fs/WindowsChannelFactory$1
instanceKlass sun/nio/fs/WindowsChannelFactory
instanceKlass sun/nio/fs/WindowsSecurityDescriptor
instanceKlass java/nio/file/attribute/FileAttribute
instanceKlass java/net/URI$Parser
instanceKlass java/nio/file/FileSystems$DefaultFileSystemHolder
instanceKlass java/nio/file/FileSystems
instanceKlass java/security/Security$SecPropLoader
instanceKlass java/security/Security
instanceKlass javax/security/auth/login/Configuration$Parameters
instanceKlass java/security/Policy$Parameters
instanceKlass javax/crypto/KDFParameters
instanceKlass java/security/cert/CertStoreParameters
instanceKlass java/security/SecureRandomParameters
instanceKlass java/security/Provider$EngineDescription
instanceKlass  @bci java/security/Provider <clinit> ()V 28 <appendix> argL0 ; # java/security/Provider$$Lambda+0x000000002302c800
instanceKlass  @cpi jdk/internal/net/http/AltSvcProcessor 624 form vmentry <vmtarget> ; # java/lang/invoke/LambdaForm$DMH+0x0000000023065400
instanceKlass java/security/Provider$ServiceKey
instanceKlass sun/security/jca/ProviderConfig
instanceKlass sun/security/jca/ProviderList
instanceKlass sun/security/jca/Providers
instanceKlass java/util/UUID$Holder
instanceKlass java/util/UUID
instanceKlass org/apache/maven/surefire/testng/TestNGExecutor$SuiteAndNamedTests
instanceKlass java/lang/Class$AnnotationData
instanceKlass java/lang/annotation/Target
instanceKlass java/util/TimSort
instanceKlass java/util/Arrays$LegacyMergeSort
instanceKlass jdk/internal/classfile/impl/StackMapDecoder$1
instanceKlass jdk/internal/classfile/impl/StackMapDecoder
instanceKlass jdk/internal/classfile/impl/StackCounter
instanceKlass  @bci java/lang/reflect/ProxyGenerator lambda$generateLookupAccessor$0 (Ljava/lang/classfile/MethodBuilder;)V 30 <appendix> member <vmtarget> ; # java/lang/reflect/ProxyGenerator$$Lambda+0x0000000023028630
instanceKlass  @bci java/lang/reflect/ProxyGenerator generateLookupAccessor (Ljava/lang/classfile/ClassBuilder;)V 10 <appendix> member <vmtarget> ; # java/lang/reflect/ProxyGenerator$$Lambda+0x00000000230283f0
instanceKlass java/lang/classfile/constantpool/StringEntry
instanceKlass java/lang/classfile/constantpool/ConstantValueEntry
instanceKlass  @bci java/lang/reflect/ProxyGenerator generateStaticInitializer (Ljava/lang/classfile/ClassBuilder;)V 10 <appendix> member <vmtarget> ; # java/lang/reflect/ProxyGenerator$$Lambda+0x0000000023027a48
instanceKlass jdk/internal/classfile/impl/BytecodeHelpers$1
instanceKlass java/lang/classfile/attribute/StackMapTableAttribute
instanceKlass java/lang/classfile/attribute/StackMapFrameInfo
instanceKlass java/lang/classfile/instruction/ExceptionCatch
instanceKlass  @bci java/lang/reflect/ProxyGenerator$ProxyMethod lambda$generateMethod$0 (Ljava/lang/classfile/MethodBuilder;)V 30 <appendix> member <vmtarget> ; # java/lang/reflect/ProxyGenerator$ProxyMethod$$Lambda+0x0000000023026cd8
instanceKlass java/lang/classfile/attribute/ExceptionsAttribute
instanceKlass  @bci java/lang/reflect/ProxyGenerator$ProxyMethod generateMethod (Ljava/lang/classfile/ClassBuilder;)V 42 <appendix> member <vmtarget> ; # java/lang/reflect/ProxyGenerator$ProxyMethod$$Lambda+0x0000000023026370
instanceKlass  @bci java/lang/reflect/ProxyGenerator generateConstructor (Ljava/lang/classfile/ClassBuilder;)V 8 <appendix> member <vmtarget> ; # java/lang/reflect/ProxyGenerator$$Lambda+0x0000000023026130
instanceKlass  @bci java/lang/reflect/ProxyGenerator generateClassFile ()[B 197 <appendix> member <vmtarget> ; # java/lang/reflect/ProxyGenerator$$Lambda+0x0000000023025ef0
instanceKlass  @bci java/lang/reflect/ProxyGenerator proxyMethodsFor (Ljava/lang/String;)Ljava/util/List; 5 <appendix> argL0 ; # java/lang/reflect/ProxyGenerator$$Lambda+0x0000000023025ca8
instanceKlass java/lang/reflect/ProxyGenerator$ProxyMethod
instanceKlass java/lang/classfile/attribute/StackMapFrameInfo$ObjectVerificationTypeInfo
instanceKlass java/lang/classfile/attribute/StackMapFrameInfo$VerificationTypeInfo
instanceKlass java/util/StringJoiner
instanceKlass java/lang/classfile/ClassFile$Option
instanceKlass java/lang/reflect/ProxyGenerator
instanceKlass  @bci java/lang/WeakPairMap computeIfAbsent (Ljava/lang/Object;Ljava/lang/Object;Ljava/util/function/BiFunction;)Ljava/lang/Object; 18 <appendix> member <vmtarget> ; # java/lang/WeakPairMap$$Lambda+0x0000000023025010
instanceKlass  @bci java/lang/Module implAddExportsOrOpens (Ljava/lang/String;Ljava/lang/Module;ZZZ)V 150 <appendix> argL0 ; # java/lang/Module$$Lambda+0x0000000023024dd8
instanceKlass  @bci java/lang/module/ModuleDescriptor$Builder packages (Ljava/util/Set;)Ljava/lang/module/ModuleDescriptor$Builder; 17 <appendix> argL0 ; # java/lang/module/ModuleDescriptor$Builder$$Lambda+0x80000000e
instanceKlass jdk/internal/module/Checks
instanceKlass java/lang/module/ModuleDescriptor$Builder
instanceKlass  @bci java/lang/reflect/Proxy$ProxyBuilder getDynamicModule (Ljava/lang/ClassLoader;)Ljava/lang/Module; 4 <appendix> argL0 ; # java/lang/reflect/Proxy$ProxyBuilder$$Lambda+0x0000000023024448
instanceKlass java/lang/PublicMethods
instanceKlass java/lang/reflect/Proxy$ProxyBuilder
instanceKlass  @bci java/lang/reflect/Proxy getProxyConstructor (Ljava/lang/ClassLoader;[Ljava/lang/Class;)Ljava/lang/reflect/Constructor; 18 <appendix> argL0 ; # java/lang/reflect/Proxy$$Lambda+0x0000000023023758
instanceKlass java/lang/ClassValue$Identity
instanceKlass java/lang/ClassValue$Entry
instanceKlass java/lang/ClassValue
instanceKlass java/lang/reflect/Proxy
instanceKlass sun/reflect/annotation/AnnotationInvocationHandler
instanceKlass java/lang/reflect/InvocationHandler
instanceKlass sun/reflect/annotation/ExceptionProxy
instanceKlass java/lang/annotation/Inherited
instanceKlass java/lang/annotation/Retention
instanceKlass sun/reflect/annotation/AnnotationType
instanceKlass sun/invoke/util/BytecodeDescriptor
instanceKlass org/apache/maven/surefire/testng/TestNGExecutor$TestMetadata
instanceKlass org/testng/xml/XmlMethodSelector
# instanceKlass java/lang/invoke/LambdaForm$MH+0x0000000023065000
# instanceKlass java/lang/invoke/LambdaForm$MH+0x0000000023064c00
# instanceKlass java/lang/invoke/LambdaForm$MH+0x0000000023064800
instanceKlass  @cpi java/util/logging/LogRecord 420 form vmentry <vmtarget> ; # java/lang/invoke/LambdaForm$DMH+0x0000000023064400
instanceKlass  @cpi org/openqa/selenium/remote/NewSessionPayload 566 form vmentry <vmtarget> ; # java/lang/invoke/LambdaForm$DMH+0x0000000023064000
instanceKlass org/testng/ITestNGMethod
instanceKlass org/testng/IMethodSelectorContext
instanceKlass org/apache/maven/surefire/testng/utils/MethodSelector
instanceKlass org/testng/IMethodSelector
instanceKlass org/apache/maven/surefire/testng/conf/TestNGMapConfigurator
instanceKlass org/apache/maven/surefire/testng/conf/Configurator
instanceKlass org/testng/annotations/AfterMethod
instanceKlass org/testng/internal/annotations/IAfterMethod
instanceKlass org/testng/annotations/BeforeMethod
instanceKlass org/testng/internal/annotations/IBeforeMethod
instanceKlass org/testng/internal/annotations/IBaseBeforeAfterMethod
instanceKlass org/testng/annotations/AfterGroups
instanceKlass org/testng/internal/annotations/IAfterGroups
instanceKlass org/testng/annotations/BeforeGroups
instanceKlass org/testng/internal/annotations/IBeforeGroups
instanceKlass org/testng/annotations/AfterClass
instanceKlass org/testng/internal/annotations/IAfterClass
instanceKlass org/testng/annotations/BeforeClass
instanceKlass org/testng/internal/annotations/IBeforeClass
instanceKlass org/testng/annotations/AfterTest
instanceKlass org/testng/internal/annotations/IAfterTest
instanceKlass org/testng/annotations/BeforeTest
instanceKlass org/testng/internal/annotations/IBeforeTest
instanceKlass org/testng/annotations/AfterSuite
instanceKlass org/testng/internal/annotations/IAfterSuite
instanceKlass org/testng/annotations/BeforeSuite
instanceKlass org/testng/internal/annotations/IBeforeSuite
instanceKlass org/testng/internal/annotations/IBaseBeforeAfter
instanceKlass org/testng/annotations/Ignore
instanceKlass org/testng/annotations/IIgnoreAnnotation
instanceKlass org/testng/annotations/ITestAnnotation
instanceKlass org/testng/annotations/ITestOrConfiguration
instanceKlass org/testng/annotations/Parameters
instanceKlass org/testng/annotations/IParametersAnnotation
instanceKlass org/testng/annotations/ObjectFactory
instanceKlass org/testng/annotations/IObjectFactoryAnnotation
instanceKlass org/testng/annotations/Factory
instanceKlass org/testng/annotations/IFactoryAnnotation
instanceKlass org/testng/internal/annotations/IDataProvidable
instanceKlass org/testng/annotations/IParameterizable
instanceKlass org/testng/annotations/DataProvider
instanceKlass org/testng/annotations/IDataProviderAnnotation
instanceKlass org/testng/annotations/Listeners
instanceKlass org/testng/annotations/IListenersAnnotation
instanceKlass  @bci org/testng/internal/annotations/JDK15TagFactory <clinit> ()V 8 <appendix> argL0 ; # org/testng/internal/annotations/JDK15TagFactory$$Lambda+0x000000002305e438
instanceKlass org/testng/internal/Utils
instanceKlass  @bci org/testng/internal/annotations/JDK15TagFactory <clinit> ()V 0 <appendix> argL0 ; # org/testng/internal/annotations/JDK15TagFactory$$Lambda+0x000000002305e000
instanceKlass  @cpi org/openqa/selenium/AcceptedW3CCapabilityKeys 114 form vmentry <vmtarget> ; # java/lang/invoke/LambdaForm$DMH+0x000000002305c000
instanceKlass org/testng/internal/annotations/JDK15TagFactory$Default
instanceKlass org/testng/annotations/IAnnotation
instanceKlass org/testng/internal/annotations/JDK15TagFactory
instanceKlass org/testng/internal/annotations/JDK15AnnotationFinder
instanceKlass org/testng/internal/objects/GuiceBackedInjectorFactory
instanceKlass org/testng/thread/ITestNGThreadPoolExecutor
instanceKlass org/testng/internal/thread/DefaultThreadPoolExecutorFactory
instanceKlass org/testng/IInjectorFactory
instanceKlass org/testng/thread/IExecutorFactory
instanceKlass org/testng/internal/Configuration
instanceKlass org/testng/CommandLineArgs
instanceKlass org/testng/internal/annotations/IgnoreListener
instanceKlass org/testng/internal/annotations/IAnnotationTransformer
instanceKlass org/testng/internal/ExitCode
instanceKlass org/testng/reporters/IReporterConfig
instanceKlass org/testng/internal/ExitCodeListener
instanceKlass org/testng/IExecutionListener
instanceKlass org/testng/IReporter
instanceKlass org/testng/collections/Sets
instanceKlass org/testng/xml/XmlSuite
instanceKlass org/testng/collections/Lists
instanceKlass org/testng/internal/objects/DefaultTestObjectFactory
instanceKlass org/slf4j/helpers/NamedLoggerBase
instanceKlass org/apache/maven/surefire/util/internal/StringUtils$EncodedArray
instanceKlass org/slf4j/helpers/Util
instanceKlass org/slf4j/helpers/NOPLoggerFactory
instanceKlass java/util/concurrent/LinkedBlockingQueue$Node
instanceKlass org/slf4j/Logger
instanceKlass org/slf4j/helpers/SubstituteLoggerFactory
instanceKlass org/slf4j/ILoggerFactory
instanceKlass org/slf4j/event/LoggingEvent
instanceKlass org/slf4j/LoggerFactory
instanceKlass  @bci org/testng/log4testng/Logger getLogger (Ljava/lang/Class;)Lorg/testng/log4testng/Logger; 4 <appendix> argL0 ; # org/testng/log4testng/Logger$$Lambda+0x0000000023055a18
instanceKlass org/testng/collections/Maps
instanceKlass org/testng/log4testng/Logger
instanceKlass org/testng/xml/IPostProcessor
instanceKlass org/testng/internal/annotations/IAnnotationFinder
instanceKlass org/testng/ISuite
instanceKlass org/testng/IAttributes
instanceKlass org/testng/thread/IThreadWorkerFactory
instanceKlass org/testng/IDynamicGraph
instanceKlass org/testng/internal/IConfiguration
instanceKlass org/testng/ITestObjectFactory
instanceKlass org/testng/IAnnotationTransformer
instanceKlass org/testng/TestNG
instanceKlass org/testng/annotations/Test
instanceKlass org/testng/ITestListener
instanceKlass org/testng/ITestNGListener
instanceKlass org/apache/maven/surefire/testng/utils/Stoppable
instanceKlass org/apache/maven/surefire/testng/TestNGExecutor
instanceKlass org/apache/maven/surefire/util/internal/ImmutableMap$Node
instanceKlass org/apache/maven/surefire/report/SimpleReportEntry
instanceKlass java/util/LinkedHashMap$LinkedHashIterator
instanceKlass org/apache/maven/surefire/report/TestSetReportEntry
instanceKlass org/apache/maven/surefire/testng/TestSuite
instanceKlass org/apache/maven/surefire/testng/TestNGProvider$1
instanceKlass org/apache/maven/surefire/util/CloseableIterator
instanceKlass org/apache/maven/surefire/util/TestsToRun
instanceKlass base/BaseTest
instanceKlass java/nio/charset/CoderResult
instanceKlass  @bci java/util/regex/Pattern union (Ljava/util/regex/Pattern$CharPredicate;Ljava/util/regex/Pattern$CharPredicate;Z)Ljava/util/regex/Pattern$CharPredicate; 6 <appendix> member <vmtarget> ; # java/util/regex/Pattern$$Lambda+0x800000036
instanceKlass  @bci java/util/regex/Pattern DOT ()Ljava/util/regex/Pattern$CharPredicate; 0 <appendix> argL0 ; # java/util/regex/Pattern$$Lambda+0x000000002301f890
instanceKlass org/apache/maven/surefire/report/ConsoleOutputCapture
instanceKlass java/util/Scanner$PatternLRUCache
instanceKlass java/io/Reader
instanceKlass java/lang/Readable
instanceKlass  @bci java/util/regex/Pattern and (Ljava/util/regex/Pattern$CharPredicate;Ljava/util/regex/Pattern$CharPredicate;Z)Ljava/util/regex/Pattern$CharPredicate; 14 <appendix> member <vmtarget> ; # java/util/regex/Pattern$$Lambda+0x000000002301e8f0
instanceKlass  @bci java/util/regex/Pattern negate (Ljava/util/regex/Pattern$CharPredicate;)Ljava/util/regex/Pattern$CharPredicate; 1 <appendix> member <vmtarget> ; # java/util/regex/Pattern$$Lambda+0x800000035
instanceKlass  @bci java/util/regex/Pattern Range (II)Ljava/util/regex/Pattern$CharPredicate; 23 <appendix> member <vmtarget> ; # java/util/regex/Pattern$$Lambda+0x80000002e
instanceKlass org/apache/maven/surefire/util/internal/StringUtils
instanceKlass  @bci java/util/regex/CharPredicates forProperty (Ljava/lang/String;Z)Ljava/util/regex/Pattern$CharPredicate; 2625 <appendix> argL0 ; # java/util/regex/CharPredicates$$Lambda+0x000000002301e420
instanceKlass org/apache/maven/surefire/report/ReportEntry
instanceKlass org/apache/maven/surefire/booter/ForkingRunListener
instanceKlass  @bci java/util/regex/Pattern ALL ()Ljava/util/regex/Pattern$CharPredicate; 0 <appendix> argL0 ; # java/util/regex/Pattern$$Lambda+0x000000002301e1b8
instanceKlass org/apache/maven/surefire/report/ConsoleOutputReceiver
instanceKlass  @bci java/util/regex/CharPredicates forProperty (Ljava/lang/String;Z)Ljava/util/regex/Pattern$CharPredicate; 2705 <appendix> argL0 ; # java/util/regex/CharPredicates$$Lambda+0x000000002301df50
instanceKlass org/apache/maven/surefire/util/DefaultScanResult
instanceKlass java/util/Scanner
instanceKlass org/apache/maven/surefire/util/DefaultRunOrderCalculator
# instanceKlass java/lang/invoke/LambdaForm$MH+0x0000000023049c00
instanceKlass sun/util/logging/PlatformLogger
instanceKlass sun/util/logging/PlatformLogger$ConfigurableBridge$LoggerConfiguration
instanceKlass  @bci jdk/internal/net/http/RawChannelTube <init> (Ljdk/internal/net/http/HttpConnection;Ljava/util/function/Supplier;)V 98 <appendix> form vmentry <vmtarget> ; # java/lang/invoke/LambdaForm$MH+0x0000000023049800
instanceKlass jdk/internal/logger/BootstrapLogger$RedirectedLoggers
instanceKlass jdk/internal/logger/LazyLoggers$LazyLoggerAccessor
instanceKlass jdk/internal/logger/LazyLoggers$LoggerAccessor
instanceKlass jdk/internal/logger/AbstractLoggerWrapper
instanceKlass org/apache/maven/surefire/providerapi/AbstractProvider
instanceKlass org/apache/maven/surefire/providerapi/SurefireProvider
instanceKlass sun/util/logging/internal/LoggingProviderImpl$LogManagerAccess
instanceKlass  @bci java/util/zip/ZipFile$Source initCEN (ILjava/util/zip/ZipCoder;)V 507 <appendix> argL0 ; # java/util/zip/ZipFile$Source$$Lambda+0x000000002301b370
instanceKlass jdk/internal/loader/URLClassPath$1
instanceKlass java/lang/CompoundEnumeration
instanceKlass jdk/internal/loader/BuiltinClassLoader$1
instanceKlass jdk/internal/module/Resources
instanceKlass java/util/ImmutableCollections$Set12$1
instanceKlass java/util/Spliterators$1Adapter
instanceKlass jdk/internal/logger/BootstrapLogger$DetectBackend
instanceKlass jdk/internal/logger/BootstrapLogger
instanceKlass sun/util/logging/PlatformLogger$ConfigurableBridge
instanceKlass sun/util/logging/PlatformLogger$Bridge
instanceKlass java/lang/System$Logger
instanceKlass java/lang/System$LoggerFinder
instanceKlass jdk/internal/logger/LazyLoggers$LazyLoggerFactories
instanceKlass jdk/internal/logger/LazyLoggers$1
instanceKlass jdk/internal/logger/LazyLoggers
instanceKlass jdk/internal/event/Event
instanceKlass java/util/concurrent/LinkedTransferQueue$DualNode
instanceKlass java/util/concurrent/ForkJoinPool$ManagedBlocker
instanceKlass java/util/concurrent/TransferQueue
instanceKlass  @bci java/lang/ProcessHandleImpl initReaper ()Ljava/util/concurrent/Executor; 45 <appendix> member <vmtarget> ; # java/lang/ProcessHandleImpl$$Lambda+0x0000000023017ef0
instanceKlass  @cpi java/lang/ProcessHandleImpl 358 form vmentry <vmtarget> ; # java/lang/invoke/LambdaForm$DMH+0x0000000023049400
# instanceKlass java/lang/invoke/LambdaForm$DMH+0x0000000023049000
instanceKlass jdk/internal/util/random/RandomSupport
instanceKlass java/util/Random
instanceKlass java/util/random/RandomGenerator
instanceKlass java/lang/ProcessHandleImpl
instanceKlass java/lang/ProcessHandle
instanceKlass  @bci java/lang/ProcessHandleImpl initReaper ()Ljava/util/concurrent/Executor; 45 <appendix> form vmentry <vmtarget> ; # java/lang/invoke/LambdaForm$DMH+0x0000000023048c00
instanceKlass org/apache/maven/surefire/util/ReflectionUtils
instanceKlass org/apache/maven/surefire/util/DirectoryScanner
instanceKlass  @bci java/lang/ProcessImpl <init> ([Ljava/lang/String;Ljava/lang/String;Ljava/lang/String;[JZZ)V 228 <appendix> member <vmtarget> ; # java/lang/ProcessImpl$$Lambda+0x00000000230173a0
instanceKlass org/apache/maven/surefire/util/RunOrderCalculator
instanceKlass org/apache/maven/surefire/report/ConsoleStream
instanceKlass  @cpi java/lang/ProcessImpl 623 form vmentry <vmtarget> ; # java/lang/invoke/LambdaForm$DMH+0x0000000023048800
instanceKlass org/apache/maven/surefire/util/ScanResult
instanceKlass org/apache/maven/surefire/booter/BaseProviderFactory
instanceKlass org/apache/maven/surefire/booter/ShutdownAware
instanceKlass org/apache/maven/surefire/booter/FailFastAware
instanceKlass org/apache/maven/surefire/booter/MainCliOptionsAware
instanceKlass org/apache/maven/surefire/booter/RunOrderParametersAware
instanceKlass org/apache/maven/surefire/booter/TestArtifactInfoAware
instanceKlass org/apache/maven/surefire/providerapi/ProviderParameters
instanceKlass org/apache/maven/surefire/booter/ProviderPropertiesAware
instanceKlass org/apache/maven/surefire/booter/TestRequestAware
instanceKlass org/apache/maven/surefire/booter/SurefireClassLoadersAware
instanceKlass org/apache/maven/surefire/booter/ReporterConfigurationAware
instanceKlass org/apache/maven/surefire/booter/DirectoryScannerParametersAware
instanceKlass org/apache/maven/surefire/report/RunListener
instanceKlass org/apache/maven/surefire/booter/ForkingReporterFactory
instanceKlass org/apache/maven/surefire/booter/StartupConfiguration
instanceKlass org/apache/maven/surefire/booter/Classpath
instanceKlass org/apache/maven/surefire/booter/AbstractPathConfiguration
instanceKlass org/apache/maven/surefire/booter/ClassLoaderConfiguration
instanceKlass org/apache/maven/surefire/util/internal/DumpFileUtils
instanceKlass org/apache/maven/surefire/booter/DumpErrorSingleton
instanceKlass org/apache/maven/surefire/booter/ProviderConfiguration
instanceKlass org/apache/maven/surefire/report/ReporterConfiguration
instanceKlass org/apache/maven/surefire/testset/ResolvedTest$MethodMatcher
instanceKlass org/apache/maven/surefire/testset/ResolvedTest$ClassMatcher
instanceKlass org/apache/maven/surefire/testset/ResolvedTest
instanceKlass org/apache/maven/surefire/shade/org/apache/maven/shared/utils/StringUtils
instanceKlass java/util/SequencedSet
instanceKlass org/apache/maven/surefire/testset/IncludedExcludedPatterns
instanceKlass org/apache/maven/surefire/testset/TestListResolver
instanceKlass org/apache/maven/surefire/testset/GenericTestPattern
instanceKlass org/apache/maven/surefire/testset/TestFilter
instanceKlass java/lang/Process
instanceKlass org/apache/maven/surefire/booter/ProcessInfo
instanceKlass org/apache/maven/surefire/testset/TestRequest
instanceKlass java/lang/ProcessBuilder
instanceKlass org/apache/maven/surefire/testset/TestArtifactInfo
instanceKlass org/apache/maven/surefire/testset/RunOrderParameters
instanceKlass org/apache/maven/surefire/shade/org/apache/commons/lang3/StringUtils
instanceKlass org/apache/maven/surefire/util/RunOrder
instanceKlass org/apache/maven/surefire/testset/DirectoryScannerParameters
instanceKlass org/apache/maven/surefire/booter/TypeEncodedValue
instanceKlass java/util/TreeMap$Entry
instanceKlass java/lang/ProcessEnvironment$CheckedEntry
instanceKlass java/lang/ProcessEnvironment$CheckedEntrySet$1
instanceKlass java/util/NavigableMap
instanceKlass java/util/SortedMap
instanceKlass java/lang/ProcessEnvironment$EntryComparator
instanceKlass java/lang/ProcessEnvironment$NameComparator
instanceKlass org/apache/maven/surefire/booter/ForkedBooter$5
instanceKlass java/util/concurrent/Executors$RunnableAdapter
instanceKlass java/util/concurrent/Executors
instanceKlass java/util/concurrent/FutureTask$WaitNode
instanceKlass java/util/concurrent/FutureTask
instanceKlass org/apache/maven/surefire/booter/ForkedBooter$2
instanceKlass  @bci java/util/regex/CharPredicates ASCII_DIGIT ()Ljava/util/regex/Pattern$BmpCharPredicate; 0 <appendix> argL0 ; # java/util/regex/CharPredicates$$Lambda+0x800000028
instanceKlass java/util/regex/CharPredicates
instanceKlass java/util/Date
instanceKlass java/text/DigitList
instanceKlass java/text/FieldPosition
instanceKlass java/text/DecimalFormatSymbols
instanceKlass sun/util/resources/LocaleData$LocaleDataResourceBundleProvider
instanceKlass java/util/spi/ResourceBundleProvider
instanceKlass java/text/DateFormatSymbols
instanceKlass sun/util/calendar/CalendarUtils
instanceKlass sun/util/calendar/CalendarDate
instanceKlass sun/util/resources/Bundles$CacheKeyReference
instanceKlass java/util/ResourceBundle$ResourceBundleProviderHelper
instanceKlass  @bci sun/util/cldr/CLDRLocaleProviderAdapter applyAliases (Ljava/util/Locale;)Ljava/util/Locale; 4 <appendix> argL0 ; # sun/util/cldr/CLDRLocaleProviderAdapter$$Lambda+0x800000060
instanceKlass sun/util/resources/Bundles$CacheKey
instanceKlass java/util/ResourceBundle$3
instanceKlass java/util/ResourceBundle$1
instanceKlass jdk/internal/access/JavaUtilResourceBundleAccess
instanceKlass sun/util/resources/Bundles
instanceKlass sun/util/resources/LocaleData$LocaleDataStrategy
instanceKlass sun/util/resources/Bundles$Strategy
instanceKlass sun/util/resources/LocaleData
instanceKlass java/util/regex/Pattern$BitClass
instanceKlass java/util/regex/ASCII
instanceKlass sun/util/locale/provider/LocaleResources
instanceKlass java/util/ImmutableCollections$SetN$SetNIterator
instanceKlass java/util/stream/Node$Builder
instanceKlass java/util/stream/AbstractSpinedBuffer
instanceKlass java/util/stream/Node$OfDouble
instanceKlass java/util/stream/Node$OfLong
instanceKlass java/util/stream/Node$OfInt
instanceKlass java/util/stream/Node$OfPrimitive
instanceKlass java/util/stream/Nodes$EmptyNode
instanceKlass java/util/stream/Node
instanceKlass java/util/stream/Nodes
instanceKlass  @bci sun/util/locale/provider/LocaleProviderAdapter toLocaleArray (Ljava/util/Set;)[Ljava/util/Locale; 21 <appendix> argL0 ; # sun/util/locale/provider/LocaleProviderAdapter$$Lambda+0x800000063
instanceKlass java/util/function/IntFunction
instanceKlass java/util/stream/DistinctOps
instanceKlass  @bci sun/util/locale/provider/LocaleProviderAdapter toLocaleArray (Ljava/util/Set;)[Ljava/util/Locale; 6 <appendix> argL0 ; # sun/util/locale/provider/LocaleProviderAdapter$$Lambda+0x800000061
instanceKlass java/util/Spliterators$IteratorSpliterator
instanceKlass  @bci java/util/ResourceBundle$Control getCandidateLocales (Ljava/lang/String;Ljava/util/Locale;)Ljava/util/List; 23 <appendix> argL0 ; # java/util/ResourceBundle$Control$$Lambda+0x800000021
instanceKlass  @bci java/util/ResourceBundle$Control <clinit> ()V 39 <appendix> argL0 ; # java/util/ResourceBundle$Control$$Lambda+0x800000022
instanceKlass java/util/ResourceBundle
instanceKlass java/util/ResourceBundle$Control
instanceKlass sun/util/locale/provider/CalendarDataUtility$CalendarWeekParameterGetter
instanceKlass sun/util/locale/provider/LocaleServiceProviderPool$LocalizedObjectGetter
instanceKlass sun/util/locale/provider/LocaleServiceProviderPool
instanceKlass java/util/Locale$Builder
instanceKlass sun/util/locale/provider/CalendarDataUtility
instanceKlass sun/util/calendar/CalendarSystem$GregorianHolder
instanceKlass sun/util/calendar/CalendarSystem
instanceKlass java/util/Calendar$Builder
instanceKlass java/util/regex/IntHashSet
instanceKlass java/util/regex/Matcher
instanceKlass java/util/regex/MatchResult
instanceKlass java/util/regex/Pattern$TreeInfo
instanceKlass  @bci java/util/regex/Pattern Single (I)Ljava/util/regex/Pattern$BmpCharPredicate; 1 <appendix> member <vmtarget> ; # java/util/regex/Pattern$$Lambda+0x80000002d
instanceKlass java/util/regex/Pattern$BmpCharPredicate
instanceKlass java/util/regex/Pattern$CharPredicate
instanceKlass java/util/regex/Pattern$Node
instanceKlass java/util/regex/Pattern
instanceKlass sun/util/locale/provider/AvailableLanguageTags
instanceKlass sun/util/resources/cldr/provider/CLDRLocaleDataMetaInfo
instanceKlass  @bci jdk/internal/module/SystemModuleFinders$SystemModuleReader read (Ljava/lang/String;)Ljava/util/Optional; 19 <appendix> member <vmtarget> ; # jdk/internal/module/SystemModuleFinders$SystemModuleReader$$Lambda+0x0000000023011cf8
instanceKlass jdk/internal/module/SystemModuleFinders
instanceKlass java/lang/WeakPairMap$Pair$Lookup
instanceKlass java/lang/WeakPairMap$Pair
instanceKlass java/lang/WeakPairMap
instanceKlass java/lang/Module$ReflectionData
instanceKlass jdk/internal/jimage/ImageReader$Node
instanceKlass jdk/internal/jimage/ImageLocation
instanceKlass jdk/internal/jimage/decompressor/Decompressor
instanceKlass jdk/internal/jimage/ImageStringsReader
instanceKlass jdk/internal/jimage/ImageStrings
instanceKlass jdk/internal/jimage/ImageHeader
instanceKlass jdk/internal/jimage/NativeImageBuffer$1
instanceKlass jdk/internal/jimage/NativeImageBuffer
instanceKlass java/security/AccessControlContext
instanceKlass java/security/AccessController
instanceKlass jdk/internal/jimage/BasicImageReader$1
instanceKlass jdk/internal/jimage/BasicImageReader
instanceKlass jdk/internal/jimage/ImageReader
instanceKlass jdk/internal/jimage/ImageReaderFactory$1
instanceKlass jdk/internal/jimage/ImageReaderFactory
instanceKlass jdk/internal/module/SystemModuleFinders$SystemImage
instanceKlass jdk/internal/module/ModulePatcher$PatchedModuleReader
instanceKlass jdk/internal/module/SystemModuleFinders$SystemModuleReader
instanceKlass java/lang/module/ModuleReader
instanceKlass jdk/internal/loader/BuiltinClassLoader$2
instanceKlass sun/util/locale/InternalLocaleBuilder$CaseInsensitiveChar
instanceKlass sun/util/locale/InternalLocaleBuilder
instanceKlass sun/util/locale/StringTokenIterator
instanceKlass java/text/ParsePosition
instanceKlass sun/util/cldr/CLDRBaseLocaleDataMetaInfo
instanceKlass sun/util/locale/provider/LocaleDataMetaInfo
instanceKlass sun/util/locale/provider/ResourceBundleBasedAdapter
instanceKlass sun/util/locale/provider/LocaleProviderAdapter
instanceKlass java/util/spi/LocaleServiceProvider
instanceKlass sun/util/calendar/ZoneInfoFile$ZoneOffsetTransitionRule
instanceKlass sun/util/calendar/ZoneInfoFile
instanceKlass java/time/ZoneId
instanceKlass java/util/TimeZone
instanceKlass java/util/Calendar
instanceKlass java/text/AttributedCharacterIterator$Attribute
instanceKlass java/text/Format
instanceKlass jdk/internal/math/ToDecimal
instanceKlass jdk/internal/math/FloatingDecimal$ASCIIToBinaryBuffer
instanceKlass jdk/internal/math/MathUtils
instanceKlass  @bci jdk/internal/math/FloatingDecimal <clinit> ()V 52 <appendix> argL0 ; # jdk/internal/math/FloatingDecimal$$Lambda+0x000000002300fe98
instanceKlass jdk/internal/math/FloatingDecimal$BinaryToASCIIBuffer
instanceKlass jdk/internal/math/FloatingDecimal
instanceKlass org/apache/maven/surefire/shade/org/apache/commons/lang3/math/NumberUtils
instanceKlass org/apache/maven/surefire/shade/org/apache/commons/lang3/SystemUtils
instanceKlass org/apache/maven/surefire/booter/PpidChecker$ProcessInfoConsumer
instanceKlass org/apache/maven/surefire/booter/PpidChecker
instanceKlass jdk/internal/vm/ThreadContainers
instanceKlass jdk/internal/vm/StackableScope
instanceKlass java/util/concurrent/locks/AbstractQueuedSynchronizer$ConditionObject
instanceKlass java/util/concurrent/locks/Condition
instanceKlass java/util/concurrent/RunnableScheduledFuture
instanceKlass java/util/concurrent/ScheduledFuture
instanceKlass java/util/concurrent/Delayed
instanceKlass java/util/concurrent/RunnableFuture
instanceKlass java/util/concurrent/Future
instanceKlass java/util/concurrent/BlockingQueue
instanceKlass java/util/concurrent/ThreadPoolExecutor$AbortPolicy
instanceKlass java/util/concurrent/RejectedExecutionHandler
instanceKlass java/util/concurrent/AbstractExecutorService
instanceKlass org/apache/maven/surefire/util/internal/DaemonThreadFactory$NamedThreadFactory
instanceKlass org/apache/maven/surefire/booter/ForkedBooter$PingScheduler
instanceKlass org/apache/maven/surefire/booter/ForkedBooter$3
instanceKlass java/util/concurrent/atomic/AtomicBoolean
instanceKlass org/apache/maven/surefire/booter/BiProperty
instanceKlass org/apache/maven/surefire/booter/ForkedBooter$4
instanceKlass java/util/Collections$EmptyIterator
instanceKlass  @bci java/util/stream/Collectors toList ()Ljava/util/stream/Collector; 14 <appendix> argL0 ; # java/util/stream/Collectors$$Lambda+0x000000002300bc60
instanceKlass  @bci java/util/stream/Collectors toList ()Ljava/util/stream/Collector; 9 <appendix> argL0 ; # java/util/stream/Collectors$$Lambda+0x000000002300ba28
instanceKlass java/lang/classfile/constantpool/InterfaceMethodRefEntry
instanceKlass  @bci java/util/stream/Collectors toList ()Ljava/util/stream/Collector; 4 <appendix> argL0 ; # java/util/stream/Collectors$$Lambda+0x000000002300b800
instanceKlass  @bci sun/management/spi/PlatformMBeanProvider$PlatformComponent getMBeans (Ljava/lang/Class;)Ljava/util/List; 63 <appendix> member <vmtarget> ; # sun/management/spi/PlatformMBeanProvider$PlatformComponent$$Lambda+0x000000002300b5b0
instanceKlass  @bci sun/management/spi/PlatformMBeanProvider$PlatformComponent getMBeans (Ljava/lang/Class;)Ljava/util/List; 47 <appendix> member <vmtarget> ; # sun/management/spi/PlatformMBeanProvider$PlatformComponent$$Lambda+0x000000002300b350
instanceKlass java/util/Collections$2
instanceKlass sun/management/RuntimeImpl
instanceKlass java/util/stream/Sink$ChainedReference
instanceKlass java/util/stream/ReduceOps$2ReducingSink
instanceKlass  @bci java/lang/management/ManagementFactory$PlatformMBeanFinder findSingleton (Ljava/lang/Class;)Lsun/management/spi/PlatformMBeanProvider$PlatformComponent; 30 <appendix> member <vmtarget> ; # java/lang/management/ManagementFactory$PlatformMBeanFinder$$Lambda+0x000000002300a7e0
instanceKlass  @bci java/lang/management/ManagementFactory$PlatformMBeanFinder findSingleton (Ljava/lang/Class;)Lsun/management/spi/PlatformMBeanProvider$PlatformComponent; 19 <appendix> member <vmtarget> ; # java/lang/management/ManagementFactory$PlatformMBeanFinder$$Lambda+0x000000002300a580
instanceKlass java/lang/invoke/TypeConvertingMethodAdapter
instanceKlass java/lang/invoke/InnerClassLambdaMetafactory$6
instanceKlass java/lang/invoke/InnerClassLambdaMetafactory$3
instanceKlass java/lang/classfile/Interfaces
instanceKlass java/util/ImmutableCollections$Access$1
instanceKlass jdk/internal/access/JavaUtilCollectionAccess
instanceKlass java/util/ImmutableCollections$Access
instanceKlass java/lang/invoke/InnerClassLambdaMetafactory$1
instanceKlass java/util/function/Predicate
instanceKlass java/util/HashMap$HashMapSpliterator
instanceKlass java/util/Collections$1
instanceKlass jdk/management/jfr/internal/FlightRecorderMXBeanProvider$SingleMBeanComponent
instanceKlass jdk/management/jfr/FlightRecorderMXBean
instanceKlass java/util/ArrayList$Itr
instanceKlass java/lang/management/DefaultPlatformMBeanProvider$11
instanceKlass java/lang/management/DefaultPlatformMBeanProvider$10
instanceKlass java/lang/management/DefaultPlatformMBeanProvider$9
instanceKlass java/util/logging/LogManager
instanceKlass sun/management/ManagementFactoryHelper$LoggingMXBeanAccess
instanceKlass java/lang/management/DefaultPlatformMBeanProvider$8
instanceKlass java/lang/management/DefaultPlatformMBeanProvider$7
instanceKlass java/lang/management/DefaultPlatformMBeanProvider$6
instanceKlass java/lang/management/DefaultPlatformMBeanProvider$5
instanceKlass java/lang/management/DefaultPlatformMBeanProvider$4
instanceKlass java/lang/management/DefaultPlatformMBeanProvider$3
instanceKlass java/lang/management/DefaultPlatformMBeanProvider$2
instanceKlass java/lang/management/DefaultPlatformMBeanProvider$1
instanceKlass java/util/Collections$EmptyEnumeration
instanceKlass com/sun/management/internal/PlatformMBeanProviderImpl$7
instanceKlass sun/management/VMManagementImpl
instanceKlass sun/management/VMManagement
instanceKlass sun/management/ManagementFactoryHelper
instanceKlass sun/management/NotificationEmitterSupport
instanceKlass javax/management/NotificationEmitter
instanceKlass javax/management/NotificationBroadcaster
instanceKlass com/sun/management/DiagnosticCommandMBean
instanceKlass javax/management/DynamicMBean
instanceKlass com/sun/management/internal/PlatformMBeanProviderImpl$6
instanceKlass com/sun/management/internal/PlatformMBeanProviderImpl$5
instanceKlass jdk/management/VirtualThreadSchedulerMXBean
instanceKlass com/sun/management/internal/PlatformMBeanProviderImpl$4
instanceKlass jdk/management/HotSpotAOTCacheMXBean
instanceKlass com/sun/management/internal/PlatformMBeanProviderImpl$3
instanceKlass com/sun/management/internal/PlatformMBeanProviderImpl$2
instanceKlass java/util/stream/ReduceOps$AccumulatingSink
instanceKlass java/util/stream/TerminalSink
instanceKlass java/util/stream/Sink
instanceKlass java/util/stream/ReduceOps$Box
instanceKlass java/util/stream/ReduceOps$ReduceOp
instanceKlass java/util/stream/TerminalOp
instanceKlass java/util/stream/ReduceOps
instanceKlass  @bci java/util/stream/Collectors castingIdentity ()Ljava/util/function/Function; 0 <appendix> argL0 ; # java/util/stream/Collectors$$Lambda+0x800000048
instanceKlass  @bci java/util/stream/Collectors toSet ()Ljava/util/stream/Collector; 14 <appendix> argL0 ; # java/util/stream/Collectors$$Lambda+0x800000046
instanceKlass java/util/function/BinaryOperator
instanceKlass  @bci java/util/stream/Collectors toSet ()Ljava/util/stream/Collector; 9 <appendix> argL0 ; # java/util/stream/Collectors$$Lambda+0x80000003e
instanceKlass java/util/function/BiConsumer
instanceKlass  @bci java/util/stream/Collectors toSet ()Ljava/util/stream/Collector; 4 <appendix> argL0 ; # java/util/stream/Collectors$$Lambda+0x80000004b
instanceKlass java/lang/invoke/LambdaProxyClassArchive
instanceKlass java/lang/invoke/InfoFromMemberName
instanceKlass java/lang/invoke/MethodHandleInfo
instanceKlass java/lang/invoke/AbstractValidatingLambdaMetafactory
instanceKlass java/lang/invoke/BootstrapMethodInvoker
instanceKlass java/lang/invoke/LambdaMetafactory
instanceKlass java/util/stream/Collector
instanceKlass java/util/stream/Collectors
# instanceKlass java/lang/invoke/LambdaForm$MH+0x0000000023043000
instanceKlass jdk/internal/classfile/impl/ClassReaderImpl
instanceKlass java/lang/classfile/ClassReader
instanceKlass jdk/internal/classfile/impl/ClassHierarchyImpl$CachedClassHierarchyResolver$1
instanceKlass java/lang/classfile/ClassHierarchyResolver$ClassHierarchyInfo
instanceKlass jdk/internal/classfile/impl/ClassHierarchyImpl$CachedClassHierarchyResolver
instanceKlass jdk/internal/classfile/impl/ClassHierarchyImpl$ClassLoadingClassHierarchyResolver$1
instanceKlass jdk/internal/classfile/impl/ClassHierarchyImpl$ClassLoadingClassHierarchyResolver
instanceKlass java/lang/classfile/ClassHierarchyResolver
instanceKlass jdk/internal/classfile/impl/ClassHierarchyImpl
instanceKlass jdk/internal/classfile/impl/RawBytecodeHelper$1
instanceKlass jdk/internal/classfile/impl/RawBytecodeHelper
instanceKlass jdk/internal/classfile/impl/StackMapGenerator$Frame
instanceKlass jdk/internal/classfile/impl/StackMapGenerator
instanceKlass jdk/internal/classfile/impl/AnnotationReader
instanceKlass java/lang/classfile/CustomAttribute
instanceKlass jdk/internal/classfile/impl/TerminalFieldBuilder
instanceKlass java/lang/classfile/FieldBuilder
instanceKlass java/lang/invoke/InvokerBytecodeGenerator$2
instanceKlass jdk/internal/classfile/impl/BytecodeHelpers
instanceKlass java/lang/classfile/constantpool/MethodRefEntry
instanceKlass jdk/internal/classfile/impl/DirectCodeBuilder$8
instanceKlass java/lang/classfile/instruction/LabelTarget
instanceKlass java/lang/classfile/Label
instanceKlass jdk/internal/classfile/impl/BufWriterImpl
instanceKlass java/lang/classfile/BufWriter
instanceKlass java/lang/classfile/instruction/LocalVariableType
instanceKlass java/lang/classfile/instruction/LocalVariable
instanceKlass java/lang/classfile/instruction/CharacterRange
instanceKlass java/lang/classfile/PseudoInstruction
instanceKlass java/lang/classfile/CodeElement
instanceKlass jdk/internal/classfile/impl/TerminalCodeBuilder
instanceKlass jdk/internal/classfile/impl/LabelContext
instanceKlass java/lang/classfile/CodeBuilder
instanceKlass java/lang/invoke/InvokerBytecodeGenerator$4$1
instanceKlass java/lang/classfile/constantpool/FieldRefEntry
instanceKlass java/lang/classfile/constantpool/MemberRefEntry
instanceKlass java/lang/classfile/constantpool/NameAndTypeEntry
instanceKlass jdk/internal/classfile/impl/TerminalMethodBuilder
instanceKlass jdk/internal/classfile/impl/MethodInfo
instanceKlass java/lang/classfile/MethodBuilder
instanceKlass java/lang/invoke/InvokerBytecodeGenerator$4
instanceKlass java/lang/classfile/attribute/SourceFileAttribute
instanceKlass java/lang/classfile/Superclass
instanceKlass jdk/internal/classfile/impl/AttributeHolder
instanceKlass java/lang/classfile/ClassBuilder
instanceKlass java/lang/classfile/ClassFileBuilder
instanceKlass jdk/internal/classfile/impl/AbstractDirectBuilder
instanceKlass java/lang/invoke/InvokerBytecodeGenerator$1
instanceKlass jdk/internal/classfile/impl/ClassFileImpl
instanceKlass java/lang/classfile/ClassFile
instanceKlass java/lang/invoke/InvokerBytecodeGenerator$3
instanceKlass java/util/function/Consumer
instanceKlass java/lang/classfile/constantpool/ClassEntry
instanceKlass java/lang/classfile/constantpool/LoadableConstantEntry
instanceKlass jdk/internal/classfile/impl/EntryMap
instanceKlass jdk/internal/classfile/impl/BootstrapMethodEntryImpl
instanceKlass java/lang/classfile/BootstrapMethodEntry
instanceKlass jdk/internal/classfile/impl/SplitConstantPool
instanceKlass java/lang/invoke/LambdaFormBuffer
instanceKlass java/lang/invoke/LambdaFormEditor$TransformKey
instanceKlass java/lang/invoke/LambdaFormEditor
instanceKlass java/lang/invoke/DelegatingMethodHandle$Holder
instanceKlass java/lang/invoke/DirectMethodHandle$2
instanceKlass java/lang/invoke/ClassSpecializer$Factory
instanceKlass java/lang/invoke/ClassSpecializer$SpeciesData
instanceKlass java/lang/invoke/ClassSpecializer$1
instanceKlass jdk/internal/vm/annotation/Stable
instanceKlass jdk/internal/vm/annotation/AOTSafeClassInitializer
instanceKlass java/lang/invoke/ClassSpecializer
instanceKlass sun/invoke/util/ValueConversions
instanceKlass sun/reflect/annotation/AnnotationParser
instanceKlass java/util/EnumMap$1
instanceKlass java/util/stream/StreamOpFlag$MaskBuilder
instanceKlass java/util/stream/PipelineHelper
instanceKlass java/util/stream/StreamSupport
instanceKlass java/util/Spliterators$ArraySpliterator
instanceKlass java/util/Spliterator
instanceKlass java/util/Spliterators
instanceKlass java/util/stream/Stream
instanceKlass java/util/stream/BaseStream
instanceKlass com/sun/management/internal/PlatformMBeanProviderImpl$1
instanceKlass sun/management/spi/PlatformMBeanProvider$PlatformComponent
instanceKlass java/lang/invoke/Invokers$Holder
instanceKlass java/lang/invoke/Invokers
instanceKlass sun/invoke/util/VerifyType
instanceKlass java/lang/invoke/InvokerBytecodeGenerator$8
instanceKlass jdk/internal/classfile/impl/AbstractAttributeMapper
instanceKlass java/lang/classfile/AttributeMapper
instanceKlass java/lang/classfile/Attributes
instanceKlass jdk/internal/classfile/impl/Util$Writable
instanceKlass jdk/internal/classfile/impl/AbstractElement
instanceKlass java/lang/classfile/attribute/RuntimeVisibleAnnotationsAttribute
instanceKlass java/lang/classfile/FieldElement
instanceKlass java/lang/classfile/MethodElement
instanceKlass java/lang/classfile/ClassElement
instanceKlass java/lang/classfile/Attribute
instanceKlass java/lang/classfile/ClassFileElement
instanceKlass jdk/internal/classfile/impl/Util
instanceKlass java/lang/classfile/constantpool/Utf8Entry
instanceKlass java/lang/classfile/constantpool/AnnotationConstantValueEntry
instanceKlass java/lang/classfile/constantpool/PoolEntry
instanceKlass jdk/internal/classfile/impl/AbstractPoolEntry
instanceKlass jdk/internal/classfile/impl/TemporaryConstantPool
instanceKlass java/lang/classfile/constantpool/ConstantPoolBuilder
instanceKlass java/lang/classfile/constantpool/ConstantPool
instanceKlass java/lang/classfile/Annotation
instanceKlass java/lang/classfile/AnnotationElement
instanceKlass java/lang/invoke/InvokerBytecodeGenerator
instanceKlass java/lang/invoke/LambdaForm$Holder
instanceKlass java/lang/invoke/LambdaForm$Name
instanceKlass java/lang/invoke/DirectMethodHandle$Holder
instanceKlass java/lang/invoke/MethodHandleImpl$1
instanceKlass jdk/internal/access/JavaLangInvokeAccess
instanceKlass java/lang/invoke/LambdaForm$NamedFunction
instanceKlass jdk/internal/reflect/MethodHandleAccessorFactory$LazyStaticHolder
instanceKlass java/util/ServiceLoader$ProviderImpl
instanceKlass java/util/ServiceLoader$Provider
instanceKlass java/util/concurrent/Callable
instanceKlass java/util/concurrent/CopyOnWriteArrayList$COWIterator
instanceKlass java/util/ServiceLoader$2
instanceKlass java/util/ServiceLoader$1
instanceKlass java/util/ServiceLoader$LazyClassPathLookupIterator
instanceKlass java/util/ImmutableCollections$ListItr
instanceKlass java/util/ListIterator
instanceKlass jdk/internal/loader/AbstractClassLoaderValue$Memoizer
instanceKlass java/util/ServiceLoader$ModuleServicesLookupIterator
instanceKlass java/util/ServiceLoader
instanceKlass sun/management/spi/PlatformMBeanProvider
instanceKlass java/lang/management/ManagementFactory$PlatformMBeanFinder
instanceKlass java/lang/management/RuntimeMXBean
instanceKlass java/lang/management/PlatformManagedObject
instanceKlass jdk/internal/reflect/Reflection$1Holder
instanceKlass java/lang/management/ManagementFactory
instanceKlass java/io/FileInputStream$1
instanceKlass org/apache/maven/surefire/booter/PropertiesWrapper
instanceKlass org/apache/maven/surefire/booter/KeyValueSource
instanceKlass java/util/Collections$UnmodifiableCollection$1
instanceKlass java/util/Collections$UnmodifiableCollection
instanceKlass java/util/concurrent/ConcurrentHashMap$MapEntry
instanceKlass java/util/Collections$SynchronizedCollection
instanceKlass java/util/Properties$EntrySet
instanceKlass java/util/concurrent/ConcurrentLinkedQueue$Itr
instanceKlass org/apache/maven/surefire/booter/CommandReader$1
instanceKlass org/apache/maven/surefire/booter/Command
instanceKlass java/lang/reflect/Array
instanceKlass jdk/internal/util/ByteArray
instanceKlass java/util/Properties$LineReader
instanceKlass jdk/internal/misc/Blocker
instanceKlass org/apache/maven/surefire/booter/SystemPropertyManager
instanceKlass org/apache/maven/surefire/util/internal/ObjectUtils
instanceKlass org/apache/maven/surefire/booter/BooterDeserializer
instanceKlass java/lang/invoke/VarHandle$AccessDescriptor
instanceKlass org/apache/maven/plugin/surefire/log/api/NullConsoleLogger
instanceKlass java/util/concurrent/Semaphore
instanceKlass java/util/concurrent/CountDownLatch
instanceKlass jdk/internal/invoke/MhUtil
instanceKlass java/util/concurrent/atomic/AtomicReference
instanceKlass org/apache/maven/surefire/util/internal/DaemonThreadFactory
instanceKlass org/apache/maven/surefire/booter/CommandReader$CommandRunnable
instanceKlass java/lang/constant/DynamicConstantDesc
instanceKlass jdk/internal/constant/DirectMethodHandleDescImpl$1
instanceKlass jdk/internal/constant/DirectMethodHandleDescImpl
instanceKlass java/lang/constant/DirectMethodHandleDesc
instanceKlass java/lang/constant/MethodHandleDesc$1
instanceKlass java/lang/constant/MethodHandleDesc
instanceKlass jdk/internal/constant/MethodTypeDescImpl
instanceKlass java/lang/constant/MethodTypeDesc
instanceKlass jdk/internal/constant/ConstantUtils
instanceKlass jdk/internal/constant/ArrayClassDescImpl
instanceKlass jdk/internal/constant/ClassOrInterfaceDescImpl
instanceKlass java/lang/constant/ClassDesc
instanceKlass java/lang/constant/ConstantDescs
instanceKlass sun/invoke/util/Wrapper$Format
instanceKlass java/lang/invoke/MethodType$1
instanceKlass java/lang/invoke/MethodTypeForm
instanceKlass java/lang/invoke/VarForm
instanceKlass java/lang/invoke/VarHandleGuards
instanceKlass java/lang/invoke/VarHandles
instanceKlass java/util/concurrent/ConcurrentLinkedQueue$Node
instanceKlass org/apache/maven/plugin/surefire/log/api/ConsoleLogger
instanceKlass org/apache/maven/surefire/booter/CommandReader
instanceKlass java/lang/PublicMethods$Key
instanceKlass java/lang/PublicMethods$MethodList
instanceKlass java/util/concurrent/ScheduledExecutorService
instanceKlass java/util/concurrent/ExecutorService
instanceKlass java/util/concurrent/Executor
instanceKlass org/apache/maven/surefire/booter/CommandListener
instanceKlass java/security/PrivilegedAction
instanceKlass org/apache/maven/surefire/report/ReporterFactory
instanceKlass org/apache/maven/surefire/report/StackTraceWriter
instanceKlass jdk/internal/misc/MethodFinder
instanceKlass org/apache/maven/surefire/booter/ForkedBooter
instanceKlass java/security/PermissionCollection
instanceKlass java/security/SecureClassLoader$1
instanceKlass java/util/zip/Checksum$1
instanceKlass java/util/zip/CRC32
instanceKlass java/util/zip/Checksum
instanceKlass java/lang/Package$VersionInfo
instanceKlass java/lang/NamedPackage
instanceKlass jdk/internal/loader/Resource
instanceKlass java/util/StringTokenizer
instanceKlass jdk/internal/loader/FileURLMapper
instanceKlass jdk/internal/loader/URLClassPath$Loader
instanceKlass sun/net/util/URLUtil
instanceKlass java/util/SequencedMap
instanceKlass java/util/jar/Attributes
instanceKlass java/util/jar/JarVerifier
instanceKlass sun/security/util/Debug
instanceKlass sun/security/util/SignatureFileVerifier
instanceKlass java/util/zip/ZipFile$InflaterCleanupAction
instanceKlass java/util/zip/Inflater$InflaterZStreamRef
instanceKlass java/util/zip/Inflater
instanceKlass java/util/zip/ZipEntry
instanceKlass java/nio/Bits$1
instanceKlass jdk/internal/misc/VM$BufferPool
instanceKlass java/nio/Bits
instanceKlass sun/nio/ch/DirectBuffer
instanceKlass jdk/internal/perf/PerfCounter$CoreCounters
instanceKlass jdk/internal/perf/Perf
instanceKlass jdk/internal/perf/PerfCounter
instanceKlass java/nio/file/attribute/FileTime
instanceKlass java/util/zip/ZipUtils
instanceKlass java/util/zip/ZipFile$Source$End
instanceKlass java/io/RandomAccessFile$2
instanceKlass jdk/internal/access/JavaIORandomAccessFileAccess
instanceKlass java/io/RandomAccessFile
instanceKlass java/io/DataInput
instanceKlass java/io/DataOutput
instanceKlass sun/nio/fs/WindowsNativeDispatcher$CompletionStatus
instanceKlass sun/nio/fs/WindowsNativeDispatcher$AclInformation
instanceKlass sun/nio/fs/WindowsNativeDispatcher$Account
instanceKlass sun/nio/fs/WindowsNativeDispatcher$DiskFreeSpace
instanceKlass sun/nio/fs/WindowsNativeDispatcher$VolumeInformation
instanceKlass sun/nio/fs/WindowsNativeDispatcher$FirstStream
instanceKlass sun/nio/fs/WindowsNativeDispatcher$FirstFile
instanceKlass java/util/Enumeration
instanceKlass java/util/concurrent/ConcurrentHashMap$Traverser
instanceKlass jdk/internal/loader/NativeLibraries$2
instanceKlass jdk/internal/loader/NativeLibrary
instanceKlass java/util/ArrayDeque$DeqIterator
instanceKlass jdk/internal/loader/NativeLibraries$NativeLibraryContext$1
instanceKlass jdk/internal/loader/NativeLibraries$NativeLibraryContext
instanceKlass java/util/concurrent/ConcurrentHashMap$CollectionView
instanceKlass jdk/internal/loader/NativeLibraries$Holder
instanceKlass jdk/internal/loader/NativeLibraries$1
instanceKlass jdk/internal/loader/NativeLibraries$LibraryPaths
instanceKlass jdk/internal/loader/BootLoader$Holder
instanceKlass sun/nio/fs/WindowsNativeDispatcher
instanceKlass sun/nio/fs/NativeBuffer$Deallocator
instanceKlass sun/nio/fs/NativeBuffer
instanceKlass java/lang/ThreadLocal$ThreadLocalMap
instanceKlass java/lang/ThreadLocal
instanceKlass sun/nio/fs/NativeBuffers
instanceKlass sun/nio/fs/WindowsFileAttributes
instanceKlass java/nio/file/attribute/DosFileAttributes
instanceKlass sun/nio/fs/AbstractBasicFileAttributeView
instanceKlass sun/nio/fs/DynamicFileAttributeView
instanceKlass sun/nio/fs/WindowsFileAttributeViews
instanceKlass sun/nio/fs/Util
instanceKlass java/nio/file/attribute/BasicFileAttributeView
instanceKlass java/nio/file/attribute/FileAttributeView
instanceKlass java/nio/file/attribute/AttributeView
instanceKlass java/nio/file/Files
instanceKlass java/nio/file/CopyOption
instanceKlass java/nio/file/attribute/BasicFileAttributes
instanceKlass sun/nio/fs/WindowsPath
instanceKlass java/nio/file/Path
instanceKlass java/nio/file/Watchable
instanceKlass java/util/zip/ZipFile$Source$Key
instanceKlass sun/nio/fs/WindowsPathParser
instanceKlass java/nio/file/FileSystem
instanceKlass java/nio/file/OpenOption
instanceKlass java/nio/file/spi/FileSystemProvider
instanceKlass sun/nio/fs/DefaultFileSystemProvider
instanceKlass java/util/zip/ZipFile$Source
instanceKlass java/lang/ref/Cleaner$Cleanable
instanceKlass jdk/internal/ref/CleanerImpl$CleanableList$Node
instanceKlass jdk/internal/ref/CleanerImpl$CleanableList
instanceKlass jdk/internal/ref/CleanerImpl
instanceKlass java/lang/ref/Cleaner$1
instanceKlass java/lang/ref/Cleaner
instanceKlass jdk/internal/ref/CleanerFactory$1
instanceKlass java/util/concurrent/ThreadFactory
instanceKlass jdk/internal/ref/CleanerFactory
instanceKlass java/util/zip/ZipFile$CleanableResource
instanceKlass java/util/zip/ZipCoder
instanceKlass java/lang/Runtime$Version
instanceKlass java/util/jar/JavaUtilJarAccessImpl
instanceKlass jdk/internal/access/JavaUtilJarAccess
instanceKlass java/util/zip/ZipFile$1
instanceKlass jdk/internal/access/JavaUtilZipFileAccess
instanceKlass java/util/BitSet
instanceKlass java/util/zip/ZipFile
instanceKlass java/util/zip/ZipConstants
instanceKlass java/lang/StringCoding
instanceKlass sun/nio/cs/ArrayDecoder
instanceKlass java/nio/charset/CharsetDecoder
instanceKlass sun/launcher/LauncherHelper
instanceKlass jdk/internal/util/StrongReferenceKey
instanceKlass jdk/internal/util/ReferenceKey
instanceKlass jdk/internal/util/ReferencedKeyMap$1
instanceKlass jdk/internal/util/ReferencedKeyMap
instanceKlass java/util/Optional
instanceKlass java/util/Locale$2
instanceKlass java/util/Locale$1
instanceKlass sun/util/locale/LocaleUtils
instanceKlass java/util/Locale$3
instanceKlass sun/util/locale/BaseLocale$1
instanceKlass java/util/Locale
instanceKlass sun/usagetracker/UsageTrackerClient
instanceKlass jdk/internal/util/EnvUtils
instanceKlass jdk/internal/vm/PostVMInitHook
instanceKlass jdk/internal/vm/ContinuationSupport
instanceKlass java/lang/ClassLoader$Holder
instanceKlass java/util/Deque
instanceKlass java/util/Queue
instanceKlass sun/net/util/IPAddressUtil$MASKS
instanceKlass sun/net/util/IPAddressUtil
instanceKlass java/net/URLStreamHandler
instanceKlass sun/net/www/ParseUtil
instanceKlass java/net/URL$1
instanceKlass jdk/internal/access/JavaNetURLAccess
instanceKlass java/net/URL$DefaultFactory
instanceKlass java/net/URLStreamHandlerFactory
instanceKlass jdk/internal/loader/URLClassPath
instanceKlass java/lang/Module$EnableNativeAccess
instanceKlass jdk/internal/loader/BootLoader
instanceKlass jdk/internal/loader/ClassLoaderHelper
instanceKlass java/lang/ClassLoader$ParallelLoaders
instanceKlass java/security/cert/Certificate
instanceKlass java/net/URI$1
instanceKlass jdk/internal/access/JavaNetUriAccess
instanceKlass jdk/internal/loader/AbstractClassLoaderValue
instanceKlass jdk/internal/module/ModuleBootstrap$Counters
instanceKlass jdk/internal/module/ModuleLoaderMap$Modules
instanceKlass jdk/internal/module/ModuleLoaderMap
instanceKlass jdk/internal/module/ModulePatcher
instanceKlass jdk/internal/util/DecimalDigits
instanceKlass java/io/FileSystem
instanceKlass java/io/DefaultFileSystem
instanceKlass java/io/File
instanceKlass java/lang/module/ModuleDescriptor$1
instanceKlass jdk/internal/access/JavaLangModuleAccess
instanceKlass sun/invoke/util/VerifyAccess
instanceKlass java/util/KeyValueHolder
instanceKlass java/util/ImmutableCollections$MapN$MapNIterator
instanceKlass java/lang/invoke/MethodHandles$Lookup
instanceKlass java/lang/invoke/MemberName$Factory
instanceKlass java/lang/invoke/MethodHandles
instanceKlass jdk/internal/module/ModuleBootstrap
instanceKlass java/util/HexFormat
instanceKlass jdk/internal/util/ClassFileDumper
instanceKlass java/lang/CharacterData
instanceKlass java/lang/invoke/MethodHandleStatics
instanceKlass java/util/Collections
instanceKlass java/lang/Thread$ThreadIdentifiers
instanceKlass sun/io/Win32ErrorMode
instanceKlass jdk/internal/misc/OSEnvironment
instanceKlass jdk/internal/misc/Signal$NativeHandler
instanceKlass java/util/Hashtable$Entry
instanceKlass jdk/internal/misc/Signal
instanceKlass java/lang/Terminator$1
instanceKlass jdk/internal/misc/Signal$Handler
instanceKlass java/lang/Terminator
instanceKlass java/nio/Buffer$2
instanceKlass jdk/internal/access/JavaNioAccess
instanceKlass java/nio/Buffer$1
instanceKlass jdk/internal/misc/ScopedMemoryAccess
instanceKlass java/nio/charset/CodingErrorAction
instanceKlass sun/nio/cs/SingleByte
instanceKlass java/lang/StringUTF16
instanceKlass sun/nio/cs/MS1252$Holder
instanceKlass sun/nio/cs/ArrayEncoder
instanceKlass java/nio/charset/CharsetEncoder
instanceKlass java/io/Writer
instanceKlass java/io/OutputStream
instanceKlass java/io/Flushable
instanceKlass java/io/FileDescriptor$1
instanceKlass jdk/internal/access/JavaIOFileDescriptorAccess
instanceKlass java/io/FileDescriptor
instanceKlass jdk/internal/util/StaticProperty
instanceKlass jdk/internal/reflect/MethodHandleAccessorFactory
instanceKlass jdk/internal/reflect/Reflection
instanceKlass java/lang/reflect/Modifier
instanceKlass java/lang/Class$Atomic
instanceKlass java/lang/Class$ReflectionData
instanceKlass jdk/internal/util/ModifiedUtf
instanceKlass java/nio/charset/StandardCharsets
instanceKlass java/nio/charset/Charset$5
instanceKlass sun/nio/cs/HistoricallyNamedCharset
instanceKlass java/util/Arrays
instanceKlass jdk/internal/util/Preconditions$3
instanceKlass jdk/internal/util/Preconditions$2
instanceKlass jdk/internal/util/Preconditions$4
instanceKlass java/util/function/BiFunction
instanceKlass jdk/internal/util/Preconditions$1
instanceKlass jdk/internal/util/Preconditions
instanceKlass java/nio/charset/Charset$4
instanceKlass jdk/internal/lang/LazyConstantImpl
instanceKlass java/lang/LazyConstant
instanceKlass java/nio/charset/Charset$3
instanceKlass java/lang/ScopedValue$Cache
instanceKlass java/lang/ScopedValue
instanceKlass java/nio/charset/spi/CharsetProvider
instanceKlass java/nio/charset/Charset
instanceKlass java/util/HashMap$HashIterator
instanceKlass java/util/Objects
instanceKlass java/util/concurrent/locks/LockSupport
instanceKlass java/util/concurrent/ConcurrentHashMap$CounterCell
instanceKlass java/util/concurrent/locks/ReentrantLock
instanceKlass java/util/concurrent/locks/Lock
instanceKlass java/lang/Runtime
instanceKlass java/lang/VersionProps
instanceKlass java/lang/StringConcatHelper
instanceKlass jdk/internal/util/ArraysSupport
instanceKlass java/lang/StringLatin1
instanceKlass java/lang/StrictMath
instanceKlass jdk/internal/util/SystemProps$Raw
instanceKlass jdk/internal/util/SystemProps
instanceKlass java/lang/System$1
instanceKlass jdk/internal/access/JavaLangAccess
instanceKlass java/lang/ref/ReferenceQueue$Lock
instanceKlass java/lang/ref/ReferenceQueue
instanceKlass java/lang/ref/Reference$1
instanceKlass jdk/internal/access/JavaLangRefAccess
instanceKlass java/lang/Math
instanceKlass java/io/ObjectStreamClass
instanceKlass jdk/internal/reflect/ReflectionFactory
instanceKlass jdk/internal/access/SharedSecrets
instanceKlass java/lang/reflect/ReflectAccess
instanceKlass jdk/internal/access/JavaLangReflectAccess
instanceKlass jdk/internal/misc/CDS
instanceKlass jdk/internal/misc/VM
instanceKlass java/lang/String$FoldCaseComparator
instanceKlass java/lang/String$CaseInsensitiveComparator
instanceKlass java/util/Comparator
instanceKlass java/io/ObjectStreamField
instanceKlass java/lang/Module$ArchivedData
instanceKlass jdk/internal/module/ArchivedBootLayer
instanceKlass jdk/internal/loader/BuiltinClassLoader$LoadedModule
instanceKlass jdk/internal/module/ServicesCatalog$ServiceProvider
instanceKlass java/util/concurrent/CopyOnWriteArrayList
instanceKlass jdk/internal/module/ServicesCatalog
instanceKlass java/util/concurrent/ConcurrentHashMap$Node
instanceKlass jdk/internal/loader/NativeLibraries
instanceKlass java/security/Principal
instanceKlass jdk/internal/loader/ArchivedClassLoaders
instanceKlass jdk/internal/math/FDBigInteger
instanceKlass java/lang/ModuleLayer
instanceKlass java/util/ImmutableCollections
instanceKlass jdk/internal/module/ModuleLoaderMap$Mapper
instanceKlass java/util/function/Function
instanceKlass java/lang/module/ResolvedModule
instanceKlass java/lang/module/Configuration
instanceKlass java/lang/module/ModuleDescriptor$Opens
instanceKlass java/util/HashMap$Node
instanceKlass java/util/Map$Entry
instanceKlass java/util/Collections$UnmodifiableMap
instanceKlass jdk/internal/module/ModuleHashes
instanceKlass jdk/internal/module/ModuleTarget
instanceKlass jdk/internal/module/SystemModuleFinders$2
instanceKlass jdk/internal/module/ModuleHashes$HashSupplier
instanceKlass jdk/internal/module/SystemModuleFinders$1
instanceKlass java/util/function/Supplier
instanceKlass java/net/URI
instanceKlass java/lang/module/ModuleDescriptor$Provides
instanceKlass java/lang/module/ModuleDescriptor$Exports
instanceKlass java/lang/module/ModuleDescriptor$Requires
instanceKlass java/lang/module/ModuleDescriptor$Version
instanceKlass java/lang/module/ModuleDescriptor
instanceKlass java/lang/module/ModuleReference
instanceKlass java/util/Set
instanceKlass jdk/internal/module/SystemModuleFinders$SystemModuleFinder
instanceKlass java/lang/module/ModuleFinder
instanceKlass jdk/internal/module/ArchivedModuleGraph
instanceKlass sun/util/locale/BaseLocale
instanceKlass java/util/jar/Attributes$Name
instanceKlass java/lang/Character$CharacterCache
instanceKlass java/lang/Short$ShortCache
instanceKlass java/lang/Byte$ByteCache
instanceKlass java/lang/Long$LongCache
instanceKlass java/lang/Integer$IntegerCache
instanceKlass jdk/internal/vm/FillerObject
instanceKlass jdk/internal/vm/vector/VectorSupport$VectorPayload
instanceKlass jdk/internal/vm/vector/VectorSupport
instanceKlass java/lang/reflect/RecordComponent
instanceKlass java/util/Iterator
instanceKlass java/lang/Void
instanceKlass java/lang/Number
instanceKlass java/lang/Character
instanceKlass java/lang/Boolean
instanceKlass java/util/concurrent/locks/AbstractOwnableSynchronizer
instanceKlass java/lang/LiveStackFrame
instanceKlass java/lang/ClassFrameInfo
instanceKlass java/lang/StackWalker$StackFrame
instanceKlass java/lang/StackStreamFactory$AbstractStackWalker
instanceKlass java/lang/StackWalker
instanceKlass java/nio/Buffer
instanceKlass java/lang/StackTraceElement
instanceKlass java/util/RandomAccess
instanceKlass java/util/List
instanceKlass java/util/SequencedCollection
instanceKlass java/util/AbstractCollection
instanceKlass java/util/Collection
instanceKlass java/lang/Iterable
instanceKlass java/util/concurrent/ConcurrentMap
instanceKlass java/util/AbstractMap
instanceKlass java/security/CodeSource
instanceKlass jdk/internal/loader/ClassLoaders
instanceKlass java/util/jar/Manifest
instanceKlass java/lang/Enum
instanceKlass java/net/URL
instanceKlass java/io/InputStream
instanceKlass java/io/Closeable
instanceKlass java/lang/AutoCloseable
instanceKlass jdk/internal/module/Modules
instanceKlass jdk/internal/misc/Unsafe
instanceKlass jdk/internal/misc/UnsafeConstants
instanceKlass java/lang/AbstractStringBuilder
instanceKlass java/lang/Appendable
instanceKlass java/lang/AssertionStatusDirectives
instanceKlass jdk/internal/foreign/abi/ABIDescriptor
instanceKlass jdk/internal/foreign/abi/NativeEntryPoint
instanceKlass java/lang/invoke/CallSite
instanceKlass java/lang/invoke/MethodType
instanceKlass java/lang/invoke/TypeDescriptor$OfMethod
instanceKlass java/lang/invoke/LambdaForm
instanceKlass java/lang/invoke/MethodHandleNatives
instanceKlass java/lang/invoke/MethodHandleImpl
instanceKlass java/lang/invoke/ResolvedMethodName
instanceKlass java/lang/invoke/MemberName
instanceKlass java/lang/invoke/VarHandle
instanceKlass java/lang/invoke/MethodHandle
instanceKlass jdk/internal/reflect/ConstructorAccessorImpl
instanceKlass jdk/internal/reflect/ConstructorAccessor
instanceKlass jdk/internal/reflect/CallerSensitive
instanceKlass java/lang/annotation/Annotation
instanceKlass jdk/internal/reflect/ConstantPool
instanceKlass jdk/internal/reflect/MethodAccessorImpl
instanceKlass jdk/internal/reflect/MethodAccessor
instanceKlass jdk/internal/vm/StackChunk
instanceKlass jdk/internal/vm/Continuation
instanceKlass jdk/internal/vm/ContinuationScope
instanceKlass java/lang/reflect/Parameter
instanceKlass java/lang/reflect/Member
instanceKlass java/lang/reflect/AccessibleObject
instanceKlass java/lang/Module
instanceKlass java/util/Map
instanceKlass java/util/Dictionary
instanceKlass java/lang/ThreadGroup
instanceKlass java/lang/Thread$UncaughtExceptionHandler
instanceKlass java/lang/Thread$Constants
instanceKlass java/lang/Thread$FieldHolder
instanceKlass java/lang/Thread
instanceKlass java/lang/Runnable
instanceKlass java/lang/ref/Reference
instanceKlass java/lang/Record
instanceKlass java/security/ProtectionDomain
instanceKlass java/lang/Throwable
instanceKlass java/lang/System
instanceKlass java/lang/ClassLoader
instanceKlass java/lang/Cloneable
instanceKlass java/lang/Class
instanceKlass java/lang/invoke/TypeDescriptor$OfField
instanceKlass java/lang/invoke/TypeDescriptor
instanceKlass java/lang/reflect/Type
instanceKlass java/lang/reflect/GenericDeclaration
instanceKlass java/lang/reflect/AnnotatedElement
instanceKlass java/lang/String
instanceKlass java/lang/constant/ConstantDesc
instanceKlass java/lang/constant/Constable
instanceKlass java/lang/CharSequence
instanceKlass java/lang/Comparable
instanceKlass java/io/Serializable
ciInstanceKlass java/lang/Object 1 1 116 7 1 10 12 1 1 10 7 12 1 1 1 10 7 12 1 1 1 10 12 1 1 8 1 10 12 1 1 10 7 12 1 1 1 10 12 1 10 12 1 1 100 1 8 1 10 12 1 10 7 12 1 1 1 7 1 10 12 1 7 1 10 12 1 1 8 1 3 8 1 100 1 5 0 1 1 1 1 1 1 1 1 1 1 1 1 1 1 1 1 7 1 1 1 1 1 1 1 1 1 1 1 1 1 7 1 1 1 1 1 1 3 1 1 1
ciInstanceKlass java/io/Serializable 1 0 7 100 1 100 1 1 1
ciInstanceKlass java/lang/System 1 1 591 10 100 12 1 1 1 10 7 12 1 1 1 10 12 1 1 10 12 1 9 12 1 1 10 7 12 1 1 1 11 100 12 1 1 1 10 100 12 1 1 1 10 12 1 1 100 1 8 1 10 12 1 9 12 1 1 9 12 1 1 10 7 12 1 1 1 10 7 12 1 1 1 10 12 1 1 10 12 1 10 7 12 1 1 1 10 12 1 10 12 1 1 7 1 10 12 1 1 100 1 8 1 10 10 12 1 1 100 1 8 1 10 10 7 12 1 1 10 12 10 7 12 1 1 10 7 12 1 1 1 100 1 8 1 10 10 7 12 1 1 1 10 7 12 1 1 1 100 1 10 100 12 1 1 1 10 12 1 1 10 7 12 1 1 1 10 12 1 1 10 12 1 10 12 1 8 1 10 12 1 1 10 12 1 1 8 1 10 12 1 7 1 7 1 10 12 1 9 7 12 1 1 1 10 7 12 1 1 1 10 12 1 10 12 1 10 7 12 1 1 1 100 1 8 1 10 9 12 1 1 9 12 1 10 12 1 10 100 12 1 1 10 12 1 10 12 1 1 100 1 10 8 1 10 12 1 1 10 12 1 10 12 1 1 10 12 1 1 8 1 11 7 12 1 1 10 12 11 12 1 1 11 7 12 1 1 1 11 7 12 1 1 11 12 1 1 7 1 11 12 1 10 12 1 8 1 10 12 1 1 8 1 8 1 8 1 8 1 11 12 1 10 12 1 1 10 12 1 10 12 1 8 1 10 12 1 1 8 1 9 12 1 8 1 10 7 12 1 1 8 1 7 1 9 7 12 1 1 1 10 12 1 7 1 9 12 10 9 12 7 1 10 12 9 12 1 1 8 1 10 12 1 1 8 1 9 12 1 10 7 12 1 1 10 12 1 10 12 1 1 11 7 12 1 1 10 12 10 7 12 1 1 1 9 12 1 1 100 1 100 1 8 1 10 12 1 1 10 12 1 8 1 8 1 10 8 1 8 1 8 1 8 1 8 1 10 8 1 10 7 12 1 1 1 10 7 12 1 1 1 10 12 1 1 7 1 10 10 12 1 10 12 1 9 12 1 1 1 1 1 1 1 1 1 1 1 1 100 1 1 100 1 1 1 1 1 1 1 1 1 1 3 1 1 1 1 1 1 1 1 1 1 1 1 1 1 1 1 1 1 1 1 1 1 1 1 1 1 1 1 1 1 1 1 1 1 1 1 1 1 1 1 1 1 1 1 1 1 1 1 1 1 1 100 1 1 1 1 1 1 1 1 1 1 1 1 1 1 1 1 1 1 1 1 1 1 1 1 1 100 1 100 1 1 1 1 1 1 1 1
staticfield java/lang/System in Ljava/io/InputStream; java/io/BufferedInputStream
staticfield java/lang/System out Ljava/io/PrintStream; org/apache/maven/surefire/report/ConsoleOutputCapture$ForwardingPrintStream
staticfield java/lang/System err Ljava/io/PrintStream; org/apache/maven/surefire/report/ConsoleOutputCapture$ForwardingPrintStream
instanceKlass io/github/bonigarcia/wdm/cache/ResolutionCache$1
instanceKlass java/security/Security$1
instanceKlass java/security/Provider
ciInstanceKlass java/util/Properties 1 1 690 10 7 12 1 1 1 100 1 10 7 12 1 1 7 1 10 12 1 9 12 1 1 9 12 1 1 9 12 1 1 10 7 12 1 1 1 10 12 1 1 8 1 10 7 12 1 1 1 7 1 10 12 1 10 12 1 1 8 1 10 12 1 7 1 10 12 10 12 1 1 9 12 1 1 10 12 1 1 7 1 10 12 1 10 12 1 10 12 1 1 100 1 8 1 10 12 1 10 12 1 10 12 1 1 10 12 1 100 1 3 10 10 100 12 1 1 1 10 12 1 10 12 1 1 8 1 10 12 1 10 12 1 1 8 1 10 100 12 1 1 10 12 1 1 10 12 1 10 12 1 1 100 1 10 12 1 10 12 1 1 100 1 9 100 12 1 1 1 10 12 1 10 12 1 1 10 12 1 1 10 12 1 1 100 1 9 12 1 1 7 1 100 1 10 12 1 100 1 11 7 12 1 1 1 11 12 1 1 11 100 12 1 1 1 11 7 12 1 1 1 11 12 1 1 11 12 1 11 12 1 10 12 1 1 8 1 10 12 1 10 100 12 1 1 10 12 1 100 1 10 10 12 1 10 12 1 100 1 10 10 12 1 1 10 100 12 1 1 9 100 12 1 1 10 12 1 1 10 100 12 1 1 1 100 1 100 1 100 1 10 8 1 8 1 10 12 1 10 12 1 10 12 1 1 10 10 12 1 1 10 12 1 1 7 1 10 10 12 1 11 7 12 1 1 10 7 12 1 1 1 8 1 10 100 12 1 1 11 11 7 1 8 1 10 100 1 11 10 12 1 10 10 12 1 10 12 1 1 10 12 1 1 10 12 1 1 10 12 1 10 12 1 10 10 12 1 10 12 1 10 12 1 10 10 12 1 1 10 12 1 1 10 10 12 1 10 12 1 10 12 1 10 12 1 10 12 1 1 10 12 1 1 10 12 1 10 12 1 10 12 1 1 10 12 10 12 1 1 10 12 1 1 10 12 1 10 12 1 1 10 12 1 1 10 12 10 11 12 1 4 11 10 12 1 1 10 100 12 1 1 11 12 1 10 12 1 1 10 100 12 1 1 10 12 1 100 1 8 1 10 12 1 10 10 100 12 1 1 1 100 1 6 0 10 12 1 1 11 100 12 1 1 1 10 12 1 10 12 1 1 1 1 1 5 0 1 1 1 1 1 1 1 1 1 1 1 1 1 1 1 1 1 1 1 1 1 1 1 1 1 1 1 1 1 1 1 1 1 1 1 1 1 1 1 100 1 1 1 1 1 1 1 1 1 1 1 1 1 1 1 1 1 1 1 1 100 1 1 1 1 1 1 1 1 1 1 1 1 100 1 100 1 1 1 1 1 100 1 1 1 1 1 1 1 1 1 1 1 1 1 1 1 1 1 1 1 1 1 1 1 1 1 1 1 1 1 1 1 1 1 1 1 1 1 1 1 1 1 1 1 1 1 1 1 1 1 1 1 1 1 1 1 1 1 1 1 1 1 1 1 1 1 1 1 1 1 1 1 1 1 1 1 1 1 100 1 1 1 1 1 1 1 1 1 1 1 100 1 1
staticfield java/util/Properties UNSAFE Ljdk/internal/misc/Unsafe; jdk/internal/misc/Unsafe
instanceKlass java/util/Hashtable
ciInstanceKlass java/util/Dictionary 1 1 36 10 7 12 1 1 1 100 1 1 1 1 1 1 1 1 1 1 1 1 1 1 1 1 1 1 1 1 1 1 1 1 1 1 1 1
instanceKlass java/util/Properties
ciInstanceKlass java/util/Hashtable 1 1 516 100 1 10 7 12 1 1 1 9 7 12 1 1 1 100 1 100 1 10 8 1 10 12 1 1 10 12 1 10 12 1 1 10 12 1 10 7 12 1 1 1 8 1 10 12 1 9 12 1 1 7 1 9 12 1 1 4 10 7 12 1 1 1 9 12 1 4 10 12 1 11 100 12 1 1 1 10 12 1 1 10 12 1 1 9 12 1 10 12 1 1 100 1 10 9 12 1 1 10 7 12 1 1 1 9 12 1 1 10 12 1 10 12 1 3 9 12 1 9 12 1 3 10 12 1 10 12 1 10 12 1 1 11 12 1 1 11 100 12 1 1 1 11 100 12 1 1 1 11 12 1 100 1 11 12 1 11 12 1 10 12 1 1 10 12 1 1 10 12 1 9 12 1 1 9 12 9 12 1 1 10 100 1 100 1 10 12 1 10 8 1 10 10 12 1 8 1 10 8 1 10 100 12 1 1 1 7 1 10 12 1 10 12 1 100 1 10 12 1 10 12 1 1 100 1 10 100 1 10 10 12 1 1 11 12 1 1 11 12 1 100 1 10 10 10 100 12 1 1 11 100 12 1 1 1 100 1 10 11 100 12 1 1 11 100 12 1 10 12 1 10 12 1 1 10 100 12 1 1 10 12 1 1 10 12 1 1 10 12 1 1 10 100 12 1 1 1 8 10 100 12 1 1 100 1 8 1 10 4 4 10 12 1 1 10 12 1 8 1 4 10 12 10 100 12 1 1 1 100 1 11 100 12 1 1 1 10 100 12 1 1 1 10 12 1 10 12 1 1 10 100 1 100 1 1 1 1 1 1 5 0 1 1 1 1 1 3 1 3 1 3 1 1 1 1 1 1 1 1 1 1 1 1 1 1 1 1 1 1 1 1 1 1 1 1 1 100 1 1 1 1 1 1 1 1 1 1 1 1 1 1 1 1 1 1 1 1 1 1 1 1 1 1 1 1 1 100 1 1 1 1 1 1 1 1 1 1 1 1 1 1 100 1 1 1 1 1 1 1 1 1 1 1 1 1 1 1 1 1 1 1 1 1 1 1 1 1 1 1 1 1 1 1 1 1 1 1 1 1 1 1 1 1 1 1 1 100 1 1 1 100 1 1 1 1 1 100 1 1 1 1 1 1 1 1 1 1 1 1 1 1 1 1 1 1
ciInstanceKlass java/util/Map 1 1 297 11 7 12 1 1 1 11 12 1 1 10 7 12 1 1 11 12 1 1 11 7 12 1 1 1 11 7 12 1 1 1 11 12 1 1 7 1 11 12 1 11 12 1 100 1 100 1 10 12 1 1 11 7 12 1 1 1 11 100 12 1 1 1 11 12 1 11 12 1 10 12 1 1 11 12 1 11 7 12 1 9 7 12 1 1 1 7 1 10 12 7 1 7 1 10 12 1 7 1 10 7 1 11 12 1 11 12 1 1 11 12 1 1 7 1 11 12 1 1 11 12 1 1 100 1 11 10 100 12 1 1 1 10 12 1 1 1 1 1 1 1 1 1 1 1 1 1 1 1 1 1 1 1 1 1 1 1 1 1 1 1 1 1 1 1 1 1 1 1 1 1 1 1 1 1 1 1 1 1 1 1 1 1 1 1 1 1 1 1 1 1 1 1 1 1 1 1 1 1 1 1 1 1 1 1 1 1 1 1 1 1 1 1 1 1 1 1 1 1 1 1 1 1 1 1 1 1 1 1 1 1 1 1 1 1 1 1 1 1 1 1 1 1 1 1 1 1 1 1 1 1 1 1 1 1 1 1 1 1 100 1 1 1 1 1 1 1 1 1 1 1 1 1 1 1 1 1 1 1 1 1 1 1 1 1 1 1 1 1 1 1 100 1 100 1 1
ciInstanceKlass java/lang/String 1 1 1518 10 7 12 1 1 1 8 1 9 7 12 1 1 1 9 12 1 1 9 12 1 1 9 12 1 1 10 12 1 10 12 1 1 10 12 1 1 9 12 1 10 7 12 1 1 1 10 12 1 1 10 12 1 10 7 12 1 1 1 10 12 1 1 10 12 1 1 10 12 1 10 12 1 1 10 12 1 10 7 12 1 1 1 7 1 9 7 12 1 1 1 10 12 1 1 9 7 12 1 1 10 12 1 9 7 12 1 1 10 12 1 10 12 1 1 10 12 1 10 7 12 1 1 1 10 12 1 10 12 1 1 10 12 1 1 10 7 12 1 1 1 10 12 1 1 10 12 10 12 1 1 3 10 12 1 1 7 1 11 12 1 1 11 12 1 11 12 1 1 10 7 12 1 1 1 10 12 1 1 9 7 12 1 1 1 10 12 1 1 10 12 1 11 12 1 10 12 1 1 100 1 100 1 10 12 1 10 7 12 1 1 1 10 12 1 10 12 1 10 12 1 1 10 12 1 10 12 1 10 12 10 12 1 100 1 100 1 100 1 10 10 12 1 1 10 12 1 10 12 1 10 12 1 1 10 12 1 1 10 100 12 1 1 100 1 11 10 7 12 1 1 11 12 1 11 12 1 10 12 1 10 12 1 10 12 10 12 1 1 10 10 7 12 1 1 1 10 7 12 1 1 10 12 1 1 10 7 12 1 1 10 12 1 10 12 1 1 10 12 1 1 10 12 1 10 12 1 10 12 1 10 12 1 1 10 12 1 10 12 1 1 10 12 1 1 10 12 1 1 10 100 12 1 1 1 10 12 1 10 12 1 100 1 10 12 1 1 10 12 1 1 10 12 1 3 3 10 12 1 100 1 10 12 1 1 10 12 1 1 10 12 1 1 10 12 1 1 10 12 1 1 10 12 1 10 12 1 1 10 12 1 1 10 12 1 10 12 1 10 12 1 10 12 1 1 10 12 1 10 12 1 10 12 1 10 12 1 10 12 1 10 12 1 10 10 12 1 100 1 10 8 1 10 12 1 1 10 12 1 8 1 10 12 1 1 100 1 10 10 12 1 1 10 8 1 10 12 1 10 10 12 10 12 1 1 10 12 1 1 7 1 5 0 100 1 8 1 10 10 12 1 1 5 0 5 0 5 0 10 12 1 1 10 100 1 10 12 1 10 12 1 10 12 1 10 10 12 1 1 10 12 1 10 12 1 10 12 1 10 12 1 10 12 1 10 12 1 1 10 12 1 1 10 12 1 1 10 10 12 1 1 10 10 12 1 100 1 10 9 100 12 1 1 1 11 100 12 1 1 1 10 12 1 1 10 12 1 1 10 7 1 10 12 1 10 12 1 10 7 12 1 1 1 10 12 1 10 12 1 1 10 12 1 11 7 1 11 12 10 12 1 10 12 1 1 9 12 1 1 11 7 12 1 1 1 10 12 1 1 10 10 12 1 10 12 1 9 12 1 10 12 10 10 12 1 10 12 1 1 10 10 12 1 10 12 1 10 12 1 1 10 12 1 1 10 10 12 1 1 10 10 7 12 1 1 1 10 12 1 10 12 1 10 12 10 10 12 10 10 12 1 10 12 1 10 10 12 10 12 1 1 10 12 10 10 12 10 12 1 10 12 10 12 10 10 12 1 10 12 1 1 10 12 1 10 10 12 1 10 7 12 1 1 1 10 12 1 1 10 10 7 12 1 1 1 11 10 12 1 10 12 1 1 10 12 1 1 10 7 12 1 1 1 10 12 1 10 12 1 10 12 1 10 12 1 10 12 1 10 12 1 100 1 10 10 12 1 10 12 1 1 8 1 10 12 1 3 3 10 12 1 10 12 1 1 10 12 7 1 10 10 12 1 1 10 12 10 12 1 10 12 1 10 12 1 1 10 12 1 1 11 7 12 1 1 1 7 1 10 12 1 10 12 1 1 8 1 10 12 1 10 12 1 11 100 12 1 1 1 11 100 12 1 1 11 12 1 10 12 1 10 12 1 1 10 10 7 12 1 1 1 10 12 1 10 12 1 10 10 12 10 12 1 1 10 10 12 1 10 10 12 1 10 10 12 1 10 10 12 1 10 12 1 1 10 10 12 1 8 1 10 12 1 1 18 12 1 1 11 100 12 1 1 1 3 18 12 1 18 12 1 8 1 10 100 12 1 1 1 11 12 1 1 10 12 10 10 12 1 10 11 12 1 1 10 12 1 1 11 12 1 18 3 11 10 11 11 10 12 1 10 12 1 1 8 1 10 12 1 10 12 1 10 12 1 1 10 12 1 11 100 12 1 7 1 100 1 10 12 100 1 10 10 7 12 1 1 1 100 1 10 7 1 10 10 12 1 10 10 12 1 8 1 10 10 12 1 8 1 8 1 10 12 1 10 12 1 10 10 12 10 7 12 1 1 10 100 12 1 1 10 100 12 1 1 8 1 10 12 1 10 12 1 10 9 12 1 10 12 9 7 12 1 1 1 10 12 1 10 12 1 10 12 1 10 12 10 12 1 10 12 1 8 1 10 100 12 1 1 1 10 12 10 12 1 1 10 12 10 12 10 12 7 1 9 12 1 1 7 1 10 7 1 10 100 1 100 1 100 1 100 1 1 1 1 1 1 5 0 1 1 1 1 1 3 1 3 1 1 1 1 1 1 1 1 1 1 1 1 1 1 1 100 1 1 1 1 1 1 1 1 1 1 1 1 1 1 1 1 1 1 1 1 1 1 1 1 1 1 1 1 1 1 1 100 1 1 1 1 1 1 1 1 1 1 1 1 1 1 1 1 1 1 1 1 1 1 1 1 1 1 1 1 1 1 1 1 100 1 100 1 1 1 1 1 1 1 1 1 1 1 1 1 1 1 1 1 1 1 1 1 1 1 1 1 1 1 1 1 1 1 1 1 1 1 1 1 1 1 1 1 1 1 1 1 1 1 1 1 1 1 1 1 1 1 1 1 1 1 1 1 1 1 1 1 1 100 1 1 1 1 1 1 1 1 1 1 1 1 1 1 1 1 1 1 1 1 1 1 1 1 1 1 1 1 1 1 1 1 1 1 1 1 1 1 1 1 1 1 1 1 1 1 1 1 1 1 1 1 1 1 1 1 1 1 1 1 1 1 1 1 1 1 1 1 1 1 1 1 1 1 1 1 1 1 1 1 1 1 1 1 1 1 1 1 1 1 1 1 1 1 1 1 1 1 1 1 1 1 1 1 1 1 1 1 1 100 1 1 1 1 1 1 1 1 1 1 1 1 1 1 1 1 1 1 1 1 1 1 1 100 1 1 1 1 1 1 1 1 1 1 1 1 1 1 1 100 1 1 1 1 1 1 1 1 1 1 1 1 1 1 1 16 15 10 12 16 15 10 12 15 10 12 15 10 12 15 10 100 12 1 1 1 1 100 1 1 1 1 1 100 1 100 1 1 1 1
staticfield java/lang/String COMPACT_STRINGS Z 1
staticfield java/lang/String serialPersistentFields [Ljava/io/ObjectStreamField; 0 [Ljava/io/ObjectStreamField;
staticfield java/lang/String CASE_INSENSITIVE_ORDER Ljava/util/Comparator; java/lang/String$CaseInsensitiveComparator
staticfield java/lang/String UNICODE_CASEFOLD_ORDER Ljava/util/Comparator; java/lang/String$FoldCaseComparator
ciMethod java/lang/String equals (Ljava/lang/Object;)Z 618 0 11804 0 -1
ciInstanceKlass java/lang/Comparable 1 0 12 100 1 100 1 1 1 1 1 1 1 1
ciInstanceKlass java/lang/CharSequence 1 1 145 11 7 12 1 1 1 18 12 1 1 100 1 10 100 12 1 1 1 18 10 100 12 1 1 1 11 12 1 1 11 100 1 11 12 1 1 10 100 12 1 1 1 11 12 1 1 10 12 1 1 10 12 1 100 1 10 12 1 1 10 100 12 1 1 1 100 1 10 10 12 1 1 100 1 1 1 1 1 1 1 1 1 1 1 1 1 1 1 1 1 1 1 1 1 1 1 1 1 1 1 1 1 1 1 1 1 1 1 1 1 1 1 1 16 1 15 11 12 16 15 11 12 15 10 100 12 1 1 1 1 1 100 1 100 1 1 100 1 1 100 1 100 1 1
ciMethod java/lang/String length ()I 536 0 293083 0 104
ciMethod java/lang/String charAt (I)C 586 0 310849 0 184
ciInstanceKlass java/lang/constant/Constable 1 0 11 100 1 100 1 1 1 1 1 1 1
ciInstanceKlass java/lang/constant/ConstantDesc 1 0 37 100 1 100 1 1 1 1 100 1 1 1 1 100 1 100 1 100 1 100 1 100 1 100 1 100 1 100 1 100 1 1 100 1 100 1 1
ciInstanceKlass java/lang/AutoCloseable 1 0 12 100 1 100 1 1 1 1 100 1 1 1
ciInstanceKlass java/io/Closeable 1 0 14 100 1 100 1 100 1 1 1 1 100 1 1 1
ciInstanceKlass java/lang/Appendable 1 0 14 100 1 100 1 1 1 1 100 1 1 1 1 1
ciInstanceKlass jdk/internal/misc/VM 1 1 316 10 7 12 1 1 1 9 7 12 1 1 1 9 12 1 1 100 1 100 1 10 8 1 10 12 1 1 10 12 1 10 12 1 1 10 12 1 10 12 1 10 12 1 9 12 1 1 8 1 10 12 1 9 12 1 1 9 12 1 1 10 7 12 1 1 1 7 1 11 12 1 1 3 10 12 1 1 10 7 12 1 1 1 9 12 1 1 100 1 8 1 10 11 7 12 1 1 1 7 1 10 100 12 1 1 1 10 12 8 1 8 1 10 12 1 8 1 10 12 1 1 10 7 12 1 1 1 10 12 1 1 10 100 12 1 1 1 5 0 8 1 8 1 10 12 1 1 10 7 12 1 1 9 12 1 9 12 1 9 7 12 1 1 1 9 12 1 9 12 1 9 12 1 9 12 1 9 12 1 10 12 1 10 12 1 10 12 1 10 12 1 10 12 1 9 100 12 1 1 1 10 100 12 1 1 1 11 100 12 1 1 1 5 0 10 1 1 3 1 3 1 3 1 3 1 3 1 1 1 1 1 1 1 1 3 1 3 1 3 1 1 1 1 1 1 1 100 1 1 1 100 1 1 1 1 1 1 1 1 1 1 1 1 1 1 1 1 1 1 1 1 1 1 1 1 1 1 1 1 1 1 1 1 1 1 1 1 1 1 1 1 1 1 1 1 1 1 1 1 1 1 1 1 1 1 1 1 100 1 1 100 1 1 1 1
staticfield jdk/internal/misc/VM lock Ljava/lang/Object; java/lang/Object
ciInstanceKlass java/util/Iterator 1 1 53 100 1 8 1 10 12 1 1 10 7 12 1 1 1 11 7 12 1 1 1 11 12 1 1 11 7 12 1 1 1 100 1 1 1 1 1 1 1 1 1 1 1 1 1 1 1 1 1 1 1 1 1
instanceKlass java/io/ObjectInputStream
instanceKlass sun/net/www/http/ChunkedInputStream
instanceKlass sun/nio/ch/NioSocketImpl$1
instanceKlass java/net/Socket$SocketInputStream
instanceKlass sun/security/ssl/SSLSocketImpl$AppInputStream
instanceKlass org/apache/hc/client5/http/entity/LazyDecompressingInputStream
instanceKlass org/apache/hc/client5/http/entity/DeflateInputStream
instanceKlass org/brotli/dec/BrotliInputStream
instanceKlass sun/nio/ch/ChannelInputStream
instanceKlass java/lang/ProcessBuilder$NullInputStream
instanceKlass java/util/zip/ZipFile$ZipFileInputStream
instanceKlass java/io/FilterInputStream
instanceKlass java/io/FileInputStream
instanceKlass java/io/ByteArrayInputStream
ciInstanceKlass java/io/InputStream 1 1 197 100 1 10 7 12 1 1 1 100 1 10 10 7 12 1 1 1 10 7 12 1 1 1 10 12 1 100 1 100 1 3 10 12 1 1 100 1 8 1 10 12 1 10 7 12 1 1 1 3 100 1 8 1 10 10 7 12 1 1 1 7 1 10 11 7 12 1 1 1 10 12 1 1 11 12 1 1 11 7 12 1 1 1 11 12 1 1 7 1 10 7 12 1 1 1 5 0 10 12 1 10 12 1 1 100 1 10 8 1 10 8 1 8 1 10 12 1 1 10 7 12 1 1 1 100 1 5 0 10 12 1 100 1 100 1 1 1 1 3 1 3 1 1 1 1 1 1 1 1 1 1 1 1 1 1 1 1 1 1 1 1 1 1 1 1 1 1 1 1 1 1 1 1 1 1 1 1 1 1 1 1 1 1 1 1 1 1 1 1 1 1 1 1 1 1 1
instanceKlass java/security/SecureClassLoader
ciInstanceKlass java/lang/ClassLoader 1 1 1189 10 7 12 1 1 1 9 12 1 1 10 7 12 1 1 1 9 12 1 1 10 7 12 1 1 1 7 1 10 12 1 1 10 12 1 1 9 12 1 1 10 12 1 1 100 1 10 12 10 12 1 1 10 7 12 1 1 1 100 1 8 1 10 12 1 10 7 1 10 7 1 7 1 7 1 10 12 1 10 12 1 9 12 1 1 10 10 7 12 1 1 1 9 12 1 1 9 12 1 9 12 1 1 9 12 1 9 12 1 1 9 12 1 1 7 1 10 12 1 9 12 1 1 10 12 1 1 10 7 12 1 1 1 9 12 1 9 12 1 1 9 12 1 10 12 1 1 9 12 10 12 1 1 7 1 10 8 1 10 12 1 1 10 12 1 10 7 1 7 1 10 7 12 1 1 1 10 7 12 1 1 1 8 1 10 12 1 10 12 1 10 12 1 1 10 12 1 1 10 12 1 1 10 12 1 1 10 12 1 1 10 12 1 100 1 10 12 1 10 100 12 1 1 1 10 12 1 1 10 12 1 10 12 1 10 12 1 10 12 1 10 12 1 1 10 10 12 1 10 12 1 10 10 12 1 1 10 12 1 1 100 1 8 1 10 8 1 10 12 1 10 12 1 100 1 8 1 10 12 1 1 10 12 1 1 10 10 12 1 1 10 12 1 1 10 12 1 1 10 7 1 10 12 1 10 12 1 1 10 12 1 1 10 12 1 1 10 12 1 1 10 12 1 1 10 12 1 1 10 12 1 1 10 7 12 1 1 1 10 12 1 10 12 1 10 12 1 1 10 12 1 10 12 1 10 12 1 10 12 1 11 100 12 1 1 1 11 12 1 1 11 100 12 1 1 1 10 12 1 1 11 12 1 100 1 10 12 1 1 10 7 12 1 1 1 11 7 12 1 1 1 10 12 1 1 11 12 1 10 12 1 10 12 1 1 8 1 9 12 1 10 12 1 1 8 1 8 1 10 7 12 1 1 100 1 10 10 12 10 12 1 10 12 1 10 12 1 10 12 1 1 10 7 12 1 1 10 12 1 10 7 1 7 1 10 12 1 1 10 12 1 10 7 1 10 12 1 100 1 18 12 1 10 100 12 1 1 1 10 100 12 1 1 1 10 7 12 1 1 10 12 1 10 12 1 100 1 10 12 1 8 1 10 10 12 1 1 10 12 1 10 12 1 1 100 1 10 12 1 1 10 100 12 1 1 10 12 1 10 7 12 1 1 10 12 1 8 1 100 1 10 10 12 1 9 7 12 1 1 10 7 12 1 1 10 12 1 100 1 8 1 10 12 1 10 8 1 8 1 10 12 1 1 10 12 1 1 10 12 1 1 10 100 12 1 1 100 1 100 1 10 12 1 1 100 1 100 1 10 12 1 10 12 1 10 12 1 10 12 1 10 12 1 10 12 1 1 10 12 1 8 1 7 1 18 12 1 1 10 12 1 1 10 12 1 10 12 1 10 12 1 8 1 10 12 1 10 12 1 18 12 1 11 100 12 1 1 1 100 1 10 12 1 1 10 12 1 10 11 12 1 1 10 18 10 12 1 1 11 100 12 1 18 12 1 11 12 1 1 10 12 1 10 12 1 1 10 12 1 1 100 1 8 1 10 10 12 1 8 1 8 1 10 100 12 1 1 10 12 1 100 1 10 10 12 1 8 1 8 1 8 1 10 12 1 10 12 1 10 12 1 1 10 12 1 1 10 12 1 10 100 12 1 1 1 11 7 12 1 7 1 10 11 10 12 1 10 12 1 10 12 1 1 9 7 12 1 1 9 12 1 1 9 12 9 12 1 9 12 1 9 12 1 8 10 12 1 1 10 7 12 1 1 1 10 12 1 1 10 12 1 1 10 12 1 1 8 1 10 12 1 1 8 10 12 1 1 10 100 12 1 1 8 1 10 12 1 1 11 100 12 1 1 1 11 100 12 1 1 11 12 1 1 100 1 11 12 1 11 12 1 9 12 1 1 8 1 8 1 8 1 8 1 8 1 10 100 12 1 1 8 8 10 12 1 10 12 1 10 12 1 11 12 1 10 100 12 1 1 1 100 1 10 12 1 10 12 1 10 12 1 1 1 1 1 1 1 1 1 1 1 1 1 1 1 1 1 1 1 1 1 1 1 1 1 1 1 1 100 1 1 1 1 1 1 1 1 1 1 1 1 1 1 1 1 1 1 1 1 1 1 1 1 1 100 1 1 1 1 1 1 1 1 1 1 1 1 1 1 1 1 1 1 1 1 1 1 1 1 1 1 1 1 1 1 1 1 1 1 1 1 1 1 1 1 1 1 1 1 1 1 1 100 1 1 1 1 1 1 1 1 1 1 1 1 1 1 1 1 1 1 1 1 1 100 1 1 1 1 1 1 1 1 1 1 1 1 1 1 1 1 1 1 1 1 1 1 1 1 1 1 1 1 1 1 1 1 1 1 1 1 1 1 1 1 1 1 1 1 100 1 1 1 1 1 1 1 1 1 1 1 1 1 1 1 1 1 1 1 1 1 1 1 1 1 1 1 1 1 1 1 1 1 1 1 1 1 1 1 1 1 1 1 1 1 1 1 1 1 1 1 1 1 1 1 1 16 15 10 12 16 1 16 15 10 12 16 1 16 1 15 10 12 16 15 10 12 16 15 10 12 16 15 10 100 12 1 1 1 1 1 1 1 100 1 100 1 1
staticfield java/lang/ClassLoader nocerts [Ljava/security/cert/Certificate; 0 [Ljava/security/cert/Certificate;
staticfield java/lang/ClassLoader $assertionsDisabled Z 1
instanceKlass java/util/logging/LogManager$Cleaner
instanceKlass io/github/bonigarcia/wdm/WebDriverManager$1
instanceKlass java/util/concurrent/ForkJoinWorkerThread
instanceKlass java/util/concurrent/DelayScheduler
instanceKlass jdk/internal/misc/InnocuousThread
instanceKlass java/lang/ref/Finalizer$FinalizerThread
instanceKlass java/lang/ref/Reference$ReferenceHandler
instanceKlass java/lang/BaseVirtualThread
ciInstanceKlass java/lang/Thread 1 1 756 9 7 12 1 1 1 9 7 12 1 1 1 9 12 1 9 12 1 10 12 1 1 9 12 1 1 10 7 12 1 1 10 12 1 10 100 12 1 1 100 1 8 1 10 12 1 1 9 12 1 1 9 12 1 9 12 1 1 7 1 10 12 1 1 10 12 1 7 1 10 12 10 12 1 1 9 12 1 1 10 12 1 100 1 10 12 1 10 12 1 1 10 12 1 1 10 12 1 10 12 1 1 100 1 8 1 10 9 7 12 1 1 1 10 12 1 1 10 3 8 1 100 1 5 0 10 7 12 1 1 1 9 12 1 10 12 1 1 10 7 1 100 1 8 1 10 10 12 1 10 12 1 1 10 12 1 1 10 7 12 1 1 10 12 1 10 12 1 10 7 12 1 1 5 0 9 12 1 10 7 12 1 1 1 10 12 1 1 9 12 1 1 10 7 12 1 1 10 7 12 1 1 1 10 12 1 10 12 1 1 9 12 1 1 10 7 12 1 1 9 12 1 8 1 9 7 12 1 1 1 5 0 100 1 10 7 1 10 100 1 10 7 1 10 8 1 10 12 1 1 10 7 12 1 10 12 1 10 12 1 100 1 8 1 10 10 12 1 10 12 1 1 10 100 12 1 1 1 10 100 12 1 1 1 10 12 1 7 1 9 12 1 1 100 1 10 10 12 1 9 12 1 1 10 12 1 1 10 12 1 1 10 12 1 10 12 1 9 12 1 1 10 10 12 1 1 10 12 1 1 11 7 12 1 1 10 7 12 1 1 9 12 1 1 9 12 1 1 10 100 12 1 1 10 12 1 1 10 12 1 10 100 12 1 1 10 12 1 9 12 1 1 10 12 1 11 100 12 1 1 11 12 1 10 12 1 10 12 1 10 12 1 9 12 1 10 10 12 1 10 12 1 1 9 12 1 9 12 10 12 1 8 1 10 12 1 10 12 1 10 12 1 10 12 1 10 12 1 1 10 12 1 10 12 1 1 10 100 12 1 1 10 12 1 10 12 1 10 12 1 10 12 1 1 9 7 12 1 1 1 8 1 10 9 12 1 10 12 1 100 1 8 1 10 10 12 1 8 1 10 12 1 1 9 12 8 1 10 10 12 1 10 12 1 8 1 10 12 1 10 8 1 9 12 1 1 10 12 1 1 10 10 12 1 10 12 1 100 10 7 12 1 1 1 10 12 1 1 10 12 1 1 10 100 12 1 1 1 11 100 12 1 1 1 10 12 1 1 9 12 1 10 12 1 10 12 1 1 11 100 12 1 1 1 10 12 1 1 1 1 3 1 3 1 3 1 3 1 1 1 1 1 1 1 1 1 1 1 1 1 1 1 1 1 1 1 1 1 1 1 1 1 1 1 100 1 1 1 1 1 1 1 1 1 1 1 1 1 1 1 1 1 1 100 1 1 1 1 1 1 1 1 1 1 1 1 1 1 1 100 1 1 1 1 1 1 1 1 1 1 1 1 1 1 1 1 1 1 1 1 1 1 1 1 1 1 1 1 1 1 1 1 1 1 1 1 1 1 1 1 1 1 1 1 1 1 1 1 1 1 1 1 1 1 1 1 1 1 1 1 1 1 1 1 1 1 1 1 100 100 1 1 1 1 1 1 1 1 1 1 1 1 1 1 1 1 1 1 1 1 1 1 1 100 1 100 1 100 1 1 1 1 100 1 1 1 1 1 1 1 1 1 1 1 1
staticfield java/lang/Thread NEW_THREAD_BINDINGS Ljava/lang/Object; java/lang/Class
staticfield java/lang/Thread EMPTY_STACK_TRACE [Ljava/lang/StackTraceElement; 0 [Ljava/lang/StackTraceElement;
ciInstanceKlass java/lang/Runnable 1 0 11 100 1 100 1 1 1 1 1 1 1
ciInstanceKlass java/lang/Class 1 1 1658 10 7 12 1 1 1 10 7 12 1 1 9 12 1 1 9 12 1 1 9 12 1 1 9 12 1 1 9 12 1 1 9 12 1 10 12 1 1 8 1 10 12 1 8 1 8 1 10 12 1 1 10 7 12 1 1 1 10 12 1 7 1 10 10 12 1 10 12 1 1 10 12 1 1 10 12 1 1 10 7 12 1 1 10 12 1 10 12 1 10 12 1 1 10 12 1 8 1 10 12 1 8 1 10 12 1 8 1 8 1 10 12 1 1 10 100 12 1 1 1 18 12 1 1 11 100 12 1 1 1 8 1 8 1 8 1 10 100 12 1 1 1 11 12 1 1 8 1 10 12 1 10 10 12 1 1 10 12 1 8 1 10 12 1 1 8 1 10 12 1 10 12 1 1 11 100 12 1 1 1 11 100 12 1 1 1 11 8 1 18 8 1 10 12 1 10 7 12 1 1 10 12 1 1 10 12 1 1 10 7 12 1 1 1 10 12 1 1 10 12 1 1 10 7 12 1 1 1 10 7 12 1 1 1 10 7 12 1 10 12 1 1 10 7 1 10 12 1 8 1 10 8 1 8 1 8 1 8 1 8 1 8 1 8 1 8 1 9 100 12 1 1 9 100 1 9 100 1 9 100 1 9 100 1 9 100 1 9 100 1 9 100 1 9 100 1 9 12 1 1 100 1 8 1 10 12 10 12 1 1 100 1 10 12 1 1 10 7 12 1 1 1 10 7 12 1 1 1 7 1 100 1 10 10 12 1 1 10 12 1 1 100 1 10 100 12 1 1 1 10 12 1 1 10 12 1 1 10 12 9 12 1 1 10 12 1 9 12 1 1 9 12 1 1 10 12 1 1 10 7 1 10 12 1 10 12 1 1 10 9 12 1 10 12 1 8 1 10 12 1 1 10 12 1 1 10 12 1 10 12 1 10 12 1 1 9 7 12 1 1 1 10 12 1 10 7 12 1 1 10 12 1 10 12 1 10 12 1 10 12 1 9 100 12 1 1 1 9 12 1 10 12 1 10 12 1 1 9 12 1 1 10 7 10 12 1 1 10 100 12 1 1 10 12 1 10 10 100 12 1 1 1 11 7 12 1 1 9 12 1 11 12 1 1 10 12 1 10 12 1 1 10 7 1 10 10 12 1 1 10 12 1 1 10 12 1 10 10 12 1 1 100 1 8 1 10 10 12 1 1 10 12 1 100 1 11 12 1 10 12 1 1 10 12 1 10 12 1 10 12 1 1 8 1 10 12 1 8 1 9 12 1 10 12 1 10 12 1 10 12 1 10 12 100 1 9 12 1 10 12 1 9 12 1 10 12 1 10 12 1 10 12 1 10 10 12 1 10 12 1 10 12 1 10 12 1 10 12 1 10 12 1 7 1 10 10 12 1 10 12 1 11 12 1 10 12 1 1 10 12 1 1 10 12 1 1 10 12 1 1 10 12 1 1 10 12 1 1 100 1 10 10 12 1 1 10 12 1 1 10 12 1 1 10 10 12 1 10 12 1 1 10 12 1 1 10 12 1 1 10 12 1 1 10 12 10 12 1 1 10 7 12 1 1 1 10 12 1 10 12 1 1 10 12 1 10 7 12 1 1 10 12 1 1 10 10 12 1 1 100 1 10 10 12 1 1 10 100 12 1 1 1 100 1 100 1 10 12 1 1 10 12 1 10 10 12 1 1 10 12 1 10 12 1 10 12 1 10 100 12 1 1 1 11 7 12 1 1 10 12 1 10 12 1 9 7 12 1 1 8 1 10 12 1 10 12 1 10 12 1 10 12 1 1 9 12 1 9 12 1 1 10 7 12 1 1 9 12 1 10 12 1 1 10 10 12 1 10 7 12 1 1 1 10 7 12 1 1 1 10 7 12 1 1 9 12 1 1 10 12 1 9 12 1 10 12 1 1 10 12 1 10 12 1 1 9 12 1 1 9 12 1 10 12 1 10 12 1 1 9 12 1 100 1 10 10 12 1 1 7 1 10 100 11 100 1 9 12 1 1 9 12 1 10 12 1 9 12 1 1 9 12 1 10 12 1 10 12 1 1 9 12 1 7 1 10 10 12 1 1 10 10 12 1 10 12 10 10 12 1 10 12 1 1 10 12 1 8 10 7 8 1 18 8 1 8 1 10 12 1 9 12 1 9 12 1 1 10 12 1 7 1 100 1 10 12 1 9 12 1 1 10 10 12 1 9 12 1 8 1 10 12 1 10 10 12 1 1 100 1 100 1 9 12 1 100 1 8 1 10 10 7 12 1 1 1 10 12 11 7 12 1 1 1 10 12 1 10 12 1 1 10 8 1 10 12 1 8 1 10 12 1 1 9 7 12 1 1 11 12 7 1 11 7 12 1 1 9 12 1 10 100 12 1 1 1 10 7 12 1 1 10 12 1 1 9 12 1 9 10 12 1 1 10 12 1 1 10 12 1 1 10 12 1 1 10 12 1 1 11 12 1 11 12 1 1 11 7 12 1 1 11 12 1 7 1 11 12 1 10 7 12 1 1 1 10 12 1 11 12 1 10 100 12 1 1 1 10 12 1 10 100 12 1 1 1 11 12 1 11 12 1 1 10 12 1 10 12 1 1 9 12 1 1 10 12 1 10 100 12 1 1 1 10 12 1 1 10 12 1 10 12 1 10 12 1 10 7 12 1 1 1 10 12 1 8 1 10 12 1 10 12 1 10 12 1 8 1 8 1 10 7 12 1 1 10 100 12 1 1 100 1 10 12 10 7 12 1 1 1 10 7 12 1 1 1 10 12 1 1 10 12 1 18 12 1 1 11 12 1 1 18 11 12 1 18 12 1 11 12 1 10 12 1 10 12 1 100 1 8 1 8 1 10 10 12 10 12 1 8 1 10 12 1 7 1 9 12 1 1 100 1 100 1 100 1 100 1 1 1 3 1 3 1 3 1 1 1 1 1 1 1 1 1 5 0 1 1 1 1 1 1 1 1 1 1 1 1 1 1 1 1 1 1 1 1 1 1 1 1 1 1 1 1 1 100 1 1 1 1 1 1 1 1 1 1 1 100 1 1 1 1 1 1 1 1 1 1 1 1 1 1 1 1 1 1 1 1 1 1 1 1 1 1 1 1 1 1 1 1 1 1 1 1 100 1 1 1 1 1 1 1 1 1 1 1 1 1 1 1 1 1 1 1 1 1 1 1 1 1 1 1 1 1 1 100 1 1 1 1 1 1 1 1 1 1 1 1 1 1 1 1 1 1 1 1 1 1 1 1 1 1 1 1 1 1 1 1 1 1 1 1 1 1 1 1 1 1 1 1 1 1 1 1 1 1 1 1 1 1 1 1 1 1 1 100 1 100 1 1 1 1 1 1 1 1 1 1 1 1 1 1 1 1 1 1 1 1 1 1 1 1 1 1 1 1 1 1 1 1 1 1 1 1 1 1 1 1 1 1 1 1 1 1 1 1 1 1 1 1 1 1 1 1 1 1 1 1 1 1 1 1 1 1 1 1 1 1 1 1 1 1 1 1 1 1 1 1 1 1 1 1 1 1 1 1 1 1 1 1 1 1 1 1 1 1 1 1 1 1 1 1 1 1 1 1 1 1 1 1 1 1 1 1 1 1 1 1 1 1 16 15 10 12 16 15 11 12 16 1 15 10 12 16 16 15 10 12 16 15 16 1 15 10 12 16 15 10 100 12 1 1 1 1 1 100 1 1 1 1 1 1 1 1 100 1 1 100 1 100 1 1 100 1 100 1 1
staticfield java/lang/Class EMPTY_CLASS_ARRAY [Ljava/lang/Class; 0 [Ljava/lang/Class;
staticfield java/lang/Class serialPersistentFields [Ljava/io/ObjectStreamField; 0 [Ljava/io/ObjectStreamField;
ciInstanceKlass java/lang/reflect/AnnotatedElement 1 1 165 11 7 12 1 1 1 11 12 1 1 100 1 10 100 12 1 1 1 10 12 1 1 10 12 1 1 10 12 1 10 100 12 1 1 1 11 12 1 1 11 100 12 1 1 10 100 12 1 1 1 10 12 1 10 100 12 1 1 1 18 12 1 1 11 100 12 1 1 18 12 1 18 12 1 1 10 100 12 1 1 1 11 100 12 1 1 1 100 1 10 100 12 1 1 1 1 1 1 1 1 1 1 1 1 1 1 1 1 1 1 1 1 1 1 1 1 1 1 100 1 1 1 1 1 1 1 1 1 1 1 16 15 16 1 16 1 15 11 12 16 16 1 15 10 100 12 1 1 1 16 1 15 10 100 12 1 1 1 1 100 1 100 1 1
ciInstanceKlass java/lang/reflect/Type 1 1 17 11 100 12 1 1 1 100 1 1 1 1 1 1 1 1 1
ciInstanceKlass java/lang/invoke/TypeDescriptor 1 0 17 100 1 100 1 1 1 1 1 1 100 1 100 1 1 1 1
ciInstanceKlass java/lang/invoke/TypeDescriptor$OfField 1 0 21 100 1 100 1 100 1 1 1 1 1 1 1 1 1 1 1 1 1 1 1
ciInstanceKlass java/lang/reflect/GenericDeclaration 1 0 30 100 1 100 1 100 1 1 1 1 1 1 1 1 100 1 8 1 1 12 10 1 1 1 8 1 1 1 8 1
ciInstanceKlass java/lang/Module 1 1 1098 10 7 12 1 1 1 9 7 12 1 1 1 10 7 12 1 1 1 9 12 1 9 12 1 1 9 12 1 1 10 12 1 1 10 12 1 10 12 1 1 10 7 12 1 1 1 100 1 10 7 12 1 1 1 10 12 1 1 11 7 12 1 1 1 10 12 1 1 10 12 1 8 1 10 7 12 1 1 1 10 100 12 1 1 1 10 7 12 1 1 1 10 12 1 1 10 12 1 9 12 1 1 10 7 12 1 1 1 9 7 12 1 1 1 100 1 10 8 1 10 12 1 1 10 12 1 10 12 8 1 10 7 12 1 1 1 10 100 12 1 1 1 10 100 12 1 1 1 8 1 10 12 1 8 1 9 12 1 100 1 8 1 10 12 1 10 8 1 8 1 8 1 10 7 12 1 1 1 8 1 10 100 12 1 1 1 8 1 10 100 12 1 1 10 12 1 10 12 1 9 12 1 1 11 12 1 9 7 12 1 1 10 7 12 1 1 1 10 7 12 1 1 1 10 12 1 1 8 1 10 12 1 1 10 12 1 10 12 1 1 9 7 12 1 1 1 10 12 1 1 10 12 1 1 9 12 1 10 12 1 10 12 1 10 12 1 9 12 1 1 11 7 12 1 1 10 12 1 1 9 12 1 9 12 1 10 12 1 10 12 1 100 1 8 1 10 10 12 1 1 10 12 1 8 1 10 12 1 10 12 1 1 10 12 1 10 12 1 1 8 1 8 1 10 12 1 1 10 12 1 10 12 1 1 18 12 1 1 10 12 1 1 11 12 1 9 12 1 11 12 100 1 10 12 1 18 12 1 11 12 1 1 11 12 1 1 11 12 1 10 12 1 1 10 12 1 1 9 12 1 10 12 10 7 12 1 1 10 7 1 18 12 1 1 11 100 12 1 1 1 18 12 1 11 12 1 1 10 100 12 1 1 1 11 12 1 1 10 100 12 1 1 11 12 1 1 10 12 1 1 100 1 11 12 1 100 1 100 1 10 12 1 10 7 12 1 1 1 10 100 12 1 1 1 10 11 100 12 1 8 1 10 12 1 10 12 1 1 10 100 12 1 1 10 12 1 10 12 1 100 1 10 12 1 10 11 12 1 10 12 11 12 1 1 11 7 12 1 1 11 12 1 1 10 12 1 1 9 12 1 1 100 1 10 10 12 1 1 11 100 1 10 12 1 1 11 12 1 10 11 10 12 1 11 10 12 1 1 10 12 1 1 10 12 1 1 10 100 12 1 1 10 12 1 10 12 1 1 10 10 12 1 1 10 12 1 18 12 1 11 12 1 18 12 1 10 12 1 10 12 1 10 12 100 1 10 12 1 10 12 1 10 12 1 9 12 1 100 1 10 10 10 10 12 1 10 12 1 10 12 1 10 12 1 1 10 12 1 1 10 12 1 9 12 1 10 12 1 100 1 8 1 10 12 1 1 10 12 1 10 100 12 1 1 100 1 10 12 1 1 100 1 8 1 100 1 9 100 12 1 1 1 11 100 12 1 1 10 12 1 1 11 12 1 1 18 12 1 1 11 12 1 1 100 1 10 12 1 10 12 1 1 100 1 100 1 10 12 8 1 10 12 1 1 10 12 1 1 10 7 12 1 1 10 12 1 1 10 12 1 10 12 10 12 1 1 100 1 10 10 12 1 1 10 100 12 1 1 1 100 1 10 100 12 1 1 1 10 100 12 1 1 8 1 18 12 1 1 100 1 100 1 9 12 1 1 9 12 1 9 12 1 11 100 12 1 1 1 100 1 11 12 1 1 100 1 10 12 1 8 1 10 12 1 10 12 10 12 1 8 1 10 10 100 12 1 1 10 12 1 1 7 1 10 10 12 1 10 7 12 1 1 9 12 1 9 12 1 9 12 1 9 12 1 9 12 1 10 12 10 12 1 100 1 1 1 1 1 1 1 1 1 1 1 1 1 1 1 1 1 1 1 1 1 1 1 1 1 1 1 1 1 1 1 1 1 1 1 1 1 1 1 1 1 1 1 1 1 1 1 1 1 1 1 1 1 1 1 1 1 1 1 1 1 1 1 1 1 1 1 1 1 1 1 1 1 1 1 1 1 1 1 1 1 1 1 1 1 1 1 1 1 1 1 1 1 1 1 1 1 1 1 1 1 1 1 1 1 1 1 1 1 1 1 100 100 1 1 1 1 1 1 1 1 1 1 1 1 1 1 1 1 1 1 1 1 1 1 1 1 1 1 100 1 100 1 1 1 1 1 1 1 1 1 1 1 1 1 1 1 1 1 1 100 1 1 1 1 1 1 1 1 1 1 1 1 1 1 1 1 1 1 1 1 1 1 1 1 1 1 1 16 15 10 12 16 15 10 12 16 1 16 15 10 12 16 16 15 10 16 1 15 10 12 16 1 15 10 12 16 1 16 1 15 10 12 16 15 10 7 12 1 1 1 15 10 100 12 1 1 1 1 1 1 1 1 1 1 1 1 1 1 100 1 100 1 1
staticfield java/lang/Module ALL_UNNAMED_MODULE Ljava/lang/Module; java/lang/Module
staticfield java/lang/Module ALL_UNNAMED_MODULE_SET Ljava/util/Set; java/util/ImmutableCollections$Set12
staticfield java/lang/Module EVERYONE_MODULE Ljava/lang/Module; java/lang/Module
staticfield java/lang/Module EVERYONE_SET Ljava/util/Set; java/util/ImmutableCollections$Set12
staticfield java/lang/Module $assertionsDisabled Z 1
ciInstanceKlass java/lang/StringLatin1 1 1 440 7 1 10 100 12 1 1 1 10 12 1 1 100 1 10 7 12 1 1 1 10 7 12 1 1 1 10 12 1 10 7 12 1 1 1 10 12 1 1 10 7 12 1 1 1 10 7 12 1 1 1 10 12 1 1 10 12 1 1 10 10 12 1 10 12 1 10 9 7 12 1 1 1 10 12 1 1 10 7 12 1 1 1 10 12 10 12 1 1 10 12 10 12 1 1 3 10 100 12 1 1 1 10 12 1 1 5 0 10 12 1 1 10 12 1 5 0 10 12 1 10 12 1 1 10 12 1 1 10 12 1 10 12 1 1 10 12 1 10 7 12 1 1 10 12 1 10 12 1 1 9 12 1 1 100 1 10 10 12 1 1 10 7 12 1 1 1 10 12 1 10 12 1 100 1 100 1 8 1 10 12 1 8 1 100 1 10 10 12 1 10 7 12 1 1 1 8 1 8 1 8 1 10 12 1 1 10 10 100 12 1 1 10 12 1 10 12 1 1 10 12 1 1 10 12 1 1 10 12 1 10 12 10 12 10 12 1 10 12 10 10 12 1 10 12 1 10 12 1 10 100 12 1 1 1 10 100 12 1 1 1 10 12 1 1 10 10 7 12 1 1 1 1 1 1 1 1 1 1 1 1 1 1 1 1 1 1 1 1 1 1 1 1 1 1 1 1 1 1 1 1 1 1 1 1 1 1 1 1 1 1 1 1 1 1 100 1 1 1 1 1 1 1 1 1 1 1 1 1 1 1 1 1 1 1 1 1 1 1 1 1 1 1 1 1 1 1 1 1 1 1 1 1 1 1 1 1 1 1 1 1 1 1 1 1 1 1 1 1 1 1 1 1 1 1 1 1 1 1 1 1 100 1 1 1 1 1 1 1 1 1 1 1 1 1 1 1 1 1 1 1 1 100 1 1 1 1 1 1 1 1 1 1 1 1 1 1 1 1 1 1 1 1 1 1 1 1 1 1 1 1 1 1 1 100 1 1 1 1
staticfield java/lang/StringLatin1 $assertionsDisabled Z 1
ciInstanceKlass java/lang/Math 1 1 480 7 1 7 1 10 100 12 1 1 1 10 7 12 1 1 1 10 12 1 10 12 1 10 12 1 10 12 1 10 12 1 6 0 6 0 10 12 1 10 12 1 10 12 1 10 12 1 10 12 1 10 12 1 1 10 12 1 10 12 1 10 12 1 10 12 1 10 12 1 10 7 12 1 1 1 100 1 3 3 3 10 12 1 1 100 1 5 0 5 0 5 0 5 0 5 0 9 100 12 1 1 1 10 100 12 1 1 1 100 1 8 1 10 12 1 8 1 10 12 1 1 10 12 1 1 100 1 5 0 5 0 100 1 3 5 0 3 5 0 10 12 1 10 12 1 10 12 1 10 12 1 10 12 1 8 1 10 12 1 8 1 10 12 1 1 10 12 1 1 9 12 1 1 9 12 1 100 1 100 1 10 10 12 1 1 8 1 10 12 1 10 12 1 1 10 10 12 1 10 12 1 10 12 1 10 12 1 1 8 1 8 1 10 12 1 1 10 12 1 10 12 10 12 10 12 1 10 12 1 10 12 1 10 12 1 10 12 6 0 10 12 1 9 12 1 1 100 1 10 10 12 1 100 1 10 12 1 10 12 1 1 10 12 1 10 12 1 10 12 10 12 1 1 10 12 1 1 10 12 1 1 10 12 6 0 10 12 1 1 10 12 10 12 1 4 10 12 1 10 12 1 10 12 10 12 1 10 12 1 10 12 1 10 12 1 10 12 1 10 12 1 5 0 6 0 4 6 0 4 6 0 4 10 12 1 6 0 6 0 10 12 1 10 12 8 1 10 12 1 10 12 1 8 1 8 1 10 12 10 12 10 7 12 1 1 1 4 6 0 1 1 1 6 0 1 6 0 1 6 0 1 1 1 1 1 1 1 1 1 1 1 1 1 1 1 1 1 1 1 1 1 1 1 1 1 1 1 1 1 1 1 1 1 1 1 1 1 1 1 1 1 1 1 1 1 1 1 1 1 1 1 1 1 1 1 1 1 1 1 1 1 1 1 1 1 1 1 1 1 1 1 1 1 1 1 1 1 1 1 1 1 1 1 1 1 1 1 1 1 1 1 1 1 1 1 1 1 1 1
staticfield java/lang/Math negativeZeroFloatBits J -2147483648
staticfield java/lang/Math negativeZeroDoubleBits J -9223372036854775808
staticfield java/lang/Math $assertionsDisabled Z 1
ciInstanceKlass jdk/internal/util/ArraysSupport 1 1 396 7 1 100 1 8 1 10 12 1 1 10 12 1 1 10 100 12 1 1 9 7 12 1 1 1 9 12 1 1 10 7 12 1 1 1 9 12 1 1 10 7 12 1 1 1 9 12 1 10 12 9 12 1 10 12 1 1 10 12 10 12 1 1 10 7 12 1 1 1 9 12 1 1 11 7 12 1 1 1 10 7 12 1 1 1 7 1 10 12 1 1 10 12 1 100 1 10 12 1 10 12 100 1 10 12 1 100 1 10 12 1 100 1 100 1 10 8 1 10 12 1 1 10 12 1 10 12 1 1 10 9 12 1 1 9 12 1 10 12 1 1 9 12 1 9 12 1 9 12 1 9 12 1 9 12 1 9 12 1 9 12 1 10 12 1 1 10 100 12 1 1 1 9 12 1 9 12 1 10 12 1 1 10 12 1 9 12 1 10 12 1 10 100 12 1 1 1 9 12 1 9 12 1 10 12 1 10 12 1 10 7 12 1 1 1 3 10 12 1 100 1 8 1 8 1 8 1 10 10 100 12 1 1 1 11 100 12 1 1 1 10 12 1 10 100 12 1 1 1 10 12 1 1 10 12 1 1 9 12 1 10 12 1 9 12 1 9 12 1 9 12 1 9 12 1 9 12 1 9 12 1 9 12 1 10 7 12 1 1 1 1 1 3 1 3 1 3 1 3 1 3 1 3 1 3 1 3 1 1 1 1 1 1 1 1 1 1 1 1 1 1 1 1 1 1 1 1 1 1 1 1 1 1 1 1 1 1 1 1 1 1 1 1 1 1 1 1 1 1 1 1 1 1 1 1 1 1 1 1 1 1 1 1 1 1 1 1 1 1 1 1 1 1 1 1 1 1 1 1 1 1 1 1 1 1 1 1 1 1 1 100 1 1 1 1
staticfield jdk/internal/util/ArraysSupport U Ljdk/internal/misc/Unsafe; jdk/internal/misc/Unsafe
staticfield jdk/internal/util/ArraysSupport BIG_ENDIAN Z 0
staticfield jdk/internal/util/ArraysSupport LOG2_ARRAY_BOOLEAN_INDEX_SCALE I 0
staticfield jdk/internal/util/ArraysSupport LOG2_ARRAY_BYTE_INDEX_SCALE I 0
staticfield jdk/internal/util/ArraysSupport LOG2_ARRAY_CHAR_INDEX_SCALE I 1
staticfield jdk/internal/util/ArraysSupport LOG2_ARRAY_SHORT_INDEX_SCALE I 1
staticfield jdk/internal/util/ArraysSupport LOG2_ARRAY_INT_INDEX_SCALE I 2
staticfield jdk/internal/util/ArraysSupport LOG2_ARRAY_LONG_INDEX_SCALE I 3
staticfield jdk/internal/util/ArraysSupport LOG2_ARRAY_FLOAT_INDEX_SCALE I 2
staticfield jdk/internal/util/ArraysSupport LOG2_ARRAY_DOUBLE_INDEX_SCALE I 3
staticfield jdk/internal/util/ArraysSupport LOG2_BYTE_BIT_SIZE I 3
staticfield jdk/internal/util/ArraysSupport JLA Ljdk/internal/access/JavaLangAccess; java/lang/System$1
ciInstanceKlass java/lang/CharacterDataLatin1 1 1 142 9 7 12 1 1 1 9 12 1 1 10 12 1 1 10 12 1 10 12 1 1 10 12 1 9 12 1 1 100 1 3 3 3 3 9 12 1 10 7 12 1 1 1 10 9 12 1 1 3 3 3 3 3 3 3 3 3 3 3 3 3 3 3 3 3 3 3 3 3 3 3 3 3 3 3 3 3 3 3 3 3 3 3 1 1 1 1 1 1 1 1 1 1 1 1 1 1 1 1 1 1 1 1 1 1 1 1 1 1 1 1 1 1 1 1 1 1 1 1 1 1 1 1 1 1 1 1 1 1 1 1 1 1 1 1 1 1 100 1 1 1
staticfield java/lang/CharacterDataLatin1 DIGITS [B 256
staticfield java/lang/CharacterDataLatin1 instance Ljava/lang/CharacterDataLatin1; java/lang/CharacterDataLatin1
staticfield java/lang/CharacterDataLatin1 A [I 256
staticfield java/lang/CharacterDataLatin1 B [C 256
ciMethod java/lang/StringLatin1 indexOf ([BIII)I 604 0 16243 0 0
ciMethod java/lang/StringLatin1 indexOfChar ([BIII)I 262 4904 1243 0 -1
ciMethod java/lang/StringLatin1 charAt ([BI)C 586 0 310849 0 0
ciMethod java/lang/StringLatin1 regionMatchesCI ([BI[BII)Z 438 56 5345 0 376
ciMethod java/lang/StringLatin1 regionMatchesCI_UTF16 ([BI[BII)Z 0 0 1 0 -1
ciMethod java/lang/StringLatin1 newString ([BII)Ljava/lang/String; 554 0 5249 0 -1
ciMethod java/lang/StringLatin1 canEncode (I)Z 674 0 22181 0 104
ciInstanceKlass java/lang/StringUTF16 1 1 650 100 1 7 1 10 100 12 1 1 1 10 7 12 1 1 1 100 1 10 3 100 1 100 1 10 8 1 10 12 1 1 10 12 1 8 1 10 12 1 1 10 12 1 9 12 1 1 10 12 1 1 100 1 8 1 10 12 1 9 12 1 1 9 12 1 10 10 12 1 1 10 12 1 1 10 7 12 1 1 1 10 12 1 10 12 1 1 10 12 1 1 10 12 1 1 10 12 1 1 10 12 1 10 12 1 1 10 12 1 1 10 12 1 1 10 12 1 1 10 12 1 1 10 12 1 10 100 12 1 1 1 10 12 1 1 10 100 12 1 1 1 10 12 1 1 10 12 1 10 12 1 1 10 12 1 1 10 12 1 1 10 12 1 10 12 1 100 1 10 12 1 10 10 12 1 10 12 1 1 10 12 1 10 100 12 1 1 1 10 12 1 1 10 12 10 12 1 1 10 12 1 10 12 1 1 10 12 1 10 12 1 10 12 1 10 12 1 10 12 1 3 10 100 12 1 1 1 10 12 1 1 5 0 5 0 10 12 1 10 7 12 1 1 1 3 10 12 1 10 12 1 10 12 1 10 12 1 10 12 1 10 12 1 1 9 12 1 10 12 1 10 12 10 12 1 1 10 12 1 10 12 1 10 12 1 10 10 12 10 12 10 10 12 1 1 10 12 1 10 12 1 10 12 1 100 1 8 1 8 1 10 12 1 1 100 1 10 10 100 12 1 1 1 10 100 12 1 1 8 1 8 1 8 1 10 12 1 1 10 12 1 1 10 12 10 100 12 1 1 10 12 1 1 10 12 1 1 10 12 1 10 12 10 12 10 12 1 10 12 10 12 1 10 12 1 10 12 1 10 12 1 10 100 12 1 1 1 10 100 12 1 1 1 10 7 12 1 1 1 9 12 1 1 9 12 1 10 12 1 1 11 7 12 1 1 10 12 1 1 10 12 1 10 12 10 12 10 7 12 1 1 1 8 1 9 12 1 9 12 1 8 1 10 12 1 1 1 1 1 1 1 1 1 1 1 1 1 1 1 1 1 1 1 1 1 1 1 1 1 1 1 1 1 1 100 1 1 1 1 1 1 1 1 1 1 1 1 1 1 1 1 1 1 1 1 1 1 1 1 1 1 1 1 1 1 1 1 1 1 1 1 1 1 1 1 1 1 1 1 1 1 1 1 1 1 1 1 1 1 1 1 1 1 1 1 1 1 1 1 1 1 1 1 1 1 1 1 1 1 1 1 1 1 1 1 1 1 1 1 1 1 1 1 1 1 1 1 1 1 1 1 1 1 100 1 1 1 1 1 1 1 1 1 1 1 1 1 1 1 1 1 100 1 1 1 1 1 1 1 1 1 1 1 1 1 1 1 1 1 1 1 1 1 1 1 1 1 1 1 1 1 1 1 1 1 1 1 1 1 1 1 1 1 1 1 1 1 1 1 1 1 100 1 100 1 1 1 1 1
staticfield java/lang/StringUTF16 HI_BYTE_SHIFT I 0
staticfield java/lang/StringUTF16 LO_BYTE_SHIFT I 8
staticfield java/lang/StringUTF16 $assertionsDisabled Z 1
ciInstanceKlass jdk/internal/misc/Unsafe 1 1 1272 10 7 12 1 1 1 10 7 12 1 1 9 12 1 1 9 12 1 1 10 12 1 1 10 100 12 1 1 1 10 12 1 1 10 12 1 1 10 12 1 1 10 12 1 1 10 12 1 1 10 12 1 1 10 12 1 1 10 12 1 1 10 12 1 1 10 12 1 1 10 12 1 1 10 12 1 1 10 12 1 1 10 12 1 10 12 1 100 1 10 10 12 1 1 10 12 1 1 5 0 10 12 1 1 10 12 1 1 10 7 12 1 1 1 10 12 1 1 10 12 1 10 12 1 10 12 1 1 10 12 1 1 10 12 1 10 12 1 100 1 100 1 10 8 1 10 12 1 1 10 12 1 8 1 10 12 1 1 10 12 1 10 12 1 10 12 1 1 10 12 1 10 12 1 1 10 12 1 1 10 12 1 10 12 1 10 12 1 10 12 1 1 10 12 1 10 12 1 10 12 1 1 10 12 1 5 0 5 0 5 0 10 12 1 10 12 1 10 12 1 10 12 1 10 12 1 10 12 1 10 12 1 10 12 1 10 12 1 1 10 12 1 10 12 1 100 1 8 1 10 100 1 10 10 12 1 1 10 12 1 1 8 1 8 1 8 1 100 1 8 1 10 12 1 10 100 12 1 1 1 10 10 12 1 10 12 1 1 10 12 1 1 10 12 1 10 12 1 1 10 12 1 9 7 12 1 1 9 12 1 100 1 10 10 12 1 1 8 1 10 8 1 8 1 10 12 1 1 9 7 12 1 1 1 9 100 1 9 100 1 9 7 1 9 9 100 1 9 7 1 9 100 1 10 12 1 1 10 12 1 1 10 12 1 1 10 12 1 1 5 0 5 0 9 12 1 1 10 12 1 10 12 1 10 12 1 1 10 12 1 1 10 12 1 8 1 3 10 12 1 1 10 12 1 1 10 12 1 10 12 1 1 10 12 1 1 10 12 1 10 12 1 10 12 1 10 12 1 10 12 1 10 12 1 1 10 12 1 1 10 12 1 10 12 1 10 12 1 10 12 1 10 12 1 10 12 1 1 10 12 1 1 10 12 1 10 12 1 10 12 1 10 12 1 10 12 1 10 12 1 1 10 12 1 1 10 12 1 1 10 12 1 1 10 12 1 10 12 1 10 12 1 10 12 1 10 12 1 10 12 1 10 12 1 1 10 12 1 1 10 12 1 10 12 1 10 12 1 10 12 1 10 12 1 10 12 1 10 12 1 1 10 12 1 1 10 12 1 10 12 1 10 12 1 10 12 1 10 12 1 10 12 1 10 12 1 10 12 1 1 10 12 1 10 12 1 10 12 1 10 12 1 10 12 1 1 10 12 1 10 12 1 10 12 1 10 12 1 10 12 1 10 12 1 10 12 1 10 12 1 1 10 12 1 10 12 1 10 12 1 10 12 1 10 12 1 10 12 1 1 10 12 1 10 12 1 10 12 1 1 10 12 1 10 12 1 10 12 1 10 12 1 10 12 1 10 12 1 10 12 1 10 12 1 10 12 1 10 12 1 10 12 1 10 12 1 10 12 1 10 12 1 10 12 1 10 12 1 10 12 1 10 12 1 10 12 1 10 12 1 10 12 1 10 12 1 10 12 1 100 1 10 100 1 10 9 12 1 5 0 10 12 1 1 5 0 10 12 1 5 0 10 12 1 10 12 1 10 12 1 1 10 12 1 1 10 12 1 10 12 1 10 12 1 10 12 1 1 10 12 1 10 12 1 10 12 1 10 12 1 10 12 1 1 10 12 1 10 12 1 10 12 1 10 12 1 1 10 12 1 10 12 1 10 12 1 1 10 12 1 10 12 1 10 12 1 10 12 1 1 10 12 1 10 10 12 1 1 10 12 1 10 12 1 1 10 12 1 10 12 5 0 5 0 5 0 10 12 1 1 10 12 1 10 12 1 10 12 10 100 12 1 1 8 1 100 1 11 12 1 1 8 1 11 12 1 1 11 100 12 1 1 10 12 1 10 7 1 10 12 1 1 9 12 1 1 7 1 9 12 1 7 1 9 12 1 7 1 9 12 1 7 1 9 12 1 7 1 9 12 1 7 1 9 12 1 7 1 9 12 1 7 1 9 12 1 10 12 1 9 12 1 9 12 1 9 12 1 9 12 1 9 12 1 9 12 1 9 12 1 9 12 1 9 12 1 9 12 1 1 1 5 0 1 1 1 1 1 1 1 1 1 1 1 1 1 1 1 1 1 1 1 1 1 1 1 1 1 1 1 1 1 1 1 1 1 1 1 1 1 1 1 1 1 1 1 1 1 1 1 1 1 1 1 1 1 1 1 1 1 1 1 1 1 1 1 1 1 1 1 1 1 1 1 1 1 1 1 1 1 1 1 1 1 1 1 1 1 1 1 1 1 1 1 1 1 100 1 1 1 1 1 1 1 1 1 1 1 1 1 1 1 1 1 1 1 1 1 1 1 1 1 1 1 1 1 1 1 1 1 1 1 1 1 1 1 1 1 1 1 1 1 1 1 1 1 1 1 1 1 1 1 1 1 1 1 1 1 1 1 1 1 1 1 1 1 1 1 1 1 1 1 1 1 1 1 1 1 1 1 1 1 1 1 1 1 1 1 1 1 1 1 1 1 1 1 1 1 1 1 1 1 1 1 1 1 1 1 1 1 1 1 1 1 1 1 1 1 1 1 1 1 1 1 1 1 1 1 1 1 1 1 1 1 1 1 1 1 1 1 1 1 1 1 1 1 1 1 1 1 1 1 1 1 1 1 1 1 1 1 1 1 1 1 1 1 1 1 1 1 1 1 1 1 1 1 1 1 1 1 1 1 1 1 1 1 1 1 1 1 1 1 1 1 1 1 1 1 1 1 1 1 1 1 1 1 1 1 1 1 1
staticfield jdk/internal/misc/Unsafe theUnsafe Ljdk/internal/misc/Unsafe; jdk/internal/misc/Unsafe
staticfield jdk/internal/misc/Unsafe ARRAY_BOOLEAN_BASE_OFFSET J 16
staticfield jdk/internal/misc/Unsafe ARRAY_BYTE_BASE_OFFSET J 16
staticfield jdk/internal/misc/Unsafe ARRAY_SHORT_BASE_OFFSET J 16
staticfield jdk/internal/misc/Unsafe ARRAY_CHAR_BASE_OFFSET J 16
staticfield jdk/internal/misc/Unsafe ARRAY_INT_BASE_OFFSET J 16
staticfield jdk/internal/misc/Unsafe ARRAY_LONG_BASE_OFFSET J 16
staticfield jdk/internal/misc/Unsafe ARRAY_FLOAT_BASE_OFFSET J 16
staticfield jdk/internal/misc/Unsafe ARRAY_DOUBLE_BASE_OFFSET J 16
staticfield jdk/internal/misc/Unsafe ARRAY_OBJECT_BASE_OFFSET J 16
staticfield jdk/internal/misc/Unsafe ARRAY_BOOLEAN_INDEX_SCALE I 1
staticfield jdk/internal/misc/Unsafe ARRAY_BYTE_INDEX_SCALE I 1
staticfield jdk/internal/misc/Unsafe ARRAY_SHORT_INDEX_SCALE I 2
staticfield jdk/internal/misc/Unsafe ARRAY_CHAR_INDEX_SCALE I 2
staticfield jdk/internal/misc/Unsafe ARRAY_INT_INDEX_SCALE I 4
staticfield jdk/internal/misc/Unsafe ARRAY_LONG_INDEX_SCALE I 8
staticfield jdk/internal/misc/Unsafe ARRAY_FLOAT_INDEX_SCALE I 4
staticfield jdk/internal/misc/Unsafe ARRAY_DOUBLE_INDEX_SCALE I 8
staticfield jdk/internal/misc/Unsafe ARRAY_OBJECT_INDEX_SCALE I 4
staticfield jdk/internal/misc/Unsafe ADDRESS_SIZE I 8
ciMethod java/lang/StringUTF16 checkIndex (I[B)V 0 0 22 0 -1
ciMethod java/lang/StringUTF16 indexOf ([BIII)I 0 0 122 0 -1
ciMethod java/lang/StringUTF16 getChar ([BI)C 4236 0 13101 0 -1
ciMethod java/lang/StringUTF16 charAt ([BI)C 0 0 22 0 0
ciMethod java/lang/StringUTF16 regionMatchesCI ([BI[BII)Z 0 0 1 0 -1
ciMethod java/lang/StringUTF16 regionMatchesCI_Latin1 ([BI[BII)Z 0 0 1 0 -1
ciMethod java/lang/StringUTF16 newString ([BII)Ljava/lang/String; 0 0 1 0 -1
ciInstanceKlass java/lang/Thread$FieldHolder 1 1 55 10 7 12 1 1 1 9 7 12 1 1 1 9 12 1 1 9 12 1 1 9 12 1 1 9 12 1 1 1 1 1 1 1 1 1 1 1 1 100 1 100 1 1 1 1 100 1 1 1 100 1 100 1 1
ciInstanceKlass java/lang/Thread$Constants 1 1 47 7 1 10 100 12 1 1 1 10 12 1 1 10 12 1 1 10 7 12 1 1 8 1 10 12 1 9 7 12 1 1 1 1 1 1 1 1 1 1 1 1 1 1 1 1 1
staticfield java/lang/Thread$Constants VTHREAD_GROUP Ljava/lang/ThreadGroup; java/lang/ThreadGroup
ciInstanceKlass java/lang/ThreadGroup 1 1 380 10 7 12 1 1 1 9 7 12 1 1 1 8 1 9 12 1 1 100 1 9 12 1 1 9 12 1 1 10 7 12 1 1 1 10 12 1 1 10 12 1 10 12 1 1 10 12 1 1 10 12 1 10 12 1 10 12 1 10 100 12 1 1 1 10 12 1 1 18 12 1 1 11 100 12 1 1 1 10 12 1 1 10 12 1 1 10 12 1 1 10 100 12 1 1 1 10 12 1 11 12 1 1 11 100 12 1 1 11 12 1 1 10 12 1 1 10 12 1 10 12 1 11 12 1 11 12 1 1 10 12 1 100 1 10 18 12 1 1 11 100 12 1 1 1 11 12 1 1 9 100 12 1 1 1 10 12 1 1 8 1 10 100 12 1 1 1 10 100 12 1 1 1 10 12 1 1 11 12 10 12 1 1 10 12 1 1 11 100 1 9 12 1 100 1 10 8 1 10 12 1 1 10 12 1 1 8 1 10 12 1 10 100 12 1 1 1 10 12 1 1 10 7 1 8 1 10 8 1 10 12 1 10 12 1 8 1 9 12 1 1 9 12 1 10 100 12 1 1 1 100 9 12 1 1 7 1 9 12 1 10 12 10 12 1 1 100 10 12 9 12 1 10 12 1 100 1 10 100 1 10 10 12 1 10 12 1 1 1 1 1 1 1 1 1 1 1 1 1 1 1 1 3 1 1 1 1 1 1 1 1 1 1 1 100 1 1 1 1 1 1 1 1 1 1 1 1 1 1 1 1 1 1 1 1 1 1 1 1 1 1 1 1 1 1 1 1 1 1 1 1 1 1 1 1 16 15 10 12 16 16 15 10 12 16 15 10 100 12 1 1 1 1 1 100 1 100 1 1
staticfield java/lang/ThreadGroup $assertionsDisabled Z 1
ciInstanceKlass java/lang/Thread$UncaughtExceptionHandler 1 0 16 100 1 100 1 1 1 1 1 1 1 1 100 1 1 1
instanceKlass java/lang/ThreadBuilders$BoundVirtualThread
instanceKlass java/lang/VirtualThread
ciInstanceKlass java/lang/BaseVirtualThread 1 1 36 10 7 12 1 1 1 100 1 1 1 1 1 1 1 1 1 1 1 1 1 1 1 1 1 1 1 1 100 1 100 1 1 100 1 1
ciInstanceKlass java/lang/VirtualThread 1 1 941 9 7 12 1 1 1 9 12 1 1 10 7 12 1 1 1 10 7 12 1 1 1 10 7 12 1 1 1 9 12 1 1 7 1 10 12 1 9 12 1 1 18 12 1 1 9 12 1 1 10 12 1 1 100 1 10 12 1 10 12 1 1 10 12 1 1 10 12 1 10 12 1 1 9 12 1 1 10 12 1 10 7 12 1 10 12 1 10 12 1 10 12 1 10 12 1 9 12 1 1 11 100 12 1 1 1 7 1 10 7 12 1 1 1 10 12 1 1 11 100 12 1 1 1 10 10 12 1 10 12 1 10 12 1 100 1 10 12 1 1 100 1 9 12 1 1 5 0 10 7 12 1 1 1 9 12 1 7 1 100 1 10 10 12 1 10 12 1 1 10 12 1 10 12 1 1 10 12 1 10 12 10 12 1 100 1 10 10 12 1 10 12 1 1 9 12 1 1 10 12 1 1 9 12 1 1 10 12 1 9 12 1 10 7 12 1 1 10 9 10 10 12 1 1 10 12 1 1 10 100 12 1 1 10 100 1 10 9 10 100 1 10 12 1 1 10 12 1 10 10 12 1 1 9 12 1 10 12 1 10 12 1 9 12 1 1 10 12 1 10 12 1 10 12 1 1 9 12 1 1 10 12 1 10 12 1 1 10 12 1 10 12 1 1 9 12 1 18 9 7 12 1 1 1 10 12 1 1 9 12 1 10 12 1 10 12 1 1 9 12 1 10 12 1 9 12 1 1 18 12 1 9 12 1 9 12 1 10 12 9 12 1 1 10 100 12 1 1 10 12 1 10 12 1 1 10 7 12 1 1 10 12 1 100 1 8 1 10 12 1 10 12 1 1 10 12 1 10 12 1 10 12 1 10 7 12 1 1 10 12 1 10 12 1 10 12 1 10 12 1 10 7 12 1 1 8 1 10 12 1 10 12 1 10 12 1 10 12 1 1 10 12 1 10 12 10 12 10 12 1 100 1 10 10 12 1 10 12 1 1 10 12 1 1 10 12 1 10 12 1 10 12 1 1 10 12 1 1 11 100 12 1 1 11 12 1 10 12 9 100 12 1 1 1 9 12 1 10 12 1 1 9 12 1 9 12 1 9 12 1 9 12 1 100 1 10 10 12 1 1 10 12 1 100 1 100 1 10 8 1 10 12 1 1 10 12 1 10 12 1 10 10 12 1 8 1 10 10 12 1 10 12 1 10 100 12 1 1 8 1 8 1 10 12 1 1 10 10 9 100 12 1 1 1 10 12 1 1 10 12 1 10 10 12 9 12 1 10 12 1 1 10 12 1 9 12 1 10 12 1 1 9 12 1 10 12 1 1 9 12 1 10 12 1 1 18 12 1 1 8 1 10 12 1 1 8 1 8 1 10 7 12 1 1 1 10 7 12 1 1 1 10 12 1 10 12 1 1 10 12 1 18 12 1 1 18 12 1 1 5 0 9 12 1 10 12 1 10 12 1 10 100 1 10 12 1 1 9 12 1 9 12 1 1 10 12 1 1 10 12 1 10 12 10 12 1 1 10 7 12 1 1 10 12 1 1 7 1 8 1 10 10 12 1 8 10 12 1 1 8 8 9 12 1 8 8 10 12 1 10 12 1 1 8 1 18 12 1 10 7 12 1 1 10 12 1 10 12 1 3 1 3 1 3 1 3 1 3 1 3 1 3 1 3 1 3 1 3 1 3 1 3 1 3 3 1 3 3 1 3 3 1 3 3 1 3 1 1 1 1 1 1 1 1 1 1 1 1 1 1 1 1 1 100 1 1 1 1 1 1 1 1 1 1 1 1 1 1 1 1 1 1 1 1 1 100 1 1 1 1 1 1 1 1 1 1 1 1 1 1 1 1 1 1 1 1 1 1 1 1 1 1 1 1 1 1 1 1 1 1 100 1 1 1 1 1 1 1 1 1 1 1 1 1 1 1 1 1 1 1 1 1 1 1 1 1 1 1 100 1 1 1 1 1 1 1 1 1 1 1 1 1 1 1 1 1 1 1 1 1 1 100 1 1 16 15 10 12 15 10 12 15 10 12 16 15 10 12 16 15 10 12 16 15 10 12 16 15 10 12 15 10 7 12 1 1 1 1 1 1 1 100 1 1 1 100 1 100 1 1
staticfield java/lang/VirtualThread U Ljdk/internal/misc/Unsafe; jdk/internal/misc/Unsafe
staticfield java/lang/VirtualThread VTHREAD_SCOPE Ljdk/internal/vm/ContinuationScope; jdk/internal/vm/ContinuationScope
staticfield java/lang/VirtualThread DEFAULT_SCHEDULER Ljava/util/concurrent/ForkJoinPool; java/util/concurrent/ForkJoinPool
staticfield java/lang/VirtualThread STATE J 140
staticfield java/lang/VirtualThread PARK_PERMIT J 160
staticfield java/lang/VirtualThread CARRIER_THREAD J 132
staticfield java/lang/VirtualThread TERMINATION J 136
staticfield java/lang/VirtualThread ON_WAITING_LIST J 162
staticfield java/lang/VirtualThread $assertionsDisabled Z 1
ciInstanceKlass java/lang/ThreadBuilders$BoundVirtualThread 0 0 132 10 100 12 1 1 1 9 100 12 1 1 1 10 100 12 1 1 1 9 12 1 1 10 12 1 1 10 12 1 1 9 12 1 1 10 100 12 1 1 1 10 12 1 1 100 1 8 1 10 12 1 10 12 1 1 10 12 1 1 10 12 1 1 10 100 12 1 1 1 8 1 10 12 1 8 1 10 12 1 1 10 100 12 1 1 9 100 12 1 1 1 10 12 1 1 10 10 12 1 1 1 1 1 1 1 1 1 1 1 1 1 1 1 1 1 1 1 1 1 1 1 1 1 1 1 1 100 1 1 1 1
instanceKlass java/lang/Exception
instanceKlass java/lang/Error
ciInstanceKlass java/lang/Throwable 1 1 403 10 7 12 1 1 1 9 7 12 1 1 1 9 12 1 1 9 12 1 9 12 1 1 9 12 1 10 12 1 1 9 12 1 1 10 12 1 1 10 100 12 1 1 1 9 12 1 1 10 12 1 1 10 12 1 100 1 100 1 10 8 1 10 12 1 1 8 1 10 100 12 1 1 10 10 12 1 100 1 8 1 10 10 7 12 1 1 10 12 1 8 1 9 100 12 1 1 1 10 12 1 1 100 1 10 12 10 12 1 100 1 10 10 7 12 1 1 1 11 100 12 1 1 1 10 100 12 1 1 1 10 12 1 1 10 12 1 1 8 1 10 12 1 10 12 1 1 8 1 8 1 10 12 1 1 10 12 1 8 1 8 1 9 12 1 10 100 12 1 1 100 1 10 11 12 1 8 1 8 1 10 7 12 1 1 8 1 10 12 1 8 1 100 1 10 12 1 9 12 1 1 10 12 1 10 100 12 1 9 12 1 1 10 12 1 1 100 1 8 1 10 12 1 10 100 12 1 1 10 12 1 1 100 1 10 100 12 1 1 1 10 12 1 11 100 12 1 1 1 11 100 12 1 1 1 11 12 1 8 1 10 12 1 1 8 1 10 10 9 100 12 1 1 1 8 1 10 12 1 1 11 10 100 1 8 1 10 11 12 1 1 8 1 9 12 1 10 100 12 1 1 11 9 12 1 1 11 12 1 1 100 10 12 1 10 12 1 1 100 1 1 1 1 5 0 1 1 1 1 1 1 1 1 1 1 1 1 100 1 1 1 1 1 1 1 1 1 1 1 1 1 1 1 1 1 1 1 1 1 1 1 1 1 1 1 1 1 1 1 1 1 1 1 1 1 1 1 1 1 1 1 100 1 100 1 1 1 1 1 1 1 1 1 1 1 1 1 1 1 1 1 1
staticfield java/lang/Throwable UNASSIGNED_STACK [Ljava/lang/StackTraceElement; 0 [Ljava/lang/StackTraceElement;
staticfield java/lang/Throwable SUPPRESSED_SENTINEL Ljava/util/List; java/util/Collections$EmptyList
staticfield java/lang/Throwable EMPTY_THROWABLE_ARRAY [Ljava/lang/Throwable; 0 [Ljava/lang/Throwable;
staticfield java/lang/Throwable $assertionsDisabled Z 1
ciInstanceKlass jdk/internal/vm/ContinuationScope 1 1 50 10 7 12 1 1 1 10 7 12 1 1 1 7 1 9 7 12 1 1 1 10 12 1 1 10 100 12 1 1 1 10 12 1 1 10 12 1 1 1 1 1 1 1 1 1 1 1 1 1
ciInstanceKlass jdk/internal/vm/StackChunk 1 1 32 10 100 12 1 1 1 9 100 12 1 1 1 9 12 1 1 9 12 1 1 1 1 1 1 1 1 1 1 1 1 1
ciInstanceKlass java/lang/Boolean 1 1 146 10 7 12 1 1 1 9 7 12 1 1 1 10 12 1 1 10 12 1 8 1 10 7 12 1 1 9 12 1 1 9 12 1 10 12 1 1 10 12 1 1 10 12 1 1 10 12 1 10 7 12 1 1 1 10 12 1 1 9 100 12 1 1 9 12 10 100 12 1 1 1 10 12 1 1 8 1 10 7 12 1 1 1 9 12 1 1 100 1 100 1 100 1 1 1 1 1 1 5 0 1 1 1 1 1 1 1 1 1 1 1 1 1 1 1 1 1 1 1 1 1 1 1 1 1 1 1 1 1 1 1 1 1 1 1 100 1 1 1 1 1 1 1 1 1
staticfield java/lang/Boolean TRUE Ljava/lang/Boolean; java/lang/Boolean
staticfield java/lang/Boolean FALSE Ljava/lang/Boolean; java/lang/Boolean
staticfield java/lang/Boolean TYPE Ljava/lang/Class; java/lang/Class
ciInstanceKlass java/lang/Character 1 1 603 7 1 100 1 100 1 9 12 1 1 8 1 9 12 1 1 100 1 9 12 1 1 10 100 12 1 1 1 10 100 12 1 1 1 10 100 12 1 1 1 10 7 12 1 1 1 9 7 12 1 1 1 10 12 1 10 12 1 1 10 12 1 1 10 100 12 1 1 10 12 1 1 3 3 3 3 3 10 12 1 1 10 12 1 3 11 7 12 1 1 1 11 12 1 1 10 12 1 1 10 12 1 1 100 1 10 10 12 1 3 10 12 1 1 10 12 1 10 12 1 1 100 1 8 1 10 12 1 1 10 12 1 10 12 1 10 12 1 10 100 12 1 1 1 10 12 1 10 12 1 10 12 1 1 10 12 1 10 7 12 1 1 10 10 12 1 10 10 12 1 10 12 1 1 10 12 1 10 10 12 1 10 12 1 10 12 1 10 12 1 10 12 1 10 12 1 10 12 1 10 12 10 10 12 10 10 12 1 10 10 12 1 10 10 12 1 10 10 12 1 10 12 1 10 12 1 10 12 1 10 12 1 10 12 1 10 12 1 10 10 12 1 10 10 12 1 10 10 12 1 1 10 10 12 1 10 5 0 10 12 1 10 12 1 10 10 12 1 10 10 12 1 1 10 10 12 1 10 10 12 1 9 12 1 1 100 1 10 10 12 1 10 12 1 1 3 10 100 12 1 1 1 10 12 1 10 100 12 1 1 100 1 10 10 12 1 1 10 12 1 1 10 12 1 1 8 1 10 12 1 9 100 12 1 1 1 10 12 1 10 10 12 1 10 12 1 1 10 12 1 10 10 12 1 1 10 10 12 1 1 100 1 8 1 10 12 1 1 10 7 12 1 1 1 8 1 10 12 1 1 9 12 1 1 100 1 100 1 100 1 1 1 1 3 1 3 1 3 1 3 1 1 1 1 1 3 1 1 3 1 3 1 3 1 3 1 3 1 3 1 3 1 3 1 3 1 3 1 3 1 3 1 3 1 3 1 3 1 3 1 3 1 3 1 3 1 3 1 3 1 3 1 3 1 3 1 3 1 3 1 3 1 3 1 1 1 1 1 1 1 1 1 1 1 1 1 1 1 1 1 1 1 3 1 1 1 1 1 1 1 3 1 1 3 1 1 1 1 1 3 1 1 5 0 1 1 1 1 1 1 1 1 1 1 1 1 1 1 1 1 1 1 1 1 1 1 1 1 1 1 1 1 1 1 1 1 1 1 1 1 1 1 1 1 1 1 1 1 1 1 1 1 1 1 1 1 1 1 1 1 1 1 1 1 1 1 1 1 1 1 1 1 1 1 1 1 1 1 1 1 1 1 1 1 1 1 1 1 1 1 1 1 1 100 1 100 1 1 1 1 1 1
staticfield java/lang/Character TYPE Ljava/lang/Class; java/lang/Class
staticfield java/lang/Character $assertionsDisabled Z 1
ciMethod java/lang/Character isLetter (C)Z 276 0 137 0 -1
ciMethod java/lang/Character isLetterOrDigit (C)Z 544 0 792 0 -1
ciInstanceKlass java/lang/Float 1 1 277 7 1 100 1 10 7 12 1 1 1 10 100 12 1 1 1 4 100 1 10 12 1 1 10 12 1 1 8 1 8 1 10 100 12 1 1 1 10 12 1 1 10 12 1 1 10 7 1 4 10 7 12 1 1 9 12 1 1 10 12 1 1 10 12 1 10 10 12 1 1 10 12 1 10 12 1 3 3 100 1 4 4 4 3 10 12 1 1 9 12 1 1 100 1 10 3 3 4 4 10 12 1 3 3 3 10 12 1 1 10 12 1 1 10 12 1 10 100 12 1 1 1 10 12 1 1 10 12 1 1 10 7 12 1 1 1 8 1 10 12 1 1 9 12 1 1 100 1 100 1 100 1 1 1 1 4 1 4 1 1 1 4 1 1 3 1 3 1 3 1 3 1 3 1 1 1 1 5 0 1 1 1 1 1 1 1 1 1 1 100 1 1 1 1 1 1 1 1 1 1 1 1 1 1 1 1 1 1 1 1 1 1 1 1 1 1 1 1 1 1 1 1 1 1 1 1 1 1 1 1 1 1 1 1 1 1 1 1 1 1 1 1 1 1 1 1 1 1 1 1 1 1 1 1 1 1 1 1 1 1 1 1 1 100 1 1 1 1 1 1 1 100 1 100 1 1
staticfield java/lang/Float TYPE Ljava/lang/Class; java/lang/Class
staticfield java/lang/Float $assertionsDisabled Z 1
instanceKlass java/util/concurrent/atomic/Striped64
instanceKlass java/math/BigDecimal
instanceKlass java/math/BigInteger
instanceKlass java/util/concurrent/atomic/AtomicLong
instanceKlass java/util/concurrent/atomic/AtomicInteger
instanceKlass java/lang/Long
instanceKlass java/lang/Integer
instanceKlass java/lang/Short
instanceKlass java/lang/Byte
instanceKlass java/lang/Double
instanceKlass java/lang/Float
ciInstanceKlass java/lang/Number 1 1 37 10 7 12 1 1 1 10 100 12 1 1 1 100 1 1 1 1 5 0 1 1 1 1 1 1 1 1 1 1 1 1 1 1 1 1 1
ciInstanceKlass java/lang/Double 1 1 268 7 1 100 1 10 100 12 1 1 1 10 12 1 1 10 10 12 1 1 8 1 8 1 10 100 12 1 1 1 6 0 100 1 5 0 5 0 10 100 12 1 1 1 10 12 1 1 10 100 12 1 1 1 9 100 12 1 1 1 10 12 1 1 10 100 12 1 1 1 10 12 1 1 10 12 1 1 10 7 1 6 0 10 7 12 1 1 9 12 1 1 10 12 1 10 12 1 10 12 1 10 12 10 12 1 5 0 10 12 1 1 10 12 1 1 10 12 1 10 100 12 1 1 1 10 12 1 1 10 12 1 1 8 1 10 7 12 1 1 1 9 12 1 1 100 1 100 1 100 1 1 1 6 0 1 6 0 1 6 0 1 1 1 6 0 1 1 3 1 3 1 3 1 3 1 3 1 1 1 1 5 0 1 1 1 1 1 1 1 1 1 1 1 1 1 1 1 1 1 100 1 1 1 1 1 100 1 1 1 1 1 1 1 1 1 1 1 1 1 1 1 1 1 1 1 1 1 1 1 1 1 1 1 1 1 1 1 1 1 1 1 1 1 1 1 1 1 1 1 1 1 1 1 1 100 1 1 1 1 1 1 1 100 1 100 1 1
staticfield java/lang/Double TYPE Ljava/lang/Class; java/lang/Class
ciInstanceKlass java/lang/Byte 1 1 212 7 1 100 1 10 100 12 1 1 1 9 12 1 1 8 1 9 12 1 1 100 1 10 12 1 1 10 12 1 1 10 100 12 1 1 1 10 100 12 1 1 1 9 7 12 1 1 1 10 12 1 1 100 1 100 1 10 12 1 1 8 1 10 12 1 1 8 1 10 12 1 10 12 1 10 12 1 10 12 1 1 10 12 1 10 12 1 10 12 1 1 10 8 1 8 1 10 7 1 9 12 1 1 10 12 1 1 10 12 1 1 10 12 1 1 10 12 1 5 0 10 12 1 1 8 1 10 7 12 1 1 1 9 12 1 1 100 1 100 1 1 1 3 1 3 1 1 1 1 3 1 3 1 1 5 0 1 1 1 1 1 1 1 1 1 1 1 1 1 1 1 1 1 1 1 1 1 1 1 1 1 1 1 1 1 1 1 1 1 1 1 1 1 1 1 1 1 1 1 1 1 1 1 1 1 1 1 1 1 1 1
staticfield java/lang/Byte TYPE Ljava/lang/Class; java/lang/Class
ciInstanceKlass java/lang/Short 1 1 220 7 1 100 1 100 1 10 100 12 1 1 1 10 12 1 1 100 1 100 1 10 12 1 1 8 1 10 12 1 1 8 1 10 12 1 10 12 1 10 12 1 10 12 1 1 10 12 1 1 10 12 1 9 12 1 1 8 1 9 12 1 1 100 1 10 12 1 1 10 12 1 10 100 12 1 1 1 10 100 12 1 1 1 9 7 12 1 1 1 10 12 1 10 12 1 1 10 8 1 8 1 10 7 1 9 12 1 1 10 12 1 1 10 12 1 1 10 12 1 1 10 12 1 3 3 5 0 10 12 1 1 8 1 10 7 12 1 1 1 9 12 1 1 100 1 100 1 1 1 3 1 3 1 1 1 1 3 1 3 1 1 5 0 1 1 1 1 1 1 1 1 1 1 1 1 1 1 1 1 1 1 1 1 1 1 1 1 1 1 1 1 1 1 1 1 1 1 1 1 1 1 1 1 1 1 1 1 1 1 1 1 1 1 1 1 1 1 1 1
staticfield java/lang/Short TYPE Ljava/lang/Class; java/lang/Class
ciInstanceKlass java/lang/Integer 1 1 431 7 1 100 1 7 1 10 12 1 1 9 7 12 1 1 1 9 12 1 1 10 7 12 1 1 1 10 12 1 1 10 100 12 1 1 1 10 10 12 1 1 10 100 12 1 1 1 10 12 1 10 12 1 1 10 7 12 1 1 1 10 12 1 1 10 12 1 1 10 7 12 1 1 10 12 1 1 10 12 1 100 1 8 1 10 12 1 1 8 1 100 1 10 12 1 1 10 12 1 1 8 1 10 12 1 1 8 1 10 12 1 1 10 12 1 1 10 12 1 1 3 3 10 7 12 1 1 1 11 7 1 10 12 1 1 11 10 12 1 1 10 12 1 1 8 1 10 12 1 10 12 1 8 1 100 1 10 12 1 8 1 10 12 1 1 10 12 1 8 1 10 12 1 10 12 1 7 1 9 12 1 1 9 12 1 1 10 12 1 10 7 1 9 12 1 10 12 1 10 12 1 10 12 1 1 10 12 1 1 10 7 12 1 1 1 10 12 1 1 8 1 8 1 10 12 1 1 8 1 8 1 8 1 8 1 8 1 8 1 10 12 1 10 12 1 10 12 1 5 0 3 3 3 3 10 12 1 10 12 1 3 10 12 1 10 100 12 1 1 1 10 12 1 1 10 12 1 1 8 1 10 7 12 1 1 1 9 12 1 1 100 1 100 1 100 1 1 1 1 3 1 1 1 1 1 3 1 3 1 1 5 0 1 1 1 1 1 1 1 1 1 100 1 1 1 1 1 1 1 1 1 1 1 1 1 1 1 1 1 1 1 1 1 1 1 1 1 1 1 1 1 1 1 1 1 1 1 1 1 1 1 1 1 1 1 1 1 1 1 1 1 1 1 1 1 1 1 1 1 1 1 1 1 1 1 1 1 1 1 1 1 1 1 1 1 1 1 1 1 1 1 1 1 1 1 1 1 1 1 1 1 1 1 1 1 100 1 1 1 1 1 1 1 1 1 100 1 100 1 1
staticfield java/lang/Integer TYPE Ljava/lang/Class; java/lang/Class
staticfield java/lang/Integer digits [B 36
ciInstanceKlass java/lang/Long 1 1 493 7 1 100 1 7 1 10 12 1 1 9 7 12 1 1 1 9 7 12 1 1 1 10 100 12 1 1 1 10 12 1 1 10 100 12 1 1 1 10 10 12 10 12 1 10 12 1 10 12 1 5 0 5 0 100 1 10 12 1 1 10 12 1 1 10 12 1 10 12 1 10 12 1 10 12 1 1 10 100 12 1 1 10 12 1 10 12 1 1 10 12 1 1 10 12 1 1 10 12 1 1 10 7 12 1 1 1 10 12 1 1 10 12 1 1 10 7 12 1 1 10 12 1 1 10 12 1 100 1 8 1 10 12 1 8 1 100 1 10 12 1 10 12 1 1 8 1 10 12 1 1 8 1 10 12 1 1 10 12 1 1 10 12 1 1 5 0 5 0 10 100 12 1 1 1 11 100 1 10 12 1 1 11 10 12 1 1 10 12 1 1 8 1 5 0 10 12 1 1 10 12 1 1 8 1 8 1 10 12 1 8 1 10 12 1 10 12 1 5 0 5 0 9 7 12 1 1 1 10 12 1 10 12 1 1 8 1 8 1 10 12 1 1 8 1 8 1 8 1 8 1 8 1 8 1 10 12 1 10 12 1 10 7 1 9 12 1 1 10 12 1 10 12 1 1 10 12 1 1 10 100 12 1 1 1 10 12 1 1 10 12 1 10 12 1 10 12 1 5 0 5 0 5 0 10 12 1 1 10 12 1 5 0 5 0 10 12 10 12 1 10 100 12 1 1 1 10 12 1 1 10 12 1 1 8 1 10 7 12 1 1 1 9 12 1 1 100 1 100 1 100 1 1 1 1 5 0 1 1 1 1 3 1 3 1 5 0 1 1 1 1 1 1 1 1 1 100 1 1 1 1 1 1 1 1 1 1 1 1 1 1 1 1 1 1 1 1 1 1 1 1 1 1 1 1 1 1 1 1 1 1 1 1 1 1 1 1 1 1 1 1 1 1 1 1 1 1 1 1 1 1 1 1 1 1 1 1 1 1 1 1 1 1 1 1 1 1 1 1 1 1 1 1 1 1 1 1 1 1 1 1 1 1 1 1 1 1 1 1 1 1 1 1 1 1 1 1 100 1 1 1 1 1 1 1 1 1 100 1 100 1 1
staticfield java/lang/Long TYPE Ljava/lang/Class; java/lang/Class
ciInstanceKlass java/lang/Void 1 1 31 10 100 12 1 1 1 8 1 10 7 12 1 1 1 9 7 12 1 1 1 1 1 1 1 1 1 1 1 1 1
staticfield java/lang/Void TYPE Ljava/lang/Class; java/lang/Class
ciInstanceKlass jdk/internal/vm/vector/VectorSupport 0 0 601 100 1 10 100 12 1 1 1 9 12 1 1 10 100 12 1 1 1 100 1 10 12 1 11 100 12 1 1 1 11 100 12 1 1 1 11 100 12 1 1 1 11 100 12 1 1 11 100 12 1 1 11 100 12 1 1 11 100 12 1 1 11 100 12 1 1 11 100 12 1 1 11 100 12 1 1 11 100 12 1 1 1 11 100 12 1 1 11 100 12 1 1 1 11 100 12 1 1 1 11 100 12 1 1 11 100 12 1 1 1 11 100 12 1 1 100 1 10 12 1 1 11 100 12 1 1 11 100 12 1 1 11 100 12 1 1 11 100 1 11 100 12 1 1 11 100 12 1 1 11 100 12 1 1 9 12 1 1 10 100 12 1 1 11 100 12 1 1 10 100 12 1 1 1 10 100 12 1 1 10 12 1 1 10 12 1 1 1 1 1 3 1 3 1 3 1 3 1 3 1 3 1 3 1 3 1 3 1 3 1 3 1 3 1 3 1 3 1 3 1 3 1 3 1 3 1 3 1 3 1 3 1 3 1 3 1 3 1 3 1 3 1 3 1 3 1 3 1 3 1 3 1 3 1 3 1 3 1 3 1 3 1 3 1 3 1 3 1 3 1 3 1 3 1 3 1 3 1 3 1 3 1 3 1 3 1 3 1 3 1 3 1 3 1 3 1 1 1 3 1 3 1 3 1 3 1 3 1 3 1 1 1 1 1 1 1 1 1 1 1 1 1 1 1 1 1 1 1 1 1 1 1 1 1 1 1 1 1 1 1 1 1 1 1 1 1 1 1 1 1 1 1 1 1 1 1 1 1 1 1 1 1 1 1 1 1 1 1 1 1 1 1 1 1 1 1 1 1 1 1 1 1 1 1 1 1 1 1 1 1 1 1 1 1 1 1 1 1 1 1 1 1 1 1 1 1 1 1 1 1 1 1 1 1 1 1 1 1 1 1 1 1 1 1 1 1 1 1 1 1 1 1 1 1 1 1 1 1 1 1 1 1 1 1 1 1 1 1 1 1 1 1 1 1 1 1 1 1 1 1 1 1 1 1 1 1 1 1 1 1 1 1 1 1 1 1 1 1 1 1 1 1 1 1 1 1 1 1 1 1 1 1 1 1 1 1 1 1 1 1 1 1 1 1 1 1 1 1 1 1 1 1 1 1 1 1 1 1 1 1 1 1 1 1 1 1 1 1 1 1 1 1 1 1 1 1 1 1 1 1 1 1 1 1 1 1 1 1 1 1 1 1 1 1 1 1 1 1 1 1 100 1 100 1 100 1 100 1 100 1 1 1 1 1 1 1 1 1 1 1 1 1 1 1 1 1 1 1 1 1 1 1 1 1 1 1 1 1 1 1
instanceKlass jdk/internal/vm/vector/VectorSupport$VectorShuffle
instanceKlass jdk/internal/vm/vector/VectorSupport$VectorMask
instanceKlass jdk/internal/vm/vector/VectorSupport$Vector
ciInstanceKlass jdk/internal/vm/vector/VectorSupport$VectorPayload 0 0 32 10 100 12 1 1 1 9 100 12 1 1 1 10 100 12 1 1 1 1 1 1 1 1 1 1 1 1 1 1 1 1
ciInstanceKlass jdk/internal/vm/vector/VectorSupport$Vector 0 0 28 10 100 12 1 1 1 100 1 1 1 1 1 1 1 1 1 1 1 1 1 1 1 100 1 1 1 1
ciInstanceKlass jdk/internal/vm/vector/VectorSupport$VectorMask 0 0 28 10 100 12 1 1 1 100 1 1 1 1 1 1 1 1 1 1 1 1 1 1 1 100 1 1 1 1
ciInstanceKlass jdk/internal/vm/vector/VectorSupport$VectorShuffle 0 0 28 10 100 12 1 1 1 100 1 1 1 1 1 1 1 1 1 1 1 1 1 1 1 100 1 1 1 1
ciInstanceKlass jdk/internal/vm/FillerObject 0 0 16 10 100 12 1 1 1 100 1 1 1 1 1 1 1 1
instanceKlass java/lang/ref/PhantomReference
instanceKlass java/lang/ref/FinalReference
instanceKlass java/lang/ref/WeakReference
instanceKlass java/lang/ref/SoftReference
ciInstanceKlass java/lang/ref/Reference 1 1 194 9 7 12 1 1 1 9 7 12 1 1 10 12 1 1 10 12 1 1 9 12 1 1 10 12 1 1 9 12 1 1 9 12 1 1 10 12 1 10 7 12 1 1 10 12 1 1 10 12 1 7 1 8 1 10 12 1 1 7 1 10 12 1 1 10 12 1 1 10 12 1 10 12 1 1 10 12 1 1 10 12 1 10 12 1 10 12 1 9 12 1 100 1 100 1 10 12 9 12 1 9 12 1 9 12 1 100 1 10 10 12 1 10 10 7 12 1 1 7 1 10 10 7 12 1 1 1 1 1 1 1 1 1 1 1 1 1 1 1 1 1 1 1 100 1 1 1 100 1 1 1 1 1 1 1 1 1 1 1 1 1 1 1 1 1 1 1 1 1 1 1 1 1 1 1 1 1 1 1 1 1 1 1 1 1 100 1 100 1 100 1 1 1
staticfield java/lang/ref/Reference processPendingLock Ljava/lang/Object; java/lang/Object
staticfield java/lang/ref/Reference $assertionsDisabled Z 1
instanceKlass java/util/ResourceBundle$BundleReference
instanceKlass sun/security/util/MemoryCache$SoftCacheEntry
instanceKlass sun/util/locale/provider/LocaleResources$ResourceReference
instanceKlass sun/util/resources/Bundles$BundleReference
instanceKlass java/lang/invoke/LambdaFormEditor$Transform
instanceKlass jdk/internal/util/SoftReferenceKey
ciInstanceKlass java/lang/ref/SoftReference 1 1 50 10 7 12 1 1 1 9 7 12 1 1 1 9 12 1 10 12 1 10 12 1 1 1 1 1 1 1 1 1 1 1 1 1 1 1 1 1 1 1 1 1 1 100 1 1 1 1 1 1
instanceKlass java/util/ResourceBundle$KeyElementReference
instanceKlass java/util/logging/LogManager$LoggerWeakRef
instanceKlass java/util/logging/Level$KnownLevel
instanceKlass javax/crypto/JceSecurity$WeakIdentityWrapper
instanceKlass java/lang/WeakPairMap$WeakRefPeer
instanceKlass jdk/internal/util/WeakReferenceKey
instanceKlass java/lang/ThreadLocal$ThreadLocalMap$Entry
instanceKlass java/util/WeakHashMap$Entry
ciInstanceKlass java/lang/ref/WeakReference 1 1 34 10 7 12 1 1 1 10 12 1 100 1 1 1 1 1 1 1 1 1 1 1 1 1 1 1 1 1 1 1 1 1 1 1
instanceKlass java/lang/ref/Finalizer
ciInstanceKlass java/lang/ref/FinalReference 1 1 50 10 7 12 1 1 1 10 100 12 1 1 1 10 12 1 1 100 1 8 1 10 12 1 1 1 1 1 1 1 1 1 1 1 1 1 1 1 1 1 1 1 1 1 1 1 1 1 100 1
instanceKlass jdk/internal/ref/PhantomCleanable
ciInstanceKlass java/lang/ref/PhantomReference 1 1 47 10 7 12 1 1 1 10 12 1 1 10 7 12 1 1 1 1 1 1 1 1 1 1 1 1 1 1 1 1 1 1 1 1 1 1 1 1 1 1 1 1 1 1 1 1 1
ciInstanceKlass java/lang/ref/Finalizer 1 1 177 9 7 12 1 1 1 10 7 12 1 1 1 9 12 1 1 9 12 1 1 9 12 1 9 12 1 9 12 1 1 10 12 1 100 1 8 1 10 12 1 10 12 1 1 9 12 1 100 1 10 12 1 100 1 11 100 12 1 1 10 12 1 100 1 10 12 1 10 7 12 1 1 1 10 12 1 1 10 100 12 1 1 8 1 10 12 1 10 12 1 10 12 1 100 1 10 12 1 10 100 12 1 1 1 100 1 10 10 12 1 1 7 1 10 12 1 10 12 1 1 10 12 1 1 10 7 12 1 1 1 7 1 10 7 1 10 10 12 1 1 1 1 1 1 1 1 1 1 1 1 1 1 1 1 1 1 1 1 1 1 1 1 1 1 100 1 1 1 1 1 1 1 1 1 1 1
staticfield java/lang/ref/Finalizer lock Ljava/lang/Object; java/lang/Object
staticfield java/lang/ref/Finalizer ENABLED Z 1
staticfield java/lang/ref/Finalizer $assertionsDisabled Z 1
instanceKlass java/lang/reflect/Executable
instanceKlass java/lang/reflect/Field
ciInstanceKlass java/lang/reflect/AccessibleObject 1 1 374 10 7 12 1 1 1 10 100 12 1 1 1 10 7 12 1 1 1 10 12 1 1 9 12 1 1 100 1 10 7 12 1 1 1 11 12 1 100 1 10 12 1 7 1 100 1 10 12 1 1 10 12 1 1 10 12 1 1 10 12 1 1 10 12 1 1 7 1 10 100 12 1 1 1 10 12 1 1 11 10 7 12 1 1 1 10 12 1 1 10 12 1 10 12 1 10 12 1 1 10 12 1 8 1 100 1 100 1 10 10 12 1 1 8 1 10 12 1 10 12 1 8 1 8 1 8 1 8 1 8 1 8 1 8 1 8 1 8 1 100 1 10 12 1 10 12 1 9 100 12 1 1 1 10 12 1 1 10 12 1 10 100 1 100 1 8 1 10 8 1 10 12 1 8 1 10 12 1 10 12 1 1 10 100 1 8 1 10 11 7 12 1 1 1 10 12 1 1 10 12 1 1 10 12 1 1 9 12 1 1 100 1 10 12 1 7 1 10 12 1 10 12 1 1 10 100 1 10 12 1 10 12 10 12 1 10 12 1 10 12 1 1 10 12 1 9 12 1 10 100 12 1 1 8 1 10 12 1 1 8 1 10 100 12 1 1 1 9 12 1 100 1 10 7 1 10 10 7 12 1 1 1 10 7 12 1 1 1 9 12 1 1 1 1 1 1 1 1 1 1 1 1 1 1 1 1 1 1 1 1 1 1 1 1 1 1 1 1 1 1 1 1 1 1 1 1 1 1 1 1 1 1 1 1 1 1 1 1 1 1 1 1 1 1 1 1 1 1 1 1 1 1 1 1 1 1 1 1 1 1 1 1 1 1 1 1 1 1 1 1 1 1 1
staticfield java/lang/reflect/AccessibleObject reflectionFactory Ljdk/internal/reflect/ReflectionFactory; jdk/internal/reflect/ReflectionFactory
ciInstanceKlass java/lang/reflect/Method 1 1 468 9 7 12 1 1 1 10 100 12 1 1 1 10 100 12 1 1 9 12 1 1 9 12 1 1 10 12 1 1 10 12 1 1 10 12 1 1 10 100 12 1 1 10 7 12 1 1 1 9 12 1 1 9 12 1 9 12 1 1 9 12 1 9 12 1 9 12 1 1 9 12 1 9 12 1 1 9 12 1 9 12 1 100 1 8 1 10 12 1 10 12 1 9 12 1 1 10 7 12 1 1 1 10 12 1 1 10 12 1 1 10 12 1 10 12 1 1 9 100 12 1 1 1 10 12 1 1 10 12 10 7 12 1 1 10 12 1 1 10 12 1 10 12 1 10 12 1 10 7 12 1 1 1 10 12 1 1 9 12 1 10 7 1 10 7 12 1 1 1 10 7 12 1 1 10 12 1 1 10 12 1 1 10 12 1 10 7 12 1 1 1 10 12 1 10 8 1 10 12 1 10 12 1 7 1 8 1 8 1 8 1 10 12 1 10 12 1 1 10 12 1 1 10 10 12 1 1 10 12 1 11 100 1 10 12 1 9 12 1 1 10 12 1 1 10 12 1 10 12 1 1 10 12 1 1 11 7 12 1 1 1 11 12 1 9 12 1 1 10 12 1 10 12 1 10 12 1 10 12 1 10 12 1 10 12 1 9 12 1 1 10 7 12 1 1 1 10 7 12 1 1 10 12 1 1 10 7 12 1 1 1 10 7 12 1 1 1 10 7 12 1 1 1 11 7 12 1 1 1 10 7 12 1 1 1 7 1 100 1 100 1 10 12 1 10 12 1 1 10 12 1 100 1 8 1 10 12 1 10 10 12 1 1 10 12 1 1 10 12 1 1 10 12 1 1 8 1 10 12 1 1 1 1 1 1 1 1 1 1 1 1 1 1 1 1 1 1 1 1 1 1 1 1 1 1 1 1 1 1 1 1 1 1 1 1 1 1 1 1 1 1 1 1 1 1 1 1 1 1 1 1 1 100 1 100 1 100 1 1 1 1 1 1 1 1 1 1 1 1 1 1 1 1 1 1 1 1 1 1 1 1 1 1 1 1 1 1
ciInstanceKlass java/lang/reflect/Member 1 1 37 100 1 10 12 1 1 100 1 100 1 1 1 1 3 1 3 1 1 1 1 1 1 1 1 1 1 1 1 1 1 1 1 1 1 1 1
instanceKlass java/lang/reflect/Constructor
instanceKlass java/lang/reflect/Method
ciInstanceKlass java/lang/reflect/Executable 1 1 582 10 7 12 1 1 1 10 7 12 1 1 1 10 7 12 1 1 1 11 7 12 1 1 1 10 7 12 1 1 1 10 12 1 1 10 7 12 1 1 1 10 7 12 1 1 1 10 12 1 8 1 10 10 12 1 1 10 12 1 1 10 7 12 1 1 1 18 12 1 1 11 7 12 1 1 1 8 1 8 1 8 1 10 7 12 1 1 1 11 12 1 1 7 1 8 1 8 1 10 12 1 100 1 8 1 10 12 1 8 1 11 100 12 1 1 1 100 1 11 7 12 1 1 1 11 12 1 8 1 18 8 1 10 12 1 10 12 1 1 18 8 1 10 12 1 100 1 10 12 1 10 12 1 11 12 1 10 12 1 1 8 1 8 1 10 12 1 1 10 12 1 1 10 10 12 1 9 12 1 1 9 100 12 1 1 1 10 100 12 1 1 1 10 12 1 10 12 1 1 10 100 12 1 1 10 12 1 10 12 1 10 12 1 10 7 12 1 1 100 1 10 100 12 1 1 1 10 12 1 1 10 7 12 1 1 10 12 1 10 12 1 1 9 7 12 1 1 1 10 7 10 12 1 10 12 1 3 100 1 8 1 10 12 1 10 12 1 10 10 12 1 10 12 1 1 8 1 8 1 8 1 9 12 1 1 9 12 1 10 12 1 100 1 8 1 10 12 1 10 12 1 10 12 1 1 10 12 1 1 10 12 1 10 12 10 12 1 7 1 10 12 1 10 12 1 1 100 1 10 100 12 1 1 1 7 1 10 7 12 1 1 1 10 12 1 1 11 7 12 1 1 10 12 1 10 100 12 1 1 1 10 12 1 1 9 12 1 10 12 1 1 10 12 1 10 12 1 1 9 100 12 1 1 1 10 100 12 1 1 1 10 12 1 10 12 1 1 9 12 1 10 10 10 10 100 12 1 1 1 10 12 1 9 12 1 10 12 1 1 9 12 1 100 1 100 1 1 1 1 1 1 1 1 1 1 1 1 1 1 1 1 1 1 1 1 1 1 1 1 1 1 1 1 1 1 1 1 1 1 1 1 100 1 1 1 1 1 1 1 1 1 1 1 1 1 1 1 1 1 1 1 100 1 1 1 1 1 1 1 1 1 1 1 1 1 1 1 1 1 1 1 1 1 1 1 1 1 1 1 1 1 1 1 1 1 1 1 1 1 1 1 1 1 1 1 100 1 1 1 1 1 1 1 1 1 1 1 1 1 1 1 1 1 1 1 1 1 1 100 1 1 16 15 16 1 16 1 15 10 12 16 15 10 7 12 1 1 1 1 100 1 1 1 100 1 1 100 1 100 1 1
ciInstanceKlass java/lang/reflect/Constructor 1 1 437 10 100 12 1 1 1 10 100 12 1 1 9 7 12 1 1 1 9 12 1 1 10 12 1 1 10 12 1 1 10 12 1 1 10 100 12 1 1 10 7 12 1 1 1 9 12 1 1 9 12 1 1 9 12 1 9 12 1 1 9 12 1 9 12 1 1 9 12 1 1 9 12 1 100 1 8 1 10 12 1 10 12 1 9 12 1 1 10 7 12 1 1 1 10 12 1 1 10 12 1 1 10 12 1 7 1 100 1 8 1 10 10 12 1 10 12 1 10 12 1 1 9 100 12 1 1 1 10 7 12 1 1 10 12 1 1 10 12 1 10 12 1 1 10 100 12 1 1 1 10 100 12 1 1 10 12 1 1 10 12 1 10 100 12 1 1 1 8 1 10 10 12 1 100 1 8 1 10 12 1 10 12 1 1 10 12 1 1 10 12 1 10 12 1 10 12 1 1 10 12 1 1 9 12 1 1 10 12 1 1 10 12 1 1 10 12 1 1 11 7 12 1 1 1 10 12 1 1 10 12 1 10 12 1 10 12 1 8 1 9 12 1 1 10 7 12 1 1 1 10 7 12 1 1 10 12 1 1 10 12 1 1 10 12 1 1 10 12 1 1 10 12 1 9 100 12 1 1 10 12 1 10 12 1 10 12 1 100 1 8 1 10 10 12 1 1 10 12 1 10 10 12 1 1 10 12 1 1 10 100 12 1 1 1 11 100 12 1 1 1 10 12 1 1 9 100 12 1 1 1 10 100 12 1 1 1 10 12 1 1 1 1 1 1 1 1 1 1 1 1 1 1 1 1 1 1 1 1 1 1 1 1 1 1 1 1 1 1 1 1 1 1 1 1 1 1 1 1 1 1 1 1 1 1 1 1 1 1 1 1 1 1 1 1 100 1 100 1 100 1 100 1 1 1 1 1 1 1 1 1 1 1 1 1 1 1 1 1 1 1 1 1 1 1 1 1 1 1 1 1 1 1 1 100 1 1
ciInstanceKlass java/lang/reflect/Field 1 1 829 9 7 12 1 1 1 10 12 1 1 10 100 12 1 1 1 10 100 12 1 1 9 12 1 1 9 12 1 1 10 12 1 1 10 12 1 1 10 12 1 1 10 100 12 1 1 10 7 12 1 1 1 9 12 1 1 9 12 1 9 12 1 9 12 1 1 9 12 1 1 9 12 1 9 12 1 1 100 1 8 1 10 12 1 10 12 1 9 12 1 1 9 12 1 10 100 12 1 1 10 12 1 1 10 12 1 1 10 12 1 9 12 1 1 10 12 1 1 9 100 12 1 1 1 10 100 12 1 1 1 100 1 10 12 1 1 10 12 1 1 10 12 1 10 12 1 10 7 1 10 100 12 1 1 100 1 10 8 1 10 12 1 1 10 12 1 1 8 1 10 12 10 12 1 8 1 8 1 10 11 100 1 9 12 1 10 12 1 1 10 12 1 1 11 100 12 1 1 1 10 12 1 11 12 1 1 11 12 1 1 11 12 1 1 11 12 1 1 11 12 1 1 11 12 1 1 11 12 1 1 11 12 1 1 11 12 1 1 10 12 1 18 12 1 1 10 12 1 1 11 12 1 1 18 12 1 11 12 1 1 18 12 1 11 12 1 1 18 12 1 11 12 1 1 18 12 1 11 12 1 1 18 12 1 11 12 1 1 18 12 1 11 12 1 1 18 12 1 11 12 1 1 18 12 1 10 12 1 10 100 12 1 1 10 12 1 10 12 1 10 12 1 10 12 1 1 10 12 1 1 10 12 1 10 100 12 1 1 10 12 1 1 11 100 1 10 12 1 100 1 10 100 12 1 1 1 10 100 12 1 1 1 9 12 1 10 100 12 1 1 1 11 100 12 1 1 1 10 12 1 1 10 12 1 1 9 100 12 1 1 10 100 12 1 1 1 10 12 1 1 10 12 1 1 11 100 12 1 10 12 1 10 12 1 10 12 1 9 12 1 100 1 10 10 12 1 1 100 1 10 12 1 1 10 10 12 1 1 10 12 1 1 10 100 12 1 1 1 9 100 12 1 1 1 10 12 1 1 10 100 12 1 1 1 10 12 1 9 12 1 10 12 1 10 12 1 10 100 12 1 1 10 8 1 10 100 12 1 1 1 8 1 10 100 12 1 1 1 9 12 1 10 9 100 12 1 1 1 10 100 12 1 1 1 18 12 1 1 10 12 1 1 10 12 1 1 10 100 12 1 1 1 10 12 1 1 10 12 1 10 12 1 10 10 12 1 1 10 12 1 10 100 12 1 1 1 10 100 12 1 1 10 12 1 8 1 10 12 1 1 10 100 12 1 1 1 10 100 12 1 1 1 8 1 8 1 8 1 8 1 8 1 8 1 10 12 1 1 8 1 8 1 8 1 10 12 1 8 1 8 1 10 12 1 8 1 8 1 8 1 8 1 8 1 10 12 1 1 10 100 12 1 1 8 1 10 12 1 100 1 1 1 1 1 1 1 1 1 1 1 1 1 1 1 1 1 1 1 1 1 1 1 1 1 1 1 1 1 1 1 1 1 1 1 1 1 1 1 1 1 1 1 1 1 1 1 1 1 1 1 1 1 1 1 1 1 1 1 1 1 1 1 1 1 1 1 1 1 1 100 1 1 1 1 1 1 1 1 1 1 1 1 1 1 1 1 1 1 1 1 1 1 1 1 1 1 100 1 1 1 1 1 1 1 1 1 1 1 1 1 1 1 1 1 1 1 1 1 1 1 1 1 1 1 1 1 1 1 1 16 15 10 12 15 10 12 15 10 12 15 10 12 15 10 12 15 10 12 15 10 12 15 10 12 15 10 12 16 15 10 12 16 1 15 10 100 12 1 1 1 1 100 1 1 1 100 1 1 1 1 100 1 1 100 1 100 1 1
staticfield java/lang/reflect/Field $assertionsDisabled Z 1
ciInstanceKlass java/lang/reflect/Parameter 0 0 253 10 100 12 1 1 1 9 100 12 1 1 1 9 12 1 1 9 12 1 1 9 12 1 10 12 1 1 10 12 1 1 100 1 10 10 12 1 1 11 100 12 1 1 1 10 12 1 10 100 12 1 1 1 10 12 1 1 10 12 1 10 12 1 1 8 1 8 1 10 100 12 1 1 1 10 12 1 10 12 9 100 12 1 1 1 9 100 12 1 1 1 10 12 1 1 10 100 12 1 1 1 10 100 12 1 1 1 10 12 1 8 1 10 12 1 9 12 1 1 10 12 1 1 9 12 1 1 10 12 1 1 10 12 1 1 10 12 1 1 10 12 1 10 10 12 1 10 100 12 1 1 1 10 12 1 1 11 100 12 1 1 10 100 12 1 1 100 1 10 100 12 1 1 1 10 12 1 1 10 12 1 1 10 12 1 1 10 12 1 1 9 12 1 100 1 10 11 12 1 11 12 1 1 100 1 1 1 1 1 1 1 1 1 1 1 1 1 1 1 1 1 1 1 1 1 1 1 1 1 1 1 1 1 1 1 1 1 1 1 1 1 1 1 100 1 1 1 1 1 100 1 1
ciInstanceKlass java/lang/reflect/RecordComponent 0 0 196 10 100 12 1 1 1 9 100 12 1 1 1 9 12 1 1 9 12 1 10 12 1 1 10 12 1 1 10 100 12 1 1 1 10 12 1 1 9 12 1 1 10 12 1 1 10 12 1 1 10 12 1 10 100 12 1 1 10 100 12 1 1 9 12 1 1 10 100 12 1 1 1 11 100 12 1 1 1 10 9 100 12 1 1 1 10 100 12 1 1 1 9 12 1 1 10 100 12 1 1 1 10 12 1 1 11 100 12 1 1 10 100 12 1 1 100 1 9 12 1 9 12 1 1 9 12 1 10 100 12 1 1 1 10 12 1 1 10 12 1 1 100 1 10 10 12 1 10 12 1 1 8 1 10 12 1 10 12 1 9 12 1 100 1 1 1 1 1 1 1 1 1 1 1 1 1 1 1 1 1 1 1 1 1 1 100 1 1 1 1 1 1 100 1 1
ciInstanceKlass java/lang/StringBuffer 1 1 487 10 7 12 1 1 1 10 12 1 10 12 1 10 12 1 1 9 7 12 1 1 1 10 12 1 1 10 12 1 10 12 1 1 9 12 1 1 10 12 1 10 12 1 1 10 12 1 1 10 12 1 10 12 1 1 10 12 1 10 12 1 1 10 12 1 1 10 7 12 1 1 1 10 12 1 1 10 12 1 10 12 1 10 12 1 10 12 1 10 12 1 10 12 1 10 12 1 10 12 1 10 12 1 10 12 1 10 12 1 10 12 1 10 12 1 10 12 1 1 10 12 1 10 12 1 1 10 12 1 1 10 10 12 1 1 10 12 1 10 12 1 10 12 1 10 12 1 10 12 1 10 12 1 10 12 10 12 1 10 12 1 10 12 1 10 12 1 1 10 12 1 10 12 1 10 10 12 1 1 10 12 1 10 12 1 10 12 1 8 1 10 12 1 10 10 100 12 1 1 1 10 10 12 1 1 9 12 1 1 10 100 12 1 1 10 100 1 8 10 100 12 1 1 1 8 10 12 1 8 1 10 12 1 10 12 1 10 100 12 1 1 1 10 100 12 1 1 1 7 1 10 12 100 1 8 1 10 10 12 1 1 10 12 1 1 10 12 1 10 12 1 10 12 1 1 10 12 1 10 12 1 10 12 1 10 12 1 10 12 1 10 12 10 12 1 10 12 1 10 12 1 10 12 1 10 12 1 10 12 1 10 12 1 10 12 1 10 12 1 10 12 1 10 12 10 12 10 12 1 10 12 1 10 12 1 10 12 10 12 1 10 12 1 10 12 1 10 12 1 10 12 1 10 12 1 10 12 1 10 12 1 10 12 1 10 12 1 10 12 1 7 1 10 12 1 9 7 12 1 1 1 9 7 1 9 12 1 1 100 1 100 1 100 1 100 1 1 1 1 5 0 1 1 1 1 1 1 1 1 1 1 1 1 1 1 1 1 1 1 1 1 1 1 1 1 1 1 1 1 1 1 1 1 1 1 1 1 1 1 1 1 1 1 1 1 1 1 1 1 1 1 1 1 1 1 1 1 1 1 1 1 100 1 1 1 1 1 100 1 1 1 1 1 1 1 1 1 1 1 1 1 1 1 1 1 1
staticfield java/lang/StringBuffer serialPersistentFields [Ljava/io/ObjectStreamField; 3 [Ljava/io/ObjectStreamField;
instanceKlass java/lang/StringBuilder
instanceKlass java/lang/StringBuffer
ciInstanceKlass java/lang/AbstractStringBuilder 1 1 653 7 1 10 7 12 1 1 1 9 7 12 1 1 1 9 12 1 9 12 1 1 9 12 1 1 10 7 12 1 1 1 10 12 1 1 100 1 3 3 10 12 1 10 12 1 1 10 12 1 1 11 7 1 100 1 100 1 10 8 1 10 12 1 10 12 1 10 12 1 1 10 12 1 10 12 1 9 12 1 10 12 1 9 12 1 1 10 7 12 1 1 1 10 10 12 1 10 12 1 10 12 1 1 9 12 1 100 1 8 1 10 12 1 10 12 1 1 8 1 10 7 12 1 1 1 10 12 1 1 8 1 10 7 12 1 1 1 100 1 8 1 10 100 1 10 12 1 10 12 1 1 10 7 12 1 1 1 10 12 1 1 10 12 1 1 10 12 1 1 10 12 1 1 10 7 12 1 1 1 10 12 1 100 1 10 10 7 12 1 1 1 9 12 1 1 9 12 1 10 12 1 1 10 10 12 1 1 10 12 1 1 10 12 1 1 10 12 1 1 10 12 1 1 10 12 1 1 10 12 1 1 10 12 1 10 10 10 12 1 10 12 1 1 10 8 1 10 12 1 1 10 12 1 10 12 1 10 12 1 10 10 7 12 1 1 1 10 12 1 1 10 12 1 10 12 1 10 12 1 10 12 100 1 9 12 1 1 9 12 1 10 12 1 1 100 1 9 12 1 9 12 10 12 1 10 12 1 1 10 12 1 1 10 12 1 10 12 1 1 10 12 1 10 12 1 1 10 12 1 1 10 10 7 12 1 1 1 10 12 1 10 12 1 10 12 1 1 10 12 1 10 12 1 1 10 12 1 10 12 1 10 12 1 10 12 1 10 12 1 10 12 1 10 12 1 10 12 1 1 10 12 1 10 12 1 10 12 10 12 1 1 18 12 1 1 100 1 10 100 12 1 1 1 18 10 12 1 1 10 12 1 1 10 12 1 10 12 1 10 12 1 1 10 12 1 10 12 1 1 11 12 1 1 10 12 1 10 12 1 1 10 12 1 10 12 1 10 12 1 10 100 1 8 1 10 10 12 1 1 10 100 12 1 1 1 10 12 1 10 12 1 1 100 1 10 12 100 1 10 100 1 10 10 7 12 1 1 100 1 1 1 1 1 1 1 1 1 1 1 100 1 1 1 1 1 1 1 1 1 1 1 1 1 1 1 1 1 1 1 1 1 1 1 1 1 1 1 1 1 1 1 1 1 1 1 1 1 1 1 1 1 1 1 1 1 1 1 1 1 1 1 1 100 1 1 1 1 1 1 1 1 1 1 1 1 1 1 1 1 1 1 1 1 1 1 1 1 1 1 1 1 1 1 1 1 1 1 1 1 1 1 1 1 1 1 1 1 1 1 1 1 1 1 1 1 1 1 1 1 1 100 1 1 1 1 1 1 100 1 1 1 1 1 1 100 1 1 16 1 15 10 12 16 15 10 12 15 10 100 12 1 1 1 1 1 1 1 100 1 100 1 1
staticfield java/lang/AbstractStringBuilder EMPTYVALUE [B 0
staticfield java/lang/AbstractStringBuilder $assertionsDisabled Z 1
ciInstanceKlass java/lang/StringBuilder 1 1 425 10 7 12 1 1 1 10 12 1 10 12 1 10 12 1 1 10 7 12 1 1 1 10 7 12 1 1 1 10 12 1 10 12 1 10 12 1 10 12 1 10 12 1 10 12 1 10 12 1 10 12 1 10 12 1 10 12 1 10 12 1 10 12 1 10 12 1 10 12 1 1 10 12 1 10 12 1 1 10 12 1 1 10 12 1 10 12 1 10 12 1 10 12 1 10 12 1 10 12 1 10 12 1 10 12 10 12 1 10 12 1 10 12 1 10 12 1 1 10 12 1 10 12 1 10 12 10 12 1 1 10 12 1 10 12 1 10 12 1 1 8 1 10 12 1 10 100 12 1 1 1 9 12 1 1 10 12 1 10 12 1 10 12 1 1 9 12 1 1 10 100 12 1 1 1 10 100 1 10 12 1 1 10 100 12 1 1 10 12 1 10 12 1 1 100 1 100 1 8 1 10 10 12 1 1 10 12 1 10 12 1 10 12 1 1 10 12 1 10 12 1 10 12 1 10 12 1 10 12 1 10 12 10 12 1 10 12 1 10 12 1 10 12 1 10 12 1 10 12 1 10 12 1 10 12 1 10 12 1 1 10 12 1 1 10 12 1 10 12 1 10 12 1 10 12 10 12 10 12 1 10 12 1 10 12 1 10 12 10 12 1 10 12 1 10 12 1 10 12 1 10 12 1 10 12 1 10 12 1 10 12 1 10 12 1 1 10 12 1 10 12 1 1 10 12 1 10 12 1 1 10 12 1 10 12 1 1 10 12 1 10 12 1 10 12 1 10 10 10 12 1 100 1 100 1 100 1 100 1 1 1 1 5 0 1 1 1 1 1 1 1 1 1 1 1 1 1 1 1 1 1 1 1 1 1 1 1 1 1 1 1 1 1 1 1 1 1 1 1 1 1 1 1 1 1 1 1 1 100 1 1 1 100 1 1 1 1 1 1 1 1 1 1 1
ciInstanceKlass java/security/CodeSource 1 1 396 10 7 12 1 1 1 9 7 12 1 1 1 9 12 1 1 9 12 1 1 9 12 1 1 10 7 12 1 1 1 9 12 1 1 10 100 12 1 1 10 100 10 100 12 1 1 1 10 12 1 1 10 12 1 1 100 1 10 10 100 12 1 1 1 10 100 12 1 1 1 10 12 1 1 100 1 10 12 1 1 10 12 1 1 10 12 1 1 10 12 1 10 10 100 1 10 12 1 1 10 100 12 1 1 1 10 12 1 1 10 12 1 10 12 1 8 1 10 12 1 10 12 1 10 12 1 1 10 12 1 8 1 10 12 1 1 10 100 1 10 10 12 1 1 8 1 10 12 1 10 12 1 10 12 1 8 1 8 1 9 12 1 1 100 1 8 1 10 12 1 10 12 1 1 8 1 10 12 1 8 1 8 1 8 1 10 100 12 1 1 10 12 1 1 10 12 1 10 12 1 1 10 12 1 1 10 12 1 1 100 1 100 1 10 12 1 10 12 10 12 1 1 10 100 12 1 1 10 12 1 100 1 10 12 10 100 12 1 1 1 10 8 1 10 12 1 10 12 1 1 100 1 10 12 1 1 100 1 100 1 8 1 8 1 10 10 12 1 1 10 100 12 1 1 1 100 1 10 12 10 12 1 1 11 100 12 1 1 10 10 12 1 11 10 12 1 8 1 100 1 10 12 1 10 12 1 1 10 12 1 11 12 1 1 100 1 1 1 1 5 0 1 1 1 1 1 1 1 1 1 1 1 1 1 1 1 1 1 1 1 1 1 1 1 1 1 1 1 1 1 1 1 1 1 1 1 1 1 1 1 1 1 1 1 1 1 1 1 1 1 1 1 1 1 1 1 1 1 1 1 1 1 1 1 1 1 1 100 1 1 1 1 1 1 1
ciInstanceKlass java/security/ProtectionDomain 1 1 141 10 7 12 1 1 1 9 7 12 1 1 1 9 12 1 1 9 12 1 1 10 7 12 1 1 7 1 9 12 1 9 12 1 1 7 1 9 12 1 1 9 12 1 10 100 12 1 1 10 100 12 1 1 1 10 12 1 1 10 12 1 8 1 100 1 8 1 10 12 1 10 11 12 1 1 10 100 12 1 1 1 10 12 1 1 8 1 11 8 1 10 12 1 8 1 8 1 8 1 10 12 1 8 1 8 1 1 1 1 1 1 1 1 100 1 1 100 1 1 1 1 1 1 1 1 1 1 1 1 1 1 1 1 1 1 1 100 1 1 1
instanceKlass java/net/URLClassLoader
instanceKlass jdk/internal/loader/BuiltinClassLoader
ciInstanceKlass java/security/SecureClassLoader 1 1 171 10 7 12 1 1 1 7 1 10 12 1 9 7 12 1 1 1 10 12 1 10 12 1 10 12 1 1 10 12 1 1 10 12 1 7 1 10 7 1 10 12 1 7 1 10 12 1 11 7 12 1 1 1 7 1 10 100 12 1 1 1 11 12 1 1 11 100 12 1 1 1 11 100 12 1 1 11 12 1 1 9 12 1 1 10 100 12 1 1 1 11 12 1 1 8 1 10 100 12 1 1 1 9 12 1 1 100 1 10 8 1 10 12 1 1 10 12 1 8 1 10 12 1 1 10 100 12 1 1 1 11 12 1 10 12 1 1 1 1 1 1 1 1 1 1 1 1 1 1 1 1 1 1 1 1 1 1 1 1 1 1 1 1 1 1 1 1 1 1 1
ciInstanceKlass java/net/URL 1 1 772 10 7 12 1 1 1 10 12 1 10 7 12 1 1 9 12 1 1 9 12 1 10 12 1 1 9 12 1 1 10 7 12 1 1 1 8 1 10 12 1 1 100 1 10 10 12 1 1 8 1 10 12 1 1 9 12 1 100 1 8 1 10 12 1 10 12 1 8 1 9 12 1 10 12 1 1 9 12 1 10 12 1 10 12 1 9 12 1 9 12 1 8 1 9 12 1 10 12 1 1 8 1 9 12 1 1 10 12 1 1 10 7 12 1 1 1 8 1 10 12 1 7 1 10 12 1 10 12 1 10 12 1 10 12 1 1 10 12 1 1 8 1 10 12 1 1 10 12 1 8 1 9 12 1 8 1 10 12 1 10 7 12 1 1 1 100 1 10 12 1 10 12 1 1 10 7 12 1 1 1 100 1 8 1 10 10 12 1 8 1 10 12 1 1 10 12 1 10 12 1 10 12 1 10 12 1 10 12 1 10 12 1 8 1 10 12 1 8 1 10 10 100 1 10 10 12 1 8 1 10 7 12 1 1 1 10 12 1 9 12 1 1 10 12 1 10 100 12 1 1 1 100 1 10 12 1 10 12 1 10 12 1 10 12 1 10 12 1 10 12 10 10 12 1 8 1 100 1 10 100 12 1 1 1 10 12 1 1 10 12 1 10 12 1 1 8 1 9 100 12 1 1 1 10 100 12 1 1 1 10 12 1 10 12 1 10 7 12 1 1 1 10 12 1 1 10 12 1 9 12 1 1 9 12 1 1 100 1 8 1 10 9 12 1 1 10 7 12 1 1 8 1 10 7 12 1 1 8 1 10 12 1 1 10 12 1 8 1 8 1 10 7 12 1 1 1 100 1 10 7 12 1 1 1 10 12 1 10 12 1 9 12 1 1 10 7 12 1 1 8 1 10 7 12 1 1 1 10 12 1 1 18 12 1 1 10 7 12 1 1 8 9 7 12 1 1 1 10 12 1 1 10 12 1 10 12 1 1 10 7 12 1 1 11 7 12 1 1 10 12 1 10 12 1 9 12 1 10 12 1 1 10 100 12 1 1 10 100 12 1 1 1 8 10 100 12 1 1 100 1 10 8 8 10 12 1 8 8 8 100 1 10 12 1 9 12 1 1 10 12 1 10 12 1 1 10 12 1 10 12 10 12 1 1 10 12 1 1 10 10 10 12 1 10 12 1 10 12 1 10 12 1 10 12 1 10 10 12 1 100 1 8 1 10 10 10 12 1 1 10 12 1 10 12 1 1 8 1 7 1 10 7 12 1 1 1 10 12 1 1 11 7 12 1 1 11 12 1 10 7 1 10 10 12 1 10 7 1 10 12 1 9 7 12 1 1 1 9 12 1 1 7 1 10 10 7 12 1 1 1 100 1 1 1 1 1 5 0 1 1 1 1 1 1 1 1 1 1 1 1 1 1 1 1 1 1 1 1 1 1 1 1 1 1 1 1 1 1 1 1 1 1 1 1 1 1 1 1 1 1 1 1 1 1 1 100 1 1 1 1 1 1 1 1 1 1 1 1 1 1 1 1 1 1 1 1 1 1 1 1 1 1 1 1 1 1 1 1 1 1 1 1 100 1 1 1 1 1 1 1 1 1 1 1 1 1 100 1 1 1 1 1 1 1 1 1 1 1 1 1 1 1 1 1 1 1 1 100 1 1 1 1 1 1 1 16 15 10 12 16 1 15 10 7 12 1 1 1 1 1 1 100 1 1 1 1 100 1 100 1 1
staticfield java/net/URL defaultFactory Ljava/net/URLStreamHandlerFactory; java/net/URL$DefaultFactory
staticfield java/net/URL IN_LOOKUP Ljava/lang/ScopedValue; java/lang/ScopedValue
staticfield java/net/URL handlers Ljava/util/Hashtable; java/util/Hashtable
staticfield java/net/URL streamHandlerLock Ljava/lang/Object; java/lang/Object
staticfield java/net/URL serialPersistentFields [Ljava/io/ObjectStreamField; 7 [Ljava/io/ObjectStreamField;
ciMethod java/net/URL <init> (Ljava/net/URL;Ljava/lang/String;Ljava/net/URLStreamHandler;)V 512 1718 3328 0 -1
ciMethod java/net/URL lowerCaseProtocol (Ljava/lang/String;)Ljava/lang/String; 310 0 386 0 0
ciMethod java/net/URL getURLStreamHandler (Ljava/lang/String;)Ljava/net/URLStreamHandler; 4 0 71 0 0
ciMethod java/net/URL isValidProtocol (Ljava/lang/String;)Z 154 462 137 0 0
ciMethod java/net/URL isOverrideable (Ljava/lang/String;)Z 6 0 3 0 -1
ciMethod java/net/URL lookupViaProviders (Ljava/lang/String;)Ljava/net/URLStreamHandler; 2 0 1 0 -1
ciMethod java/net/URL lookupViaProperty (Ljava/lang/String;)Ljava/net/URLStreamHandler; 2 0 1 0 -1
ciInstanceKlass java/util/jar/Manifest 1 1 320 10 7 12 1 1 1 7 1 10 9 7 12 1 1 1 7 1 10 9 12 1 1 9 12 1 1 10 12 1 10 12 1 1 10 12 1 1 10 12 1 1 10 12 1 1 11 7 1 11 12 1 1 10 12 1 1 10 100 12 1 1 1 100 1 100 1 10 8 1 10 12 1 1 10 12 1 1 10 12 1 10 12 1 11 100 1 10 12 1 10 12 1 1 11 12 1 1 10 12 1 11 12 1 1 11 100 12 1 1 1 11 100 12 1 1 11 12 1 1 100 1 10 12 1 8 1 11 12 1 7 1 10 12 1 1 11 12 1 10 12 1 10 12 1 10 9 7 12 1 1 1 10 12 1 1 10 100 12 1 10 12 1 10 12 1 9 100 12 1 1 1 8 1 10 12 1 8 1 8 1 7 1 10 12 1 10 12 1 10 12 1 1 100 1 8 1 10 12 1 1 8 1 10 10 12 1 1 8 1 10 12 1 1 10 100 12 1 1 1 10 12 1 10 11 12 1 1 10 12 1 1 10 7 12 1 1 1 10 12 1 1 10 12 1 10 12 1 1 11 10 12 1 11 10 12 1 100 1 1 1 1 1 1 1 1 1 1 1 1 1 1 1 1 1 1 1 1 1 1 1 1 1 1 1 1 1 1 1 1 1 1 1 100 1 1 1 1 1 1 1 1 1 1 1 1 1 1 100 1 1 1 1 1 1 1 1 1 1 1
ciInstanceKlass java/io/ByteArrayInputStream 1 1 135 10 7 12 1 1 1 9 7 12 1 1 1 9 12 1 1 9 12 1 9 12 1 10 7 12 1 1 1 10 7 12 1 1 1 10 7 12 1 1 1 10 100 12 1 1 1 10 12 1 1 10 7 12 1 1 1 7 1 100 1 100 1 3 10 7 1 10 7 12 1 1 1 9 12 1 1 100 1 10 10 7 12 1 1 1 1 1 1 1 1 1 1 1 1 1 1 1 1 1 1 1 1 1 1 1 1 1 1 1 1 1 1 1 1 1 1 1 100 1 100 1 1 1 1 1 1 1 1 1 1 1 1 1 1
staticfield java/io/ByteArrayInputStream $assertionsDisabled Z 1
instanceKlass java/nio/CharBuffer
instanceKlass java/nio/IntBuffer
instanceKlass java/nio/LongBuffer
instanceKlass java/nio/ByteBuffer
ciInstanceKlass java/nio/Buffer 1 1 259 100 1 10 7 12 1 1 1 9 7 12 1 1 1 9 12 1 9 12 1 1 9 12 1 9 12 1 1 10 12 1 1 10 12 1 1 10 12 100 1 100 1 10 8 1 10 12 1 1 10 12 1 8 1 8 1 10 12 1 1 10 12 1 8 1 9 12 1 1 100 1 8 1 10 12 1 8 1 8 1 9 12 10 12 1 8 1 8 1 8 1 10 12 1 8 1 8 1 8 1 100 1 10 100 1 10 100 1 10 9 12 1 1 10 7 12 1 1 1 100 1 10 12 1 1 10 12 1 10 100 12 1 1 10 7 12 1 1 1 10 7 12 1 1 1 9 12 1 1 10 7 12 1 1 1 9 12 1 1 7 1 10 10 12 1 1 7 1 10 10 7 12 1 1 1 1 1 3 1 1 1 1 1 1 1 1 1 1 1 1 1 1 100 1 1 1 1 1 1 1 100 1 1 1 1 1 1 1 1 1 1 1 1 1 1 1 1 1 1 1 1 1 1 1 1 1 1 1 1 1 1 1 1 1 1 1 1 1 1 1 1 1 1 100 1 100 1 100 1 100 1 100 1 100 1 100 1 1
staticfield java/nio/Buffer UNSAFE Ljdk/internal/misc/Unsafe; jdk/internal/misc/Unsafe
staticfield java/nio/Buffer SCOPED_MEMORY_ACCESS Ljdk/internal/misc/ScopedMemoryAccess; jdk/internal/misc/ScopedMemoryAccess
staticfield java/nio/Buffer IOOBE_FORMATTER Ljava/util/function/BiFunction; jdk/internal/util/Preconditions$4
staticfield java/nio/Buffer $assertionsDisabled Z 1
ciInstanceKlass jdk/internal/util/Preconditions 1 1 194 10 100 12 1 1 1 11 100 12 1 1 1 11 100 12 1 1 1 100 1 100 1 10 7 12 1 1 1 10 12 1 8 1 100 1 10 100 12 1 1 1 10 12 1 1 8 1 8 1 10 100 12 1 1 7 1 10 12 1 8 1 10 100 12 1 1 1 8 1 10 12 1 1 10 12 1 1 11 12 1 8 1 8 1 11 12 1 1 8 1 8 1 8 1 10 12 1 1 10 12 1 1 10 12 1 10 12 1 10 12 1 10 12 7 1 10 10 12 1 1 9 12 1 1 7 1 10 9 12 1 7 1 10 9 12 1 1 1 1 1 1 1 1 1 1 1 1 1 1 1 1 1 1 1 1 1 1 1 1 1 1 1 1 1 1 1 1 1 1 1 1 1 1 1 1 1 1 1 1 1 1 1 1 1 1 1 1 1 1 1 1 1 1
staticfield jdk/internal/util/Preconditions SIOOBE_FORMATTER Ljava/util/function/BiFunction; jdk/internal/util/Preconditions$4
staticfield jdk/internal/util/Preconditions AIOOBE_FORMATTER Ljava/util/function/BiFunction; jdk/internal/util/Preconditions$4
staticfield jdk/internal/util/Preconditions IOOBE_FORMATTER Ljava/util/function/BiFunction; jdk/internal/util/Preconditions$4
ciInstanceKlass jdk/internal/util/Preconditions$4 1 1 61 9 7 12 1 1 1 10 7 12 1 1 1 10 100 12 1 1 1 11 100 12 1 1 1 100 1 100 1 100 1 10 12 1 100 1 1 1 1 1 1 1 1 1 1 1 1 1 1 1 1 1 1 1 1 1 12 1 1 1 1
ciInstanceKlass java/util/function/BiFunction 1 1 65 10 100 12 1 1 1 18 12 1 1 11 100 12 1 1 11 100 12 1 100 1 1 1 1 1 1 1 1 1 1 1 1 1 1 1 1 1 1 1 1 1 1 1 1 1 1 1 16 15 11 12 15 10 100 12 1 1 1 1 100 1 100 1 1
ciMethod jdk/internal/util/Preconditions checkIndex (IILjava/util/function/BiFunction;)I 812 0 6902 0 -1
ciInstanceKlass java/lang/AssertionStatusDirectives 1 1 24 10 100 12 1 1 1 100 1 1 1 1 1 1 1 1 1 1 1 1 1 1 1 1
instanceKlass jdk/internal/util/ImmutableBitSetPredicate$SmallImmutableBitSetPredicate
instanceKlass jdk/internal/net/http/Origin
instanceKlass java/net/http/HttpRequestOptionImpl
instanceKlass jdk/internal/net/http/common/DebugLogger$LoggerConfig
instanceKlass jdk/net/UnixDomainPrincipal
instanceKlass sun/nio/fs/WindowsFileSystemProvider$EntryAttributes
instanceKlass jdk/internal/misc/ThreadTracker$ThreadRef
instanceKlass jdk/internal/classfile/impl/AbstractInstruction$SwitchCaseImpl
instanceKlass java/lang/reflect/Executable$ParameterData
instanceKlass java/lang/invoke/StringConcatFactory$InlineHiddenClassStrategy$MethodHandlePair
instanceKlass java/util/Formatter$FixedString
instanceKlass java/text/DecimalFormat$NumericPosition
instanceKlass jdk/internal/classfile/impl/StackCounter$Target
instanceKlass jdk/internal/classfile/impl/StackMapDecoder$StackMapFrameImpl
instanceKlass jdk/internal/classfile/impl/StackMapDecoder$ObjectVerificationTypeInfoImpl
instanceKlass java/lang/reflect/Proxy$ProxyBuilder$ProxyClassContext
instanceKlass java/lang/ClassValue$Version
instanceKlass sun/util/locale/LanguageTag
instanceKlass java/util/stream/Collectors$CollectorImpl
instanceKlass java/lang/invoke/MethodHandles$Lookup$ClassDefiner
instanceKlass jdk/internal/classfile/impl/ClassHierarchyImpl$ClassHierarchyInfoImpl
instanceKlass java/lang/classfile/ClassHierarchyResolver$1Factory
instanceKlass jdk/internal/classfile/impl/RawBytecodeHelper$CodeRange
instanceKlass jdk/internal/classfile/impl/StackMapGenerator$Type
instanceKlass jdk/internal/classfile/impl/Util$1WithCodeMethodHandler
instanceKlass jdk/internal/classfile/impl/DirectCodeBuilder$DeferredLabel
instanceKlass java/lang/invoke/InvokerBytecodeGenerator$ClassData
instanceKlass jdk/internal/classfile/impl/AnnotationImpl
instanceKlass java/security/SecureClassLoader$CodeSourceKey
instanceKlass java/util/zip/ZipFile$EntryPos
instanceKlass sun/nio/fs/WindowsPathParser$Result
instanceKlass jdk/internal/reflect/ReflectionFactory$Config
instanceKlass jdk/internal/foreign/abi/UpcallLinker$CallRegs
instanceKlass jdk/internal/foreign/abi/VMStorage
ciInstanceKlass java/lang/Record 1 1 22 10 7 12 1 1 1 100 1 1 1 1 1 1 1 1 1 1 1 1 1 1
ciInstanceKlass java/util/concurrent/ConcurrentHashMap 1 1 1225 100 1 7 1 10 7 12 1 1 1 10 12 1 1 9 12 1 1 3 10 7 12 1 1 1 3 100 1 10 7 12 1 1 1 100 1 10 100 12 1 1 1 100 1 11 12 1 1 11 12 1 11 12 1 1 9 12 1 1 9 12 1 9 12 1 1 10 7 12 1 1 1 7 1 10 12 1 1 10 12 1 1 10 7 12 1 1 1 4 10 12 1 11 7 12 1 1 10 12 1 10 12 1 1 100 1 10 5 0 10 12 1 9 12 1 10 12 1 1 5 0 10 12 1 10 12 1 9 12 1 1 10 12 1 1 9 12 1 9 12 1 1 10 12 1 1 9 12 1 10 12 1 1 9 12 1 1 10 12 1 1 100 1 10 100 1 10 12 1 10 12 1 1 10 12 1 1 10 12 1 1 10 12 1 10 12 1 1 10 12 1 1 7 1 10 12 1 1 7 1 100 1 8 1 10 12 1 10 12 1 1 10 12 1 1 10 10 12 1 11 12 1 1 11 7 12 1 1 1 11 7 12 1 1 1 11 12 1 7 1 11 12 1 11 12 1 10 12 1 1 10 12 1 1 9 12 1 1 10 7 12 1 1 1 9 10 12 1 1 9 12 1 10 12 1 1 5 0 9 12 1 1 7 1 10 12 1 9 12 1 1 7 1 10 12 1 9 12 1 7 1 10 100 1 10 10 12 1 1 8 1 10 12 1 10 12 1 1 11 100 1 100 1 10 12 1 10 100 12 1 1 1 8 1 10 100 12 1 1 1 8 1 10 12 1 8 1 10 12 1 10 12 1 1 10 100 12 1 1 10 12 1 10 12 1 10 12 1 9 12 1 9 10 12 1 9 12 1 11 100 12 1 1 1 11 7 12 1 1 1 100 1 10 12 11 100 12 1 1 10 11 7 12 1 10 12 1 100 1 10 12 1 100 1 10 10 9 7 12 1 1 1 3 10 100 12 1 1 9 12 1 10 12 1 1 9 12 1 1 9 12 1 10 12 1 1 10 100 12 1 1 9 12 1 9 7 12 1 1 10 12 1 1 10 12 1 3 9 12 1 9 12 1 10 12 1 1 7 1 9 3 100 1 10 12 1 9 12 1 10 12 1 9 12 1 10 12 1 9 12 1 10 100 12 1 1 1 100 10 12 1 100 1 5 0 10 100 12 1 1 100 1 10 12 1 1 10 12 1 10 12 1 100 1 10 12 1 10 100 1 100 1 10 10 12 1 10 100 1 10 12 1 10 100 1 10 12 1 10 100 1 10 12 1 1 100 1 10 12 1 10 10 12 1 100 1 10 12 1 10 10 12 1 100 1 10 12 1 10 100 1 10 12 1 10 100 1 10 12 1 10 100 1 10 12 1 10 100 1 10 12 1 10 100 1 10 12 1 10 100 1 10 12 1 10 100 1 10 12 1 10 100 1 10 10 100 1 10 10 100 1 10 10 100 1 10 12 1 10 100 1 10 12 1 10 100 1 10 12 1 10 100 1 10 12 1 10 100 1 10 12 1 10 100 1 10 10 100 1 10 10 100 1 10 10 100 1 10 12 1 10 100 1 10 12 1 10 100 1 10 12 1 10 100 1 10 12 1 10 100 1 10 12 1 10 10 12 1 10 12 1 7 1 7 1 10 12 1 9 12 1 1 9 12 1 1 10 12 1 1 8 10 12 1 1 8 8 8 8 7 10 12 1 1 10 12 1 1 100 1 8 1 10 7 1 100 1 100 1 1 1 5 0 1 1 3 1 3 1 1 1 1 3 1 3 1 3 1 1 1 1 1 3 1 3 1 3 1 1 1 1 1 1 1 1 1 1 1 1 1 1 1 1 1 1 1 1 1 1 1 1 1 1 1 1 100 1 1 1 1 1 1 1 1 1 1 1 1 1 1 1 1 1 1 1 1 1 1 1 1 1 1 1 1 1 1 1 1 1 1 1 1 1 1 1 1 1 1 1 1 1 1 1 1 1 1 1 1 1 1 1 1 1 1 1 1 1 1 1 1 1 1 1 1 1 1 1 1 1 1 1 100 1 1 1 1 1 1 1 1 1 1 100 1 1 1 1 1 1 1 1 1 1 1 100 1 1 1 1 1 1 1 1 1 1 1 1 1 1 1 1 1 1 1 1 1 1 1 1 1 1 1 1 1 1 1 1 1 1 1 1 1 1 1 1 1 1 1 1 1 1 1 1 1 1 1 1 1 1 1 1 1 1 1 1 1 1 1 1 1 1 1 1 1 1 1 1 1 1 1 1 1 1 1 1 1 1 1 1 1 1 1 1 1 1 1 1 1 1 1 1 1 1 1 1 1 1 1 1 1 1 1 1 1 1 1 1 1 1 1 1 1 1 1 1 1 1 1 1 1 1 1 1 1 1 1 1 1 1 1 1 1 1 1 1 1 1 1 1 1 1 1 1 1 1 1 1 1 1 1 1 1 1 1 1 1 1 1 1 1 1 1 1 1 1 1 1 1 1 1 1 1 1 1 1 1 1 1 1 1 1 1 1 1 1 1 1 1 1 1 1 1 1 1 1 1 1 1 1 1 1 1 1 1 1 1 1 1 1 1 1 1 1 1 1 1 1 1 1 100 1 100 1 100 1 100 1 100 1 100 1 100 1 100 1 100 1 1 1 1 1 1 1 1 1 1 1 1 1 1 1 1 1 1 1 1 1 1 1 1 1 1 1 1 1 1 1 1 1 1 1 1 1 1 1 1 1 1 1 1 1 1 1 1 1 1 1 1 1 1 1 1 1 1
staticfield java/util/concurrent/ConcurrentHashMap serialPersistentFields [Ljava/io/ObjectStreamField; 3 [Ljava/io/ObjectStreamField;
staticfield java/util/concurrent/ConcurrentHashMap U Ljdk/internal/misc/Unsafe; jdk/internal/misc/Unsafe
staticfield java/util/concurrent/ConcurrentHashMap SIZECTL J 44
staticfield java/util/concurrent/ConcurrentHashMap TRANSFERINDEX J 56
staticfield java/util/concurrent/ConcurrentHashMap BASECOUNT J 48
staticfield java/util/concurrent/ConcurrentHashMap CELLSBUSY J 60
staticfield java/util/concurrent/ConcurrentHashMap CELLVALUE J 144
staticfield java/util/concurrent/ConcurrentHashMap ABASE J 16
staticfield java/util/concurrent/ConcurrentHashMap ASHIFT I 2
instanceKlass java/util/concurrent/ConcurrentSkipListMap
instanceKlass org/apache/maven/surefire/util/internal/ImmutableMap
instanceKlass java/util/TreeMap
instanceKlass java/util/Collections$SingletonMap
instanceKlass java/util/EnumMap
instanceKlass java/util/IdentityHashMap
instanceKlass java/util/WeakHashMap
instanceKlass java/util/Collections$EmptyMap
instanceKlass sun/util/PreHashedMap
instanceKlass java/util/HashMap
instanceKlass java/util/ImmutableCollections$AbstractImmutableMap
instanceKlass java/util/concurrent/ConcurrentHashMap
ciInstanceKlass java/util/AbstractMap 1 1 200 10 7 12 1 1 1 10 7 12 1 1 1 11 7 12 1 1 1 10 11 12 1 1 11 7 12 1 1 1 11 12 1 1 7 1 11 12 1 10 12 1 1 11 12 1 100 1 10 11 12 1 11 7 1 10 12 1 1 11 12 1 9 12 1 1 7 1 10 12 1 9 12 1 1 100 1 10 11 11 12 1 1 11 12 1 100 1 100 1 11 12 1 8 1 100 1 10 10 12 1 1 8 1 10 12 1 10 12 1 1 10 12 1 1 1 1 1 1 1 1 1 1 1 1 1 1 1 1 1 1 1 1 1 1 1 1 1 1 1 1 1 1 1 1 1 1 1 1 1 1 1 1 100 1 1 1 1 1 1 1 100 1 1 1 1 1 1 1 1 1 7 1 1 1 1 1 1 1 1 1 1 1 100 1 100 1 100 1 100 1 100 1 1 1 1 1 1 1 1
ciInstanceKlass java/util/concurrent/ConcurrentMap 1 1 201 11 100 12 1 1 1 10 100 12 1 1 11 12 1 1 11 100 12 1 1 1 11 100 12 1 1 1 11 12 1 1 100 1 11 12 1 11 12 1 100 1 11 100 12 1 1 1 18 12 1 11 12 1 1 11 100 12 1 1 11 12 1 1 11 100 12 1 11 12 1 1 11 12 1 1 100 1 100 1 1 1 1 1 1 1 1 1 1 1 1 1 1 1 1 1 1 1 1 1 1 1 1 1 1 1 1 1 1 1 1 1 1 1 1 1 1 1 1 1 1 1 1 1 1 1 1 1 1 1 1 1 1 1 1 1 1 1 1 16 15 11 12 15 10 100 12 1 1 1 1 1 100 1 100 1 1 1 100 1 8 1 1 12 10 1 8 1 1 1 8 1 1 8 1 1 1 8 1 1 1 8 1 1 8 1 8 1 8 1 1 1 8 1 1 8 1 1 1 8 1
ciInstanceKlass java/util/Collection 1 1 115 11 100 12 1 1 1 100 1 11 7 12 1 1 1 10 7 12 1 1 1 11 12 1 1 11 7 12 1 1 1 11 12 1 1 11 7 12 1 1 1 11 12 1 1 10 100 12 1 1 1 11 12 1 10 7 12 1 1 1 100 1 100 1 1 1 1 1 1 1 1 1 1 1 1 1 1 1 1 1 1 1 1 1 1 1 1 1 1 1 1 1 1 1 1 1 1 1 1 1 1 1 1 1 1 1 1 1 1 1 1 1 1 1 1
instanceKlass jdk/internal/loader/ClassLoaders$BootClassLoader
instanceKlass jdk/internal/loader/ClassLoaders$PlatformClassLoader
instanceKlass jdk/internal/loader/ClassLoaders$AppClassLoader
ciInstanceKlass jdk/internal/loader/BuiltinClassLoader 1 1 652 9 7 12 1 1 1 10 7 12 1 1 1 10 7 12 1 1 1 9 12 1 1 9 12 1 1 7 1 10 12 1 9 12 1 10 12 1 9 12 1 10 7 12 1 1 1 10 7 12 1 1 1 10 100 12 1 1 1 11 7 12 1 1 1 100 1 100 1 10 10 12 1 1 8 1 10 12 1 10 12 7 1 10 12 1 10 12 1 1 11 100 12 1 1 1 11 7 12 1 1 1 11 12 1 1 7 1 8 1 8 1 10 9 12 1 1 10 7 12 1 1 11 12 1 1 10 12 1 1 10 12 1 1 10 12 1 1 11 7 12 1 1 1 10 7 12 1 1 7 1 10 7 12 1 1 1 10 7 12 1 1 1 10 12 1 10 12 1 100 1 8 1 10 12 1 1 10 8 1 10 12 1 1 10 12 1 1 10 12 1 1 11 7 12 1 1 11 12 1 7 1 10 11 12 1 1 11 10 12 1 1 7 1 10 12 1 10 7 12 1 10 12 1 11 12 1 1 11 7 1 11 12 1 7 1 10 12 1 1 100 1 100 1 11 12 1 1 10 12 1 10 12 10 12 1 10 7 12 1 1 1 7 1 10 10 12 1 1 10 12 1 1 10 12 1 1 10 12 1 9 12 1 1 100 1 10 10 12 1 1 10 12 1 1 10 12 1 10 12 10 12 1 1 10 12 1 1 10 12 1 1 10 12 1 10 12 1 1 10 12 1 1 10 12 1 10 12 1 1 10 12 1 7 1 10 12 10 7 12 1 1 1 10 12 1 11 12 1 7 1 10 12 1 7 1 100 1 10 12 1 10 12 1 11 12 1 1 10 12 1 1 10 12 1 1 10 12 1 1 10 12 1 1 10 12 1 10 12 1 10 12 1 10 12 1 8 1 10 12 1 1 10 7 12 1 1 10 12 1 100 1 8 1 8 1 10 10 12 1 8 1 8 1 10 7 12 1 1 1 11 7 12 1 1 1 9 7 12 1 1 1 10 7 12 1 1 1 9 12 1 9 12 1 9 12 1 9 12 1 9 12 1 9 12 1 10 7 12 1 1 1 8 1 10 12 1 7 1 10 11 12 1 1 10 12 10 12 1 10 12 1 100 1 10 12 1 10 12 1 11 11 12 1 10 7 12 1 1 10 7 12 1 1 8 1 10 7 12 1 1 10 12 1 1 1 1 1 1 1 1 1 1 1 1 1 1 1 1 1 1 1 1 1 1 1 1 1 1 1 1 1 1 1 1 1 1 1 1 1 1 1 1 1 1 1 1 1 1 1 1 1 1 1 1 1 1 1 100 1 1 1 1 1 1 1 1 1 1 1 1 1 100 1 100 1 1 1 1 1 1 1 1 1 1 1 1 1 1 1 1 1 1 1 1 1 1 1 1 1 1 1 1 1 1 1 1 1 1 1 1 1 1 1 1 1 1 1 1 1 1 1 100 1 1 1 100 1 1 1 1 1
staticfield jdk/internal/loader/BuiltinClassLoader packageToModule Ljava/util/Map; java/util/concurrent/ConcurrentHashMap
staticfield jdk/internal/loader/BuiltinClassLoader $assertionsDisabled Z 1
ciInstanceKlass jdk/internal/loader/ClassLoaders$AppClassLoader 1 1 57 8 1 10 7 12 1 1 1 10 100 12 1 1 1 10 12 1 1 10 7 12 1 1 1 100 1 10 12 1 1 1 1 1 1 1 1 1 1 1 1 1 1 1 1 1 1 1 1 1 1 1 1 100 1 1 1
ciInstanceKlass jdk/internal/loader/ClassLoaders$PlatformClassLoader 1 1 42 8 1 10 7 12 1 1 1 10 7 12 1 1 1 100 1 10 12 1 100 1 1 1 1 1 1 1 1 1 1 1 1 1 1 100 1 1 1 100 1 1
ciInstanceKlass java/lang/ArithmeticException 1 1 26 10 100 12 1 1 1 10 12 1 100 1 1 1 1 5 0 1 1 1 1 1 1 1 1 1
instanceKlass java/lang/CloneNotSupportedException
instanceKlass jdk/internal/net/quic/QuicTransportException
instanceKlass sun/security/pkcs11/wrapper/PKCS11Exception
instanceKlass org/openqa/selenium/net/UrlChecker$TimeoutException
instanceKlass org/apache/hc/core5/http/HttpException
instanceKlass java/util/concurrent/TimeoutException
instanceKlass java/security/PrivilegedActionException
instanceKlass sun/nio/fs/WindowsException
instanceKlass java/security/GeneralSecurityException
instanceKlass java/net/URISyntaxException
instanceKlass java/util/concurrent/ExecutionException
instanceKlass org/testng/internal/thread/ThreadTimeoutException
instanceKlass org/testng/internal/thread/ThreadExecutionException
instanceKlass org/apache/maven/surefire/booter/SurefireExecutionException
instanceKlass java/io/IOException
instanceKlass org/apache/maven/surefire/testset/TestSetFailedException
instanceKlass java/lang/InterruptedException
instanceKlass java/lang/ReflectiveOperationException
instanceKlass java/lang/RuntimeException
ciInstanceKlass java/lang/Exception 1 1 40 10 7 12 1 1 1 10 12 1 10 12 1 10 12 1 10 12 1 100 1 1 1 1 5 0 1 1 1 1 1 1 1 1 1 1 1 1 1 1
instanceKlass jdk/internal/net/http/websocket/FailWebSocketException
instanceKlass jdk/internal/net/http/websocket/CheckFailedException
instanceKlass java/time/DateTimeException
instanceKlass java/nio/BufferUnderflowException
instanceKlass java/util/concurrent/RejectedExecutionException
instanceKlass java/security/ProviderException
instanceKlass java/util/concurrent/CompletionException
instanceKlass java/lang/MatchException
instanceKlass dev/failsafe/FailsafeException
instanceKlass java/io/UncheckedIOException
instanceKlass org/brotli/dec/BrotliRuntimeException
instanceKlass java/util/concurrent/StructureViolationException
instanceKlass java/nio/file/FileSystemAlreadyExistsException
instanceKlass java/nio/file/FileSystemNotFoundException
instanceKlass org/openqa/selenium/WebDriverException
instanceKlass io/github/bonigarcia/wdm/config/WebDriverManagerException
instanceKlass org/testng/internal/TestListenerHelper$ListenerInvocationException
instanceKlass java/lang/reflect/UndeclaredThrowableException
instanceKlass java/lang/TypeNotPresentException
instanceKlass org/testng/SkipException
instanceKlass com/beust/jcommander/ParameterException
instanceKlass org/testng/TestNGException
instanceKlass org/apache/maven/surefire/report/ReporterException
instanceKlass java/lang/UnsupportedOperationException
instanceKlass java/util/NoSuchElementException
instanceKlass org/apache/maven/surefire/util/SurefireReflectionException
instanceKlass java/lang/IllegalStateException
instanceKlass java/lang/SecurityException
instanceKlass java/lang/IllegalArgumentException
instanceKlass java/lang/IndexOutOfBoundsException
instanceKlass java/lang/ArithmeticException
instanceKlass java/lang/NullPointerException
instanceKlass jdk/internal/vm/PreemptedException
instanceKlass java/lang/IllegalCallerException
instanceKlass java/lang/IllegalMonitorStateException
instanceKlass java/lang/ArrayStoreException
instanceKlass java/lang/ClassCastException
ciInstanceKlass java/lang/RuntimeException 1 1 40 10 7 12 1 1 1 10 12 1 10 12 1 10 12 1 10 12 1 100 1 1 1 1 5 0 1 1 1 1 1 1 1 1 1 1 1 1 1 1
ciInstanceKlass java/lang/ArrayIndexOutOfBoundsException 1 1 45 10 100 12 1 1 1 10 12 1 100 1 10 8 1 10 12 1 1 10 12 1 10 12 1 1 100 1 1 1 1 5 0 1 1 1 1 1 1 1 1 1 1 1 1
ciInstanceKlass java/lang/ArrayStoreException 1 1 26 10 100 12 1 1 1 10 12 1 100 1 1 1 1 5 0 1 1 1 1 1 1 1 1 1
ciInstanceKlass java/lang/ClassCastException 1 1 26 10 100 12 1 1 1 10 12 1 100 1 1 1 1 5 0 1 1 1 1 1 1 1 1 1
ciInstanceKlass java/lang/ClassNotFoundException 1 1 96 7 1 10 7 12 1 1 1 10 12 1 10 12 1 1 10 100 12 1 1 1 8 1 10 100 12 1 1 1 10 7 12 1 1 10 100 12 1 1 1 10 100 12 1 1 1 10 12 1 1 7 1 10 12 1 9 12 1 1 1 1 1 5 0 1 1 1 1 1 1 1 1 1 1 1 1 1 1 1 1 1 1 100 1 1 1 1 1 1 1 1 1 1 1 1
staticfield java/lang/ClassNotFoundException serialPersistentFields [Ljava/io/ObjectStreamField; 1 [Ljava/io/ObjectStreamField;
instanceKlass java/lang/IllegalAccessException
instanceKlass java/lang/InstantiationException
instanceKlass java/lang/NoSuchMethodException
instanceKlass java/lang/NoSuchFieldException
instanceKlass java/lang/reflect/InvocationTargetException
instanceKlass java/lang/ClassNotFoundException
ciInstanceKlass java/lang/ReflectiveOperationException 1 1 34 10 7 12 1 1 1 10 12 1 10 12 1 10 12 1 100 1 1 1 1 5 0 1 1 1 1 1 1 1 1 1 1 1
ciInstanceKlass java/lang/IllegalCallerException 0 0 35 10 100 12 1 1 1 10 12 1 10 12 1 10 12 1 100 1 1 1 1 5 0 1 1 1 1 1 1 1 1 1 1 1 1
ciInstanceKlass java/lang/IllegalMonitorStateException 1 1 26 10 100 12 1 1 1 10 12 1 100 1 1 1 1 5 0 1 1 1 1 1 1 1 1 1
ciInstanceKlass java/lang/BootstrapMethodError 0 0 45 10 100 12 1 1 1 10 12 1 10 12 1 10 100 12 1 1 1 10 100 12 1 1 1 1 1 1 5 0 1 1 1 1 1 1 1 1 1 1 1 100 1 1 1
instanceKlass java/lang/AssertionError
instanceKlass java/lang/VirtualMachineError
instanceKlass java/lang/LinkageError
ciInstanceKlass java/lang/Error 1 1 58 10 7 12 1 1 1 9 12 1 1 10 100 12 1 1 1 10 100 12 1 1 1 10 12 1 10 12 1 10 12 1 10 12 1 100 1 1 1 1 5 0 1 1 1 1 1 1 1 1 100 1 1 1 1 1 1 1
instanceKlass java/lang/ExceptionInInitializerError
instanceKlass java/lang/IncompatibleClassChangeError
instanceKlass java/lang/BootstrapMethodError
instanceKlass java/lang/NoClassDefFoundError
ciInstanceKlass java/lang/LinkageError 1 1 31 10 7 12 1 1 1 10 12 1 10 12 1 100 1 1 1 1 5 0 1 1 1 1 1 1 1 1 1 1 1
ciInstanceKlass java/lang/NullPointerException 1 1 52 10 100 12 1 1 1 10 12 1 9 100 12 1 1 1 10 12 1 1 9 12 1 1 10 12 1 1 10 12 1 1 1 1 5 0 1 1 1 1 1 1 1 1 100 1 100 1 100 1 1 1
ciInstanceKlass jdk/internal/vm/PreemptedException 1 1 21 10 100 12 1 1 1 100 1 1 1 1 5 0 1 1 1 1 1 1 1
ciInstanceKlass java/lang/InternalError 1 1 34 10 100 12 1 1 1 10 12 1 10 12 1 10 12 1 100 1 1 1 1 5 0 1 1 1 1 1 1 1 1 1 1 1
instanceKlass java/lang/StackOverflowError
instanceKlass java/lang/OutOfMemoryError
instanceKlass java/lang/InternalError
ciInstanceKlass java/lang/VirtualMachineError 1 1 34 10 100 12 1 1 1 10 12 1 10 12 1 10 12 1 100 1 1 1 1 5 0 1 1 1 1 1 1 1 1 1 1 1
ciInstanceKlass java/lang/NoClassDefFoundError 1 1 26 10 7 12 1 1 1 10 12 1 100 1 1 1 1 5 0 1 1 1 1 1 1 1 1 1
ciInstanceKlass java/lang/OutOfMemoryError 1 1 26 10 100 12 1 1 1 10 12 1 100 1 1 1 1 5 0 1 1 1 1 1 1 1 1 1
ciInstanceKlass java/lang/StackOverflowError 1 1 26 10 100 12 1 1 1 10 12 1 100 1 1 1 1 5 0 1 1 1 1 1 1 1 1 1
ciInstanceKlass java/lang/StackTraceElement 0 0 235 10 100 12 1 1 1 10 100 12 1 1 9 12 1 1 9 12 1 1 9 12 1 9 12 1 8 1 10 100 12 1 1 1 100 1 9 12 1 8 1 9 12 1 9 12 1 9 12 1 1 10 12 1 1 10 12 1 8 1 10 100 12 1 1 1 100 1 10 12 1 10 12 1 1 10 12 1 10 12 1 1 10 12 1 10 12 1 10 10 12 1 8 1 10 12 1 10 12 1 1 10 12 1 1 10 12 1 10 12 1 10 12 1 9 12 1 1 10 100 12 1 1 1 10 12 1 1 100 1 10 12 1 1 10 100 12 1 1 10 100 12 1 1 1 10 100 12 1 1 10 100 12 1 1 10 10 12 1 1 10 12 1 1 10 12 1 1 10 12 1 100 1 1 1 1 1 1 1 3 1 3 1 1 5 0 1 1 1 1 1 1 1 1 1 1 1 1 1 1 1 1 1 1 1 1 1 1 1 1 1 1 1 1 1 100 1 100 1 1 1 1 1 1 1 100 1 1 1 1 1 1 1 1 1
instanceKlass java/util/concurrent/locks/AbstractQueuedLongSynchronizer
instanceKlass java/util/concurrent/locks/AbstractQueuedSynchronizer
ciInstanceKlass java/util/concurrent/locks/AbstractOwnableSynchronizer 1 1 32 10 7 12 1 1 1 9 7 12 1 1 1 100 1 1 1 1 5 0 1 1 1 1 1 1 1 1 1 1 1 1
instanceKlass java/lang/VirtualThread$VThreadContinuation
ciInstanceKlass jdk/internal/vm/Continuation 1 1 548 9 7 12 1 1 1 9 12 1 9 12 1 100 1 100 1 10 12 1 1 8 1 10 12 1 1 10 12 1 10 12 1 1 10 12 1 9 7 12 1 1 1 11 7 12 1 1 1 10 7 1 9 12 1 1 9 12 1 1 10 8 1 10 12 1 9 12 1 1 10 11 12 1 1 100 1 10 100 12 1 1 1 10 12 1 1 10 12 1 10 12 1 1 11 12 1 1 9 12 1 1 10 12 1 1 18 12 1 1 10 100 12 1 1 1 100 1 10 12 1 11 100 12 1 1 1 10 12 1 9 12 1 10 12 1 1 100 1 8 1 10 12 1 10 12 1 1 9 12 1 1 11 12 1 1 9 12 1 1 8 1 10 11 12 1 1 11 12 1 1 10 12 1 1 10 12 1 1 9 12 1 10 12 1 10 10 12 1 8 1 10 12 1 8 1 8 1 10 7 12 1 1 1 10 100 12 1 1 1 10 12 1 9 12 1 11 12 1 100 1 10 12 1 10 12 1 1 9 12 1 1 100 1 10 12 1 1 9 12 1 1 10 12 1 10 12 1 11 7 12 1 1 10 7 1 10 12 1 8 1 10 12 1 1 9 12 1 1 10 7 12 1 1 8 1 8 1 8 1 8 1 10 12 1 1 10 12 1 10 12 1 10 12 1 10 12 1 1 10 12 1 1 8 1 9 12 1 10 12 1 1 9 12 1 1 10 12 1 1 9 12 1 8 1 10 100 12 1 1 1 10 12 1 8 1 100 1 8 1 10 9 12 1 1 8 1 10 100 12 1 1 10 100 12 1 1 8 1 8 1 10 12 10 12 1 1 10 100 1 10 100 12 1 1 1 18 11 100 12 1 1 1 18 12 1 11 12 1 1 100 1 10 7 12 1 1 10 12 1 1 8 10 12 1 1 10 7 12 1 1 1 10 7 12 1 1 10 12 1 8 1 10 12 1 100 1 100 1 10 12 1 1 1 1 1 1 1 1 1 1 1 1 1 1 1 1 1 1 1 1 1 1 1 1 1 1 1 1 1 1 1 1 1 1 1 1 1 1 1 1 1 1 1 1 1 1 1 1 1 1 1 1 1 1 1 1 1 1 1 1 1 1 1 1 1 1 1 1 1 1 1 1 1 1 1 1 100 1 1 16 1 15 10 12 16 15 11 100 12 1 1 1 16 1 16 1 15 10 12 16 15 10 100 12 1 1 1 1 1 1 1 1 100 1 100 1 1
staticfield jdk/internal/vm/Continuation U Ljdk/internal/misc/Unsafe; jdk/internal/misc/Unsafe
staticfield jdk/internal/vm/Continuation MOUNTED_OFFSET J 13
staticfield jdk/internal/vm/Continuation PRESERVE_SCOPED_VALUE_CACHE Z 1
staticfield jdk/internal/vm/Continuation JLA Ljdk/internal/access/JavaLangAccess; java/lang/System$1
staticfield jdk/internal/vm/Continuation $assertionsDisabled Z 1
ciInstanceKlass jdk/internal/misc/UnsafeConstants 1 1 34 10 100 12 1 1 1 9 7 12 1 1 1 9 12 1 9 12 1 1 9 12 1 9 12 1 1 1 1 1 1 1 1 1
staticfield jdk/internal/misc/UnsafeConstants ADDRESS_SIZE0 I 8
staticfield jdk/internal/misc/UnsafeConstants PAGE_SIZE I 4096
staticfield jdk/internal/misc/UnsafeConstants BIG_ENDIAN Z 0
staticfield jdk/internal/misc/UnsafeConstants UNALIGNED_ACCESS Z 1
staticfield jdk/internal/misc/UnsafeConstants DATA_CACHE_LINE_FLUSH_SIZE I 0
ciInstanceKlass java/lang/invoke/MethodHandleImpl 1 1 1422 10 7 12 1 1 1 7 1 10 100 12 1 1 1 10 7 12 1 1 1 100 1 10 8 1 10 12 1 1 10 12 1 10 12 1 1 10 7 12 1 1 1 9 100 12 1 1 1 10 100 12 1 1 1 100 1 10 12 1 1 10 12 1 1 10 12 1 1 10 7 12 1 1 1 9 7 12 1 1 1 10 7 12 1 1 1 100 1 10 9 12 1 1 9 12 1 10 12 1 1 10 12 1 10 12 1 1 10 12 1 1 10 12 1 1 8 1 8 1 10 12 1 1 10 12 1 1 10 12 1 1 10 12 1 1 10 12 1 10 12 1 1 10 7 12 1 1 1 10 12 1 7 1 10 7 12 1 1 1 10 12 1 1 10 12 1 1 11 7 12 1 1 1 11 7 12 1 1 11 12 1 1 7 1 11 12 1 10 12 1 1 10 12 1 1 11 12 1 10 7 12 1 1 10 12 1 1 10 7 12 1 1 10 12 1 10 12 1 1 10 7 12 1 1 1 10 7 12 1 1 1 10 12 1 1 10 12 1 1 9 7 12 1 1 1 10 10 12 1 1 10 12 1 1 10 10 12 1 1 10 12 1 1 10 7 12 1 1 1 10 12 1 1 10 12 1 10 12 1 10 7 12 1 1 1 10 7 12 1 1 1 10 12 1 1 10 12 1 10 12 1 10 12 1 10 12 1 1 10 12 1 10 12 1 1 10 12 1 10 12 1 8 1 100 1 10 12 1 10 12 1 1 10 12 1 10 12 1 1 10 12 1 1 7 1 10 12 1 100 1 8 1 10 12 1 10 100 12 1 1 1 8 1 10 12 1 10 7 12 1 1 1 100 1 9 7 1 10 12 1 1 10 12 1 1 9 12 1 10 12 1 1 10 7 12 1 1 10 12 1 1 10 12 1 1 10 12 1 10 12 1 7 1 10 12 1 1 9 12 1 1 10 12 1 9 7 12 1 1 1 11 7 12 1 1 7 1 9 12 1 7 1 10 12 1 10 12 1 1 7 1 10 12 1 1 10 12 1 1 10 7 12 1 1 1 10 12 1 1 10 12 1 10 12 1 1 10 12 1 10 12 1 1 10 12 1 7 1 9 7 12 1 1 1 10 12 1 10 12 1 9 7 12 1 1 1 10 12 1 1 10 12 1 1 10 12 1 10 100 12 1 1 10 100 12 1 1 1 9 12 1 10 12 1 9 12 10 12 1 10 12 1 10 12 1 10 12 1 1 10 12 1 10 12 1 1 10 12 1 10 12 1 1 10 12 1 1 10 12 1 1 10 12 1 10 12 1 10 12 1 1 10 12 1 10 100 12 1 1 10 12 1 10 100 12 1 1 8 1 10 8 1 100 1 10 9 12 1 100 1 10 12 1 8 1 10 10 12 1 10 10 12 1 1 10 12 1 1 10 12 1 10 12 1 100 1 8 1 10 12 1 10 100 12 1 1 1 10 12 1 1 10 12 1 10 12 1 100 1 10 12 1 10 12 1 10 12 1 1 7 1 10 12 1 10 7 12 1 1 10 12 1 9 12 1 10 12 1 1 10 12 1 1 100 1 10 10 12 1 8 1 8 1 9 12 1 8 1 8 1 8 1 9 12 1 10 12 1 1 9 12 1 1 10 12 1 8 1 9 7 1 10 12 1 1 10 12 1 8 1 8 1 8 1 100 1 100 1 8 8 1 8 1 100 1 8 1 100 1 10 12 1 10 12 1 10 12 10 12 1 10 12 1 11 100 12 1 1 1 18 12 1 11 100 12 1 1 1 18 18 12 1 11 12 1 1 10 12 1 1 10 12 1 10 12 1 11 12 1 9 12 1 9 12 10 10 12 1 1 9 12 1 1 11 12 1 1 18 12 1 1 11 12 1 1 11 12 1 1 10 12 1 11 100 1 10 12 1 10 12 1 10 12 1 9 12 1 9 12 10 12 1 10 100 12 1 1 1 10 12 1 10 12 1 1 10 12 1 10 12 9 12 1 1 10 12 1 10 12 1 1 9 12 1 9 12 1 10 12 1 10 12 1 1 10 12 1 100 1 10 12 1 9 12 1 1 11 100 1 9 12 1 9 12 11 12 1 9 12 1 10 12 10 12 1 1 10 12 1 1 9 7 12 1 1 10 12 1 10 12 1 10 12 1 1 100 1 10 12 1 10 12 1 1 100 1 10 12 1 1 10 12 1 1 100 1 10 12 1 1 10 12 1 1 10 12 1 10 12 1 10 12 1 9 12 1 10 12 1 10 12 1 1 9 7 12 1 1 1 8 10 12 1 1 8 1 10 12 1 8 1 8 1 8 1 8 1 8 1 8 1 100 1 8 1 8 1 10 12 1 9 12 1 7 1 10 10 7 12 1 1 1 1 1 1 1 3 1 1 3 1 3 1 3 1 3 1 3 1 3 1 3 1 3 1 1 1 1 1 1 1 1 1 3 1 3 1 1 1 1 1 1 1 1 1 1 1 1 1 1 1 1 1 1 1 1 1 1 1 1 1 1 1 1 1 1 1 1 1 1 1 1 1 1 1 1 1 1 1 1 1 1 1 1 1 1 1 1 1 1 1 1 1 1 1 1 1 1 1 1 1 1 1 1 1 1 1 1 1 1 1 1 1 1 1 1 1 1 1 1 1 1 1 1 1 1 1 1 1 1 1 1 1 1 1 1 1 1 1 100 1 1 1 1 1 1 1 1 1 1 1 1 1 1 1 1 1 1 1 1 1 1 1 1 1 1 1 1 1 1 1 1 1 1 1 1 1 1 1 1 1 1 1 1 1 1 1 1 1 1 1 1 1 1 1 1 1 1 1 1 1 1 1 1 1 1 1 1 1 1 1 1 1 1 1 1 1 1 1 1 1 1 1 1 1 1 1 1 1 1 1 1 1 1 1 1 1 1 1 1 1 1 1 1 1 1 1 1 1 1 1 1 1 1 1 1 1 1 1 1 1 1 1 1 1 1 1 1 1 1 1 1 1 1 1 1 1 1 1 1 1 1 1 1 1 1 1 1 1 1 1 1 1 1 1 1 1 1 1 1 1 1 1 1 1 1 1 1 1 1 100 1 100 1 100 1 100 1 100 1 100 1 100 1 1 16 15 10 12 16 15 16 16 1 15 10 12 16 16 15 10 12 16 15 10 100 12 1 1 1 1 1 1 1 1 1 1 1 1 1 1 1 1 1 1 1 1 1 1 1 1
staticfield java/lang/invoke/MethodHandleImpl ARRAYS [Ljava/lang/invoke/MethodHandle; 256 [Ljava/lang/invoke/MethodHandle;
staticfield java/lang/invoke/MethodHandleImpl NFS [Ljava/lang/invoke/LambdaForm$NamedFunction; 7 [Ljava/lang/invoke/LambdaForm$NamedFunction;
staticfield java/lang/invoke/MethodHandleImpl HANDLES [Ljava/lang/invoke/MethodHandle; 9 [Ljava/lang/invoke/MethodHandle;
staticfield java/lang/invoke/MethodHandleImpl $assertionsDisabled Z 1
instanceKlass java/lang/invoke/DelegatingMethodHandle
instanceKlass java/lang/invoke/BoundMethodHandle
instanceKlass java/lang/invoke/DirectMethodHandle
ciInstanceKlass java/lang/invoke/MethodHandle 1 1 735 100 1 9 7 12 1 1 1 10 7 12 1 1 1 10 7 12 1 1 1 7 1 7 1 10 12 1 1 9 12 1 1 10 12 1 10 12 1 1 10 12 1 1 10 100 12 1 1 1 10 12 1 1 10 12 1 1 11 100 12 1 1 1 10 12 1 1 10 12 1 10 12 1 9 12 1 1 9 12 1 1 10 100 12 1 1 1 10 12 1 10 12 1 1 10 12 1 10 12 1 100 1 100 1 10 8 1 10 12 1 1 10 12 1 8 1 10 12 1 1 10 12 1 10 7 12 1 1 1 10 12 1 1 10 12 1 1 10 12 1 1 10 7 12 1 1 1 10 12 1 1 10 12 1 1 10 12 1 10 12 1 1 10 100 12 1 1 10 7 12 1 1 10 12 1 10 12 1 10 12 1 1 10 12 1 1 10 12 1 1 10 12 1 1 10 7 12 1 1 1 10 100 12 1 1 1 10 12 1 1 10 12 1 1 10 12 1 1 8 1 10 7 12 1 1 1 8 1 10 12 1 10 12 1 1 10 12 1 1 10 12 1 8 1 10 12 1 1 8 1 10 12 1 8 1 10 100 12 1 1 1 9 12 1 1 100 1 10 9 100 12 1 1 1 9 100 1 8 1 10 12 1 1 10 12 1 10 12 1 1 10 12 1 10 12 1 1 10 12 1 10 12 1 1 10 12 1 10 12 1 1 10 12 1 1 8 1 10 12 1 1 8 1 10 12 1 10 12 1 1 10 12 1 10 12 1 10 12 1 1 9 100 12 1 1 1 10 12 1 1 11 12 1 10 12 1 10 12 1 1 10 100 12 1 1 100 1 11 12 1 10 100 1 11 12 1 100 1 10 12 1 11 12 1 9 100 12 1 1 1 11 12 1 1 11 100 12 1 1 1 10 12 1 1 9 12 1 11 12 1 9 12 1 9 12 1 9 12 1 11 12 1 1 9 12 1 9 12 1 9 12 1 9 12 1 9 12 1 9 12 1 9 12 1 8 1 10 12 1 10 12 1 8 1 10 12 1 10 12 1 10 12 1 1 10 10 10 7 12 1 1 10 12 1 1 100 1 100 1 8 1 8 1 10 10 12 1 1 10 12 1 10 12 1 100 1 10 100 12 1 1 1 10 9 7 12 1 1 1 10 12 1 1 10 12 1 1 8 1 8 1 10 100 12 1 1 9 12 1 9 12 1 1 9 12 1 1 10 12 1 100 1 10 12 1 10 12 1 1 9 12 1 1 9 12 1 1 10 7 12 1 1 1 11 7 12 1 1 9 12 1 10 12 1 1 9 12 1 10 12 1 8 10 12 1 1 8 1 1 1 1 1 1 1 1 100 1 1 1 1 1 1 1 1 1 1 1 1 1 1 1 1 1 1 1 1 1 1 1 1 1 1 1 1 1 1 1 1 100 1 1 1 1 1 1 1 1 1 1 1 1 1 1 1 1 1 1 1 1 1 1 1 1 1 1 1 1 1 1 1 1 1 1 1 1 1 1 1 1 1 1 1 1 1 1 1 1 1 1 1 1 1 1 1 1 1 1 1 1 1 1 1 1 1 1 1 1 1 1 1 1 1 1 1 1 1 1 1 1 1 1 1 1 1 1 1 100 1 1 100 1 100 1 100 1 1 100 1 1 100 1 1 1 1
staticfield java/lang/invoke/MethodHandle FORM_OFFSET J 20
staticfield java/lang/invoke/MethodHandle UPDATE_OFFSET J 13
staticfield java/lang/invoke/MethodHandle $assertionsDisabled Z 1
ciInstanceKlass java/lang/invoke/MethodType 1 1 714 7 1 10 7 12 1 1 1 9 12 1 1 9 12 1 1 9 12 1 1 10 7 12 1 1 1 9 7 12 1 1 8 1 10 100 12 1 1 1 9 7 1 9 7 1 10 12 1 1 100 1 10 8 1 10 12 1 1 10 12 1 10 12 1 1 100 1 8 1 10 12 1 100 1 10 10 12 1 10 12 1 1 10 12 1 1 11 7 12 1 1 1 9 12 1 11 12 1 1 7 10 12 1 1 10 12 1 1 7 1 7 1 10 7 12 1 1 1 10 12 1 10 12 1 9 12 1 1 10 7 12 1 1 10 12 1 1 10 7 12 1 1 1 10 7 12 1 1 1 10 12 1 9 12 1 1 10 12 1 1 10 12 1 1 10 12 1 1 10 12 1 1 10 12 1 1 10 12 1 10 12 1 10 12 1 1 10 12 1 8 1 8 1 10 12 1 1 9 12 1 1 100 1 10 10 12 1 1 10 12 1 10 12 1 1 10 12 1 1 10 12 1 10 12 1 10 12 1 8 1 10 12 1 1 10 100 12 1 1 1 10 12 1 10 12 1 1 10 12 1 10 12 1 10 12 1 1 10 12 1 10 12 1 9 12 1 10 12 1 10 10 12 1 1 10 12 1 9 12 1 1 10 12 1 1 11 12 1 1 10 12 1 1 10 12 1 10 12 1 100 1 8 1 8 1 8 1 10 12 1 10 12 1 10 12 1 1 10 10 12 1 11 12 1 1 11 12 1 10 100 12 1 1 1 9 12 1 10 12 1 10 12 1 1 10 12 1 1 10 12 1 10 12 1 10 100 12 1 1 1 10 12 1 1 10 12 1 10 12 1 10 12 1 10 9 12 1 1 7 1 10 12 1 10 100 12 1 1 1 10 12 1 1 10 7 12 1 1 1 11 12 1 1 9 12 1 1 10 12 1 1 10 12 1 10 12 1 1 10 12 1 1 10 100 12 1 1 10 12 1 10 12 100 1 11 100 12 1 1 10 12 1 11 12 1 10 100 12 1 1 10 12 1 1 10 12 1 1 9 12 1 1 9 100 12 1 1 1 10 100 12 1 1 1 9 12 1 10 100 12 1 1 10 12 1 100 10 12 1 10 12 1 1 10 12 1 7 1 10 10 12 1 1 7 1 7 1 9 12 1 1 100 1 100 1 100 1 1 1 5 0 1 1 1 1 1 1 1 3 1 3 1 3 1 1 1 1 1 1 1 1 1 1 1 1 1 1 1 1 1 1 1 1 1 1 1 1 1 1 1 1 1 1 1 1 1 1 1 1 1 1 1 1 1 1 1 1 1 1 1 1 1 1 1 1 1 1 1 1 1 1 1 1 1 1 1 1 1 1 1 1 1 1 1 1 1 1 1 1 1 1 1 1 1 1 1 1 1 1 1 1 1 1 1 1 1 1 1 1 1 1 1 1 1 1 1 1 1 1 1 1 1 1 1 1 1 1 1 1 1 1 1 1 1 1 1 1 1 1 1 100 1 1 100 1 100 1 1 1 1 1 1 1 1 1 1 1 1 1 100 1 1 1 1 100 1 1 1 100 1 1 1 1 1 1 1 1 1 1 1 1 1 1 1 1 1 1 100 1 1 100 1 1
staticfield java/lang/invoke/MethodType internTable Ljdk/internal/util/ReferencedKeySet; jdk/internal/util/ReferencedKeySet
staticfield java/lang/invoke/MethodType NO_PTYPES [Ljava/lang/Class; 0 [Ljava/lang/Class;
staticfield java/lang/invoke/MethodType objectOnlyTypes [Ljava/lang/invoke/MethodType; 20 [Ljava/lang/invoke/MethodType;
staticfield java/lang/invoke/MethodType METHOD_HANDLE_ARRAY [Ljava/lang/Class; 1 [Ljava/lang/Class;
staticfield java/lang/invoke/MethodType serialPersistentFields [Ljava/io/ObjectStreamField; 0 [Ljava/io/ObjectStreamField;
staticfield java/lang/invoke/MethodType $assertionsDisabled Z 1
ciInstanceKlass java/lang/invoke/TypeDescriptor$OfMethod 1 0 43 100 1 100 1 100 1 1 1 1 1 1 1 1 1 1 1 1 1 1 1 1 1 1 1 1 1 1 1 1 1 1 1 1 1 1 1 1 1 1 100 1 1
instanceKlass java/lang/StackStreamFactory$WalkerState
instanceKlass java/lang/StackWalker$ExtendedOption
instanceKlass jdk/internal/net/http/websocket/TransportImpl$ChannelState
instanceKlass jdk/internal/net/http/websocket/WebSocketImpl$State
instanceKlass org/openqa/selenium/Proxy$ProxyType
instanceKlass jdk/internal/icu/util/CodePointTrie$Type
instanceKlass jdk/internal/icu/util/CodePointTrie$ValueWidth
instanceKlass java/net/Authenticator$RequestorType
instanceKlass jdk/internal/net/http/Http1HeaderParser$State
instanceKlass jdk/internal/net/http/Http1Response$State
instanceKlass jdk/internal/net/http/Http1Exchange$State
instanceKlass java/net/http/HttpOption$Http3DiscoveryMode
instanceKlass org/openqa/selenium/remote/http/HttpHeader
instanceKlass org/openqa/selenium/json/JsonInput$Container
instanceKlass org/openqa/selenium/json/JsonType
instanceKlass org/openqa/selenium/json/PropertySetting
instanceKlass org/openqa/selenium/remote/Dialect
instanceKlass org/openqa/selenium/logging/profiler/EventType
instanceKlass sun/net/www/protocol/http/HttpURLConnection$TunnelState
instanceKlass org/openqa/selenium/remote/service/DriverService$StartOrDie
instanceKlass org/openqa/selenium/remote/RemoteWebDriver$When
instanceKlass org/openqa/selenium/remote/ElementLocation$ElementFinder
instanceKlass jdk/internal/net/http/quic/packets/QuicPacket$PacketType
instanceKlass jdk/internal/net/quic/QuicTLSEngine$HandshakeState
instanceKlass jdk/internal/net/quic/QuicTLSEngine$KeySpace
instanceKlass jdk/internal/net/http/quic/QuicTransportParameters$ParameterId
instanceKlass jdk/internal/net/http/http3/Http3Error
instanceKlass jdk/internal/net/quic/QuicVersion
instanceKlass sun/security/ssl/SignatureScheme$SigAlgParamSpec
instanceKlass sun/security/ssl/SignatureScheme
instanceKlass sun/security/ssl/ClientAuthType
instanceKlass sun/security/ssl/SSLHandshake
instanceKlass java/net/http/HttpClient$Version
instanceKlass java/lang/invoke/MethodHandleImpl$ArrayAccess
instanceKlass jdk/internal/net/http/common/Utils$UseVTForSelector
instanceKlass java/net/http/HttpClient$Redirect
instanceKlass org/openqa/selenium/remote/http/HttpMethod
instanceKlass java/net/StandardProtocolFamily
instanceKlass org/openqa/selenium/Platform
instanceKlass org/apache/hc/core5/io/CloseMode
instanceKlass java/nio/file/FileTreeWalker$EventType
instanceKlass java/nio/file/FileVisitOption
instanceKlass java/nio/file/FileVisitResult
instanceKlass java/time/format/TextStyle
instanceKlass java/time/temporal/IsoFields$Unit
instanceKlass java/time/temporal/IsoFields$Field
instanceKlass java/time/format/ResolverStyle
instanceKlass java/time/format/SignStyle
instanceKlass java/time/format/DateTimeFormatterBuilder$SettingsParser
instanceKlass java/time/zone/ZoneOffsetTransitionRule$TimeDefinition
instanceKlass java/time/DayOfWeek
instanceKlass java/time/Month
instanceKlass io/github/bonigarcia/wdm/config/DriverManagerType
instanceKlass org/apache/hc/client5/http/impl/cookie/RFC6265CookieSpecFactory$CompatibilityLevel
instanceKlass org/apache/hc/client5/http/psl/DomainType
instanceKlass org/apache/hc/client5/http/auth/KerberosConfig$Option
instanceKlass java/net/Proxy$Type
instanceKlass org/apache/hc/client5/http/impl/ChainElement
instanceKlass org/apache/hc/core5/pool/PoolReusePolicy
instanceKlass org/apache/hc/core5/pool/PoolConcurrencyPolicy
instanceKlass sun/security/ssl/NamedGroup
instanceKlass sun/security/ssl/NamedGroup$NamedGroupSpec
instanceKlass sun/security/ssl/CipherSuite$KeyExchange
instanceKlass sun/security/ssl/CipherSuite$MacAlg
instanceKlass sun/security/ssl/CipherSuite$HashAlg
instanceKlass java/lang/StackWalker$Option
instanceKlass sun/security/ssl/CipherType
instanceKlass sun/security/ssl/SSLCipher
instanceKlass sun/security/ssl/CipherSuite
instanceKlass java/security/CryptoPrimitive
instanceKlass sun/security/ssl/SSLScope
instanceKlass sun/security/util/DisabledAlgorithmConstraints$Constraint$Operator
instanceKlass sun/security/ssl/ProtocolVersion
instanceKlass java/lang/invoke/MethodHandles$Lookup$ClassOption
instanceKlass sun/security/rsa/RSAUtil$KeyType
instanceKlass io/github/bonigarcia/wdm/config/OperatingSystem
instanceKlass org/apache/commons/lang3/JavaVersion
instanceKlass io/github/bonigarcia/wdm/config/Architecture
instanceKlass jdk/internal/util/OperatingSystem
instanceKlass java/nio/file/AccessMode
instanceKlass org/testng/internal/invokers/InvokedMethodListenerMethod
instanceKlass org/testng/internal/reflect/InjectableParameter
instanceKlass org/testng/internal/invokers/ParameterHolder$ParameterOrigin
instanceKlass java/util/Comparators$NaturalOrderComparator
instanceKlass java/time/temporal/ChronoField
instanceKlass java/time/temporal/ChronoUnit
instanceKlass org/testng/internal/TestNGMethodFinder$MethodType
instanceKlass java/util/stream/MatchOps$MatchKind
instanceKlass org/testng/internal/Systematiser$Order
instanceKlass org/testng/reporters/XMLReporterConfig$StackTraceLevels
instanceKlass java/security/DrbgParameters$Capability
instanceKlass sun/security/util/KnownOIDs
instanceKlass java/security/Security$SecPropLoader$LoadingMode
instanceKlass java/lang/classfile/attribute/StackMapFrameInfo$SimpleVerificationTypeInfo
instanceKlass java/lang/reflect/ProxyGenerator$PrimitiveTypeInfo
instanceKlass java/lang/classfile/ClassFile$StackMapsOption
instanceKlass java/lang/reflect/AccessFlag$Location
instanceKlass java/lang/reflect/AccessFlag
instanceKlass java/lang/module/ModuleDescriptor$Modifier
instanceKlass java/lang/annotation/RetentionPolicy
instanceKlass org/testng/xml/XmlSuite$FailurePolicy
instanceKlass org/testng/xml/XmlSuite$ParallelMode
instanceKlass sun/util/logging/PlatformLogger$Level
instanceKlass java/lang/System$Logger$Level
instanceKlass jdk/internal/logger/BootstrapLogger$LoggingBackend
instanceKlass org/apache/maven/surefire/cli/CommandLineOption
instanceKlass org/apache/maven/surefire/booter/Shutdown
instanceKlass org/apache/maven/surefire/testset/ResolvedTest$Type
instanceKlass java/math/RoundingMode
instanceKlass java/util/regex/Pattern$Qtype
instanceKlass sun/util/locale/provider/LocaleProviderAdapter$Type
instanceKlass java/util/Locale$Category
instanceKlass org/apache/maven/surefire/shade/org/apache/commons/lang3/JavaVersion
instanceKlass java/util/stream/StreamShape
instanceKlass java/util/stream/Collector$Characteristics
instanceKlass java/lang/classfile/Opcode$Kind
instanceKlass java/lang/classfile/Opcode
instanceKlass java/util/stream/StreamOpFlag$Type
instanceKlass java/util/stream/StreamOpFlag
instanceKlass java/lang/invoke/MethodHandleImpl$Intrinsic
instanceKlass java/lang/classfile/AttributeMapper$AttributeStability
instanceKlass jdk/internal/classfile/impl/AbstractPoolEntry$Utf8EntryImpl$State
instanceKlass java/lang/classfile/TypeKind
instanceKlass java/lang/invoke/LambdaForm$BasicType
instanceKlass java/lang/invoke/LambdaForm$Kind
instanceKlass org/apache/maven/surefire/booter/MasterProcessCommand
instanceKlass java/lang/constant/DirectMethodHandleDesc$Kind
instanceKlass sun/invoke/util/Wrapper
instanceKlass java/lang/invoke/VarHandle$AccessMode
instanceKlass java/lang/invoke/VarHandle$AccessType
instanceKlass java/util/concurrent/TimeUnit
instanceKlass java/nio/file/LinkOption
instanceKlass sun/nio/fs/WindowsPathType
instanceKlass java/nio/file/StandardOpenOption
instanceKlass jdk/internal/vm/Continuation$Pinned
instanceKlass java/io/File$PathStatus
instanceKlass jdk/internal/module/ModuleBootstrap$IllegalFinalFieldMutation
instanceKlass jdk/internal/module/ModuleBootstrap$IllegalNativeAccess
instanceKlass java/lang/reflect/ClassFileFormatVersion
instanceKlass java/lang/Thread$State
instanceKlass java/nio/ByteOrder
instanceKlass java/lang/module/ModuleDescriptor$Requires$Modifier
ciInstanceKlass java/lang/Enum 1 1 204 9 7 12 1 1 1 9 12 1 1 10 7 12 1 1 1 9 12 1 10 7 12 1 1 1 100 1 10 10 12 1 1 10 12 1 100 1 10 10 7 12 1 1 10 12 1 1 18 12 1 1 10 100 12 1 1 1 10 12 1 1 11 7 12 1 1 1 100 1 8 1 10 12 1 100 1 100 1 10 8 1 10 12 1 1 10 12 1 1 8 1 10 12 1 10 100 1 8 1 10 10 12 1 1 10 100 12 1 1 1 100 1 100 1 100 1 1 1 1 1 1 1 1 1 1 1 1 1 1 1 1 1 1 1 1 1 1 1 1 1 1 1 1 1 1 1 1 1 1 1 1 1 1 1 1 1 1 1 1 1 1 1 3 1 1 1 1 100 1 100 1 1 100 1 1 1 1 1 1 1 1 1 1 1 16 15 10 12 16 15 10 100 12 1 1 1 1 1 100 1 100 1 1
ciInstanceKlass java/lang/invoke/LambdaForm 1 1 1031 7 1 100 1 10 7 12 1 1 1 9 12 1 1 9 12 1 9 12 1 9 12 1 1 9 12 1 1 9 12 1 1 9 12 1 1 9 12 1 1 9 12 1 10 7 12 1 1 9 12 1 10 12 1 1 100 1 10 10 12 1 1 10 12 1 10 12 1 10 12 1 1 10 12 1 9 12 1 9 12 1 10 12 1 1 9 7 12 1 1 1 9 7 12 1 1 9 12 1 1 10 12 1 9 12 1 10 100 12 1 1 1 10 12 1 1 100 1 10 12 1 1 9 7 12 1 1 1 10 100 12 1 1 1 10 12 1 10 12 1 1 7 1 10 12 1 10 12 1 10 12 1 1 10 12 1 1 10 12 1 10 12 1 10 12 1 10 12 1 10 12 1 1 8 1 10 12 1 10 12 1 10 10 12 1 8 1 8 1 9 12 1 9 12 1 1 10 12 1 1 9 12 1 1 10 7 12 1 1 1 10 12 1 1 10 12 1 10 12 1 1 10 12 1 7 1 10 12 1 10 100 12 1 1 1 9 12 1 10 12 1 8 1 8 1 8 1 8 1 8 1 8 1 8 1 8 1 10 12 1 9 12 1 7 1 10 12 1 1 9 12 1 1 10 12 1 1 10 12 1 1 10 12 10 12 1 10 12 1 1 10 12 1 1 10 12 1 1 10 10 12 1 1 10 12 1 1 7 1 8 1 10 12 1 1 10 12 1 10 12 1 1 10 8 1 10 12 1 1 8 1 8 1 8 1 10 12 1 10 12 1 10 12 1 1 10 100 12 1 1 1 10 7 12 1 1 1 10 12 1 1 9 12 1 1 8 1 10 100 12 1 1 1 10 7 12 1 1 10 12 1 10 12 1 1 10 12 1 1 9 12 1 8 10 12 1 1 100 1 10 12 1 1 10 12 1 9 7 12 1 1 9 100 12 1 1 1 8 1 10 100 12 1 1 10 12 1 1 100 1 100 1 10 10 12 1 1 10 12 1 1 8 1 8 1 100 1 8 1 10 12 10 12 1 10 12 1 10 12 1 10 12 1 1 9 100 12 1 1 10 12 1 8 1 8 1 10 12 1 10 12 1 1 8 1 8 1 8 1 100 1 8 1 100 1 8 1 100 1 8 1 10 12 1 8 1 9 10 100 12 1 1 1 10 12 1 9 12 1 1 10 12 1 10 10 12 1 10 12 1 10 12 1 10 12 1 1 10 12 1 10 12 1 1 10 12 1 1 10 12 1 1 10 12 1 1 8 1 100 10 12 1 10 12 1 9 12 1 1 10 7 12 1 1 8 1 8 1 100 1 8 1 8 1 8 1 8 1 8 1 8 1 8 1 8 1 10 12 1 1 10 12 1 1 10 12 1 10 12 1 10 12 1 10 12 1 8 1 8 1 8 1 10 12 1 8 1 10 12 1 8 1 8 1 8 1 8 1 8 1 10 12 1 10 12 1 10 12 1 1 10 7 12 1 1 1 10 12 1 10 12 1 10 12 1 10 12 1 10 12 1 9 12 1 1 8 1 10 12 1 1 9 12 1 9 12 1 1 10 12 1 1 9 12 1 1 9 12 1 10 12 1 1 9 12 1 1 7 1 10 7 12 1 1 1 9 7 12 1 1 1 10 7 12 1 1 1 10 12 1 1 10 12 1 1 10 12 1 9 12 1 10 12 1 9 12 1 10 12 1 10 12 1 8 1 10 12 1 9 12 1 1 7 1 10 7 12 1 1 1 100 1 10 12 1 9 12 1 10 12 1 10 12 1 10 12 1 1 10 12 1 9 7 12 1 1 10 12 1 1 10 12 1 10 12 1 9 12 1 9 9 12 1 7 9 12 1 1 10 12 1 1 9 12 1 10 12 1 10 7 1 9 1 1 1 1 3 1 3 1 1 3 1 3 1 1 1 1 1 1 1 1 1 1 1 1 1 1 1 1 1 1 1 1 1 1 1 1 1 1 1 1 1 1 1 1 1 1 1 1 1 1 1 1 1 1 1 1 1 100 1 1 1 1 1 1 1 1 1 1 1 1 1 1 1 1 1 1 1 1 1 1 1 1 1 1 1 1 1 1 1 1 1 1 1 1 1 1 1 1 1 1 1 1 1 1 1 1 1 1 1 1 1 1 1 1 1 1 1 1 1 1 1 1 1 1 1 100 1 1 1 1 1 1 1 1 1 1 1 1 1 1 1 1 1 1 1 1 1 1 1 1 1 1 1 1 1 1 1 1 1 1 1 1 100 1 1 1 1 1 1 1 1 1 1 1 1 1 1 100 1 1 1 1 100 1 1 100 1 1 1 1 1 1 1 1 1 1 1 1
staticfield java/lang/invoke/LambdaForm DEFAULT_CUSTOMIZED Ljava/lang/invoke/MethodHandle; 
staticfield java/lang/invoke/LambdaForm DEFAULT_KIND Ljava/lang/invoke/LambdaForm$Kind; java/lang/invoke/LambdaForm$Kind
staticfield java/lang/invoke/LambdaForm COMPILE_THRESHOLD I 0
staticfield java/lang/invoke/LambdaForm INTERNED_ARGUMENTS [[Ljava/lang/invoke/LambdaForm$Name; 5 [[Ljava/lang/invoke/LambdaForm$Name;
staticfield java/lang/invoke/LambdaForm IMPL_NAMES Ljava/lang/invoke/MemberName$Factory; java/lang/invoke/MemberName$Factory
staticfield java/lang/invoke/LambdaForm LF_identity [Ljava/lang/invoke/LambdaForm; 6 [Ljava/lang/invoke/LambdaForm;
staticfield java/lang/invoke/LambdaForm NF_identity [Ljava/lang/invoke/LambdaForm$NamedFunction; 6 [Ljava/lang/invoke/LambdaForm$NamedFunction;
staticfield java/lang/invoke/LambdaForm LF_constant [Ljava/lang/invoke/LambdaForm; 5 [Ljava/lang/invoke/LambdaForm;
staticfield java/lang/invoke/LambdaForm createIdentityFormLock Ljava/lang/Object; java/lang/Object
staticfield java/lang/invoke/LambdaForm DEBUG_NAME_COUNTERS Ljava/util/HashMap; 
staticfield java/lang/invoke/LambdaForm DEBUG_NAMES Ljava/util/HashMap; 
staticfield java/lang/invoke/LambdaForm TRACE_INTERPRETER Z 0
staticfield java/lang/invoke/LambdaForm $assertionsDisabled Z 1
instanceKlass jdk/internal/reflect/DirectMethodHandleAccessor
ciInstanceKlass jdk/internal/reflect/MethodAccessorImpl 1 1 38 10 7 12 1 1 1 10 100 12 1 1 1 100 1 1 1 1 1 1 1 100 1 100 1 1 1 1 1 1 1 1 1 1 1 1 1 1
ciInstanceKlass jdk/internal/reflect/MethodAccessor 1 0 17 100 1 100 1 1 1 1 100 1 100 1 1 1 1 1 1
ciInstanceKlass jdk/internal/reflect/CallerSensitive 0 0 17 100 1 100 1 100 1 1 1 1 1 1 1 1 1 1 1
ciInstanceKlass jdk/internal/reflect/DirectConstructorHandleAccessor$NativeAccessor 1 1 44 10 7 12 1 1 1 9 7 12 1 1 1 10 12 1 1 1 1 1 1 1 1 1 1 1 1 1 1 1 1 1 100 1 100 1 1 1 1 1 100 1 1 1
ciInstanceKlass jdk/internal/reflect/ConstructorAccessor 1 0 16 100 1 100 1 1 1 1 100 1 100 1 100 1 1 1
instanceKlass jdk/internal/reflect/DirectConstructorHandleAccessor
instanceKlass jdk/internal/reflect/DirectConstructorHandleAccessor$NativeAccessor
ciInstanceKlass jdk/internal/reflect/ConstructorAccessorImpl 1 1 27 10 7 12 1 1 1 100 1 100 1 1 1 1 1 1 1 1 1 100 1 100 1 100 1 1 1
ciInstanceKlass jdk/internal/reflect/ConstantPool 1 1 113 10 100 12 1 1 1 10 7 12 1 1 1 10 12 1 1 10 12 1 10 12 1 1 10 12 1 1 10 12 1 10 12 1 1 10 12 1 10 12 1 1 10 12 1 10 12 1 10 12 1 10 12 1 1 10 12 1 1 10 12 1 1 10 12 1 1 10 12 1 10 12 1 1 10 100 12 1 1 1 1 1 1 1 1 1 1 1 1 1 1 1 1 1 1 1 1 1 1 1 1 1 1 1 1 1 1 1 1 1 1 1 1
instanceKlass java/lang/invoke/VolatileCallSite
instanceKlass java/lang/invoke/MutableCallSite
instanceKlass java/lang/invoke/ConstantCallSite
ciInstanceKlass java/lang/invoke/CallSite 1 1 297 10 7 12 1 1 1 10 7 12 1 1 1 9 12 1 1 10 7 12 1 1 1 10 12 1 100 1 10 12 1 1 10 12 1 1 9 100 12 1 1 1 10 100 12 1 1 10 12 1 1 100 1 100 1 10 10 100 12 1 1 1 10 12 1 1 8 1 10 12 1 10 12 1 1 10 12 1 10 12 1 1 10 12 1 1 10 10 100 12 1 1 10 12 1 1 9 12 1 9 100 12 1 1 1 8 1 10 7 12 1 1 1 10 12 1 1 100 1 10 12 1 1 9 12 1 8 1 100 1 10 12 1 10 12 1 100 1 8 1 10 10 12 1 10 12 1 1 100 1 10 12 1 1 10 12 1 10 12 1 10 12 1 1 10 12 1 1 9 12 1 1 8 10 12 1 1 9 12 1 1 100 1 10 10 12 1 10 100 12 1 1 1 10 12 1 1 10 12 1 1 10 12 1 10 7 12 1 1 1 100 1 8 1 10 10 12 10 12 1 1 100 1 100 1 100 1 8 1 10 12 1 10 7 12 1 1 1 1 1 1 1 1 1 1 1 1 1 1 1 1 1 1 1 1 1 1 1 1 1 1 1 1 1 1 1 1 1 1 1 1 1 1 1 1 1 1 1 1 1 1 1 1 1 1 1 1 1 1 1 1 100 1 100 1 1 1
staticfield java/lang/invoke/CallSite $assertionsDisabled Z 1
ciInstanceKlass java/lang/invoke/ConstantCallSite 1 1 65 10 7 12 1 1 1 9 7 12 1 1 1 9 12 1 1 10 7 12 1 1 1 10 12 1 100 1 10 12 9 12 1 1 100 1 10 10 12 1 1 10 12 1 1 1 1 1 1 1 1 1 1 1 1 1 100 1 1 1 1 1 1 1 1
staticfield java/lang/invoke/ConstantCallSite UNSAFE Ljdk/internal/misc/Unsafe; jdk/internal/misc/Unsafe
instanceKlass java/lang/invoke/DirectMethodHandle$Special
instanceKlass java/lang/invoke/DirectMethodHandle$Interface
instanceKlass java/lang/invoke/DirectMethodHandle$Accessor
instanceKlass java/lang/invoke/DirectMethodHandle$Constructor
ciInstanceKlass java/lang/invoke/DirectMethodHandle 1 1 930 7 1 100 1 7 1 7 1 10 7 12 1 1 1 10 7 12 1 1 1 100 1 10 12 1 10 12 1 1 10 7 12 1 1 10 12 1 1 10 12 1 10 12 1 7 1 10 12 1 1 10 12 1 1 10 12 1 10 12 1 1 10 7 12 1 1 1 10 12 1 9 7 12 1 1 1 100 1 10 9 12 1 1 9 12 1 10 12 1 10 12 1 10 12 1 1 10 12 1 10 12 1 10 12 1 10 7 12 1 1 1 10 12 1 10 12 1 1 8 1 10 12 1 1 7 1 10 12 1 7 1 10 10 12 1 10 12 1 10 12 1 10 7 12 1 1 1 10 12 1 1 100 1 10 12 1 10 12 1 7 1 10 12 1 10 12 1 1 10 12 1 1 10 12 8 10 7 12 1 1 1 10 12 1 10 12 1 10 12 1 1 10 12 1 9 7 12 1 1 1 7 1 10 12 1 10 7 12 1 1 1 10 12 1 10 12 1 1 9 12 1 1 7 1 10 8 1 10 12 1 1 10 12 1 1 8 1 10 12 1 10 12 1 10 10 12 1 10 12 1 10 12 1 10 12 1 10 12 1 1 10 12 1 10 12 1 10 12 1 1 10 10 7 12 1 1 1 10 12 1 10 12 1 1 10 12 1 10 12 1 1 8 1 9 7 12 1 1 1 8 1 9 12 1 9 12 1 8 1 9 12 1 9 12 1 8 1 9 12 1 9 12 1 8 1 10 12 1 10 12 1 1 10 7 12 1 1 1 10 12 1 10 12 1 1 9 12 1 1 7 1 10 12 1 1 100 1 10 7 12 1 1 1 10 12 1 1 10 12 1 1 7 1 10 12 1 1 10 12 1 10 12 1 1 7 1 10 12 1 1 10 12 1 10 12 1 10 12 1 1 10 12 1 9 12 1 1 10 7 1 9 12 1 10 12 1 7 1 7 1 7 1 10 7 12 1 1 1 9 12 1 1 10 7 12 1 1 1 10 7 12 1 1 10 12 10 12 1 7 1 10 12 1 10 12 1 1 8 1 9 12 1 9 12 1 10 12 1 1 9 12 1 1 10 100 12 1 1 1 9 12 1 1 9 12 1 1 10 12 1 10 12 1 10 12 1 10 12 1 1 10 12 1 9 12 1 9 12 1 10 12 1 10 12 1 10 12 1 10 12 1 1 10 12 1 1 9 12 1 1 10 12 1 1 9 7 12 1 1 1 9 12 1 9 12 1 9 12 1 9 12 1 9 12 1 9 12 1 9 12 1 9 12 1 9 12 1 9 12 1 9 12 1 9 12 1 9 12 1 9 12 1 9 12 1 9 12 1 9 12 1 9 12 1 9 12 1 9 12 1 9 12 1 9 12 1 9 12 1 9 12 1 100 1 10 12 1 8 1 8 1 8 1 8 1 8 1 8 1 8 1 8 1 8 1 10 12 1 10 12 1 8 1 8 1 8 1 9 12 1 1 9 12 1 1 10 12 1 10 12 1 1 10 12 1 1 9 7 1 10 12 1 10 12 10 12 1 10 12 1 10 12 1 10 8 1 8 1 8 1 8 1 10 12 1 1 9 12 1 1 10 12 1 10 100 12 1 1 1 8 9 12 1 1 10 12 1 1 8 1 8 8 9 12 1 8 1 8 8 8 8 8 1 8 10 12 1 7 1 10 12 1 8 1 8 1 10 12 1 10 12 1 10 12 1 9 12 1 10 12 1 1 7 1 1 1 1 3 1 3 1 3 1 3 1 3 1 3 1 3 1 3 1 1 1 1 1 1 1 1 1 1 3 1 3 1 3 1 1 3 1 3 1 1 1 1 1 1 1 1 1 1 1 1 1 1 1 1 1 1 1 1 1 1 1 1 1 1 1 1 1 1 1 1 1 1 1 1 1 1 1 1 1 1 1 1 1 1 1 1 1 1 1 1 1 1 1 1 1 1 1 1 1 1 100 1 1 1 1 1 1 1 1 1 100 1 1 1 1 1 1 1 1 1 1 1 1 1 1 1 1 1 1 1 1 1 1 1 1 1 1 1 1 1 1 1 1 1 1 1 1 1 1 1 1 1 1 1 1 1 1 1 1 1 1 1 1 1 1
staticfield java/lang/invoke/DirectMethodHandle IMPL_NAMES Ljava/lang/invoke/MemberName$Factory; java/lang/invoke/MemberName$Factory
staticfield java/lang/invoke/DirectMethodHandle FT_UNCHECKED_REF I 8
staticfield java/lang/invoke/DirectMethodHandle FT_CHECKED_REF I 9
staticfield java/lang/invoke/DirectMethodHandle ACCESSOR_FORMS [Ljava/lang/invoke/LambdaForm; 120 [Ljava/lang/invoke/LambdaForm;
staticfield java/lang/invoke/DirectMethodHandle ALL_WRAPPERS [Lsun/invoke/util/Wrapper; 10 [Lsun/invoke/util/Wrapper;
staticfield java/lang/invoke/DirectMethodHandle NFS [Ljava/lang/invoke/LambdaForm$NamedFunction; 12 [Ljava/lang/invoke/LambdaForm$NamedFunction;
staticfield java/lang/invoke/DirectMethodHandle OBJ_OBJ_TYPE Ljava/lang/invoke/MethodType; java/lang/invoke/MethodType
staticfield java/lang/invoke/DirectMethodHandle LONG_OBJ_TYPE Ljava/lang/invoke/MethodType; java/lang/invoke/MethodType
staticfield java/lang/invoke/DirectMethodHandle $assertionsDisabled Z 1
ciInstanceKlass java/lang/invoke/MutableCallSite 0 0 61 10 100 12 1 1 1 10 12 1 9 100 12 1 1 1 10 12 1 10 12 1 1 9 100 12 1 1 1 10 100 12 1 1 1 10 100 12 1 1 1 1 1 1 1 1 1 1 1 1 1 1 1 1 1 1 1 1 100 1 1
ciInstanceKlass java/lang/invoke/VolatileCallSite 0 0 37 10 100 12 1 1 1 10 12 1 10 100 12 1 1 1 10 12 1 10 12 1 1 1 1 1 1 1 1 1 1 1 1 1 1 1 1
instanceKlass java/lang/invoke/VarHandleBytes$FieldInstanceReadOnly
instanceKlass java/lang/invoke/VarHandleLongs$FieldInstanceReadOnly
instanceKlass java/lang/invoke/VarHandleReferences$Array
instanceKlass java/lang/invoke/LazyInitializingVarHandle
instanceKlass java/lang/invoke/VarHandleReferences$FieldStaticReadOnly
instanceKlass java/lang/invoke/VarHandleBooleans$FieldInstanceReadOnly
instanceKlass java/lang/invoke/VarHandleInts$FieldInstanceReadOnly
instanceKlass java/lang/invoke/VarHandleByteArrayAsDoubles$ByteArrayViewVarHandle
instanceKlass java/lang/invoke/VarHandleByteArrayAsLongs$ByteArrayViewVarHandle
instanceKlass java/lang/invoke/VarHandleByteArrayAsFloats$ByteArrayViewVarHandle
instanceKlass java/lang/invoke/VarHandleByteArrayAsInts$ByteArrayViewVarHandle
instanceKlass java/lang/invoke/VarHandleByteArrayAsChars$ByteArrayViewVarHandle
instanceKlass java/lang/invoke/VarHandleByteArrayAsShorts$ByteArrayViewVarHandle
instanceKlass java/lang/invoke/VarHandleReferences$FieldInstanceReadOnly
ciInstanceKlass java/lang/invoke/VarHandle 1 1 474 10 7 12 1 1 1 10 7 12 1 1 9 12 1 1 9 12 1 1 10 12 1 1 8 1 10 12 1 1 10 7 12 1 1 1 10 12 1 1 10 100 12 1 1 1 9 100 12 1 1 1 10 12 1 1 10 100 12 1 1 1 10 12 1 1 9 12 1 10 12 1 9 12 1 1 10 100 12 1 1 10 12 1 9 100 12 1 1 1 9 12 1 1 10 12 1 1 100 1 100 1 10 8 1 10 12 1 1 10 12 1 8 1 10 12 1 10 12 1 9 12 1 1 9 12 1 10 12 1 10 12 1 1 10 12 1 10 10 100 12 1 1 1 10 12 1 1 10 12 1 1 10 100 12 1 1 1 10 100 12 1 1 1 10 100 12 1 1 1 9 12 1 1 9 10 12 1 10 12 1 1 10 12 1 1 10 12 1 10 100 12 1 1 1 9 12 1 1 10 12 1 1 9 12 1 10 12 1 10 12 1 10 100 12 1 1 100 1 10 9 7 12 1 1 1 9 12 1 1 10 7 12 1 1 1 10 12 1 10 12 1 10 12 1 10 12 1 10 12 1 10 12 1 1 8 10 12 1 1 7 1 10 12 1 1 100 1 1 1 1 1 1 1 1 1 1 1 1 1 1 1 1 1 1 1 1 1 1 1 1 1 1 1 1 1 1 1 1 1 1 1 1 1 1 1 1 1 1 1 1 1 1 1 1 1 1 1 1 1 1 1 1 1 1 1 1 1 1 1 1 1 100 1 1 1 1 1 1 1 1 100 1 1 1 1 1 1 1 1 1 1 1 1 100 1 100 1 1 100 1 100 1 100 1 100 1 100 1 100 1 100 1 100 1 100 1 100 1 100 1 100 1 100 1 100 1 100 1 100 1 100 1 100 1 100 1 100 1 100 1 100 1 100 1 100 1 100 1 100 1 100 1 100 1 100 1 100 1 100 1 100 1 100 1 100 1 100 1 100 1 1 1 1 1 1 100 1 1 1 100 1 1 100 1 100 1 100 1 100 1 100 1 100 1 1 1 1 100 1 100 1 100 1 100 1 100 1 100 1 100 1 100 1
staticfield java/lang/invoke/VarHandle VFORM_OFFSET J 16
staticfield java/lang/invoke/VarHandle $assertionsDisabled Z 1
ciInstanceKlass java/lang/invoke/MemberName 1 1 730 7 1 7 1 100 1 9 12 1 1 10 7 12 1 1 1 9 12 1 1 10 12 1 1 10 12 1 1 10 12 1 1 10 12 1 10 12 1 1 10 7 12 1 1 1 10 12 1 9 7 12 1 1 10 12 1 100 1 100 1 10 12 1 8 1 10 12 1 1 10 12 1 10 12 1 1 10 12 1 9 12 1 1 8 1 10 100 12 1 1 1 7 1 10 10 12 1 1 7 1 7 1 10 12 1 9 12 1 1 100 1 8 1 10 12 1 10 12 1 10 12 1 10 12 1 10 12 1 1 10 12 1 10 12 1 10 12 1 1 8 1 8 1 10 12 1 8 1 9 12 1 1 3 10 12 1 10 12 1 10 12 1 10 10 7 12 1 1 1 10 12 1 10 12 1 10 12 1 10 12 1 7 1 8 10 12 1 1 10 12 1 1 8 1 9 100 1 8 9 100 1 10 12 1 1 10 12 1 10 12 1 8 1 10 12 1 1 10 12 1 10 12 1 10 12 1 10 12 1 1 100 1 10 12 1 1 10 12 1 8 1 10 12 1 10 12 1 8 1 10 12 1 1 10 12 1 1 100 1 10 12 1 1 10 12 8 1 8 1 100 1 10 12 1 10 100 12 1 1 1 100 1 10 12 10 12 1 10 12 1 10 12 1 10 12 1 10 10 12 1 10 12 1 10 12 1 3 10 12 1 3 10 12 1 3 3 3 3 3 3 10 12 1 3 9 12 1 10 12 1 1 3 10 12 1 10 10 7 12 1 1 1 10 12 1 1 10 7 12 1 1 10 10 12 1 10 12 1 1 10 12 1 10 10 12 1 1 10 12 1 10 12 1 10 12 1 100 1 10 10 10 12 100 1 10 10 10 12 1 1 10 12 1 1 10 10 12 1 8 10 7 1 10 12 1 10 100 1 10 12 1 10 12 1 10 12 1 10 10 12 1 10 12 1 1 10 12 1 1 10 12 1 10 12 1 10 12 1 100 1 10 12 1 1 100 1 8 1 10 7 1 10 12 1 10 12 10 12 1 1 10 12 1 10 12 1 8 1 8 1 8 1 8 1 10 12 1 10 12 1 10 7 12 1 1 1 8 1 8 1 10 12 1 8 1 10 10 10 12 1 10 12 1 8 1 8 1 10 10 12 1 8 1 10 100 12 1 1 1 8 1 100 1 10 12 1 10 12 1 1 10 12 1 8 1 8 1 8 1 8 1 100 1 10 8 1 8 1 8 1 8 1 10 12 1 100 1 100 1 100 1 10 100 1 10 100 1 10 100 12 1 1 1 9 7 12 1 1 1 100 1 100 1 1 1 1 1 1 1 3 1 3 1 3 1 3 1 3 1 3 1 1 1 1 1 1 1 1 3 1 3 1 1 1 1 1 1 1 1 1 1 1 1 1 1 1 1 1 1 1 1 1 1 1 1 100 1 1 1 1 1 1 1 1 1 1 1 1 1 1 1 1 1 1 1 1 1 1 1 1 1 1 1 1 1 1 1 1 1 1 1 1 1 1 1 1 1 1 1 1 1 1 1 1 1 1 1 1 1 1 1 1 1 1 1 1 1 1 1 1 1 1 1 1 1 1 1 1 1 1 1 1 100 1 1 1 1 1 1 1 1 1 1 1 1 1 1 1 1
staticfield java/lang/invoke/MemberName $assertionsDisabled Z 1
ciInstanceKlass java/lang/invoke/ResolvedMethodName 1 1 25 10 100 12 1 1 1 9 7 12 1 1 1 1 1 1 1 1 1 1 1 1 1 1 1
ciInstanceKlass java/lang/invoke/MethodHandleNatives 1 1 689 100 1 10 7 12 1 1 1 9 7 12 1 1 1 10 12 1 1 100 1 10 10 12 1 1 10 12 1 10 12 1 8 1 8 1 8 1 8 1 8 1 8 1 8 1 8 1 8 1 8 1 10 12 1 1 7 1 10 7 12 1 1 1 10 100 12 1 1 1 7 1 10 10 12 1 1 8 1 10 12 1 8 1 10 12 1 1 8 1 10 12 1 1 9 100 12 1 1 1 8 1 10 100 12 1 1 1 100 1 10 12 100 1 100 1 8 1 7 1 10 10 12 1 7 1 9 7 12 1 1 10 12 1 1 10 12 1 10 7 12 1 1 1 10 12 1 1 9 12 1 8 1 10 12 1 1 10 12 1 8 1 10 12 1 1 7 1 10 12 1 10 7 12 1 1 1 10 12 1 10 12 1 1 10 12 1 1 8 1 10 12 1 1 8 1 10 12 1 8 1 8 1 8 1 100 1 10 12 1 8 1 10 100 12 1 1 1 10 12 1 1 10 100 12 1 1 10 10 12 1 1 10 12 1 10 100 12 1 1 1 100 1 8 1 10 100 12 1 1 1 7 1 8 1 10 12 1 8 1 8 1 8 1 8 1 8 1 10 12 1 1 10 12 1 1 10 12 1 10 12 1 1 10 12 1 1 7 1 10 12 1 100 1 100 1 10 12 1 10 12 1 8 1 8 1 10 10 12 1 1 10 12 1 1 8 1 10 100 12 1 1 8 1 8 1 10 12 1 1 10 7 12 1 1 1 100 1 10 12 1 1 7 1 9 12 1 1 10 7 12 1 1 1 10 10 12 1 9 12 1 10 12 1 9 12 1 9 12 1 10 12 1 1 10 12 1 10 12 1 1 7 1 7 1 10 12 1 1 10 12 1 10 12 1 1 10 7 12 1 1 1 10 12 1 8 1 10 12 1 10 12 1 10 12 1 1 10 12 1 10 7 12 1 1 1 10 12 1 1 100 1 8 1 10 9 7 12 1 1 1 10 12 1 1 10 12 1 1 100 1 10 12 1 1 10 12 1 1 100 1 100 1 10 10 100 1 100 1 10 100 1 10 10 12 1 1 10 100 1 10 12 1 10 12 1 1 10 12 1 1 10 12 1 1 10 12 1 10 12 1 1 10 8 1 10 12 1 10 12 1 10 12 1 10 12 1 10 12 1 1 10 12 1 10 12 1 10 12 1 10 10 7 12 1 1 10 12 1 1 1 1 1 1 1 1 1 1 1 1 1 100 1 1 1 1 1 1 1 1 1 1 1 1 1 1 1 1 1 1 1 1 1 1 1 1 1 1 1 1 1 1 1 1 1 1 1 1 1 1 1 1 1 1 1 1 1 1 1 1 1 1 1 1 1 1 1 1 1 1 1 1 1 1 1 100 1 1 1 1 1 1 1 1 1 1 1 1 1 1 1 1 1 1 1 1 1 1 1 1 1 1 1 1 1 1 1 1 1 1 1 100 1 1 1 1 1 1 1 1 1 1 1 1 1 1 1 1 1 1 1 1 1 1 1 1 1 1 1 1 1 1 1 1 1 1 100 1 1
staticfield java/lang/invoke/MethodHandleNatives $assertionsDisabled Z 1
ciInstanceKlass jdk/internal/foreign/abi/NativeEntryPoint 0 0 223 10 100 12 1 1 1 9 100 12 1 1 1 9 12 1 1 100 1 8 1 10 12 1 10 12 1 1 100 1 10 100 12 1 1 1 10 12 1 9 12 1 1 18 12 1 1 10 100 12 1 1 1 9 100 12 1 1 1 8 1 10 12 1 1 8 1 8 1 8 1 8 1 10 100 12 1 1 1 100 1 10 10 12 1 1 8 1 10 12 1 8 1 10 12 1 10 12 1 1 10 12 1 1 100 1 8 1 10 12 1 10 12 1 1 100 1 8 1 10 10 12 1 9 12 1 1 18 12 1 1 10 100 12 1 1 1 10 12 1 1 10 12 1 10 100 12 1 1 1 10 1 1 1 1 1 1 1 1 1 1 1 1 1 1 1 1 1 1 1 1 1 1 1 1 1 1 1 1 1 1 1 1 1 1 1 1 1 1 1 1 1 1 1 1 16 1 15 10 12 16 1 16 15 10 12 15 10 100 12 1 1 1 1 1 100 1 1 100 1 100 1 1
ciInstanceKlass jdk/internal/foreign/abi/ABIDescriptor 0 0 55 10 100 12 1 1 1 9 100 12 1 1 1 9 12 1 1 9 12 1 9 12 1 9 12 1 1 9 12 1 9 12 1 1 9 12 1 9 12 1 9 12 1 9 12 1 1 1 1 1 1 1 1 1 1
ciInstanceKlass jdk/internal/foreign/abi/VMStorage 0 0 111 10 100 12 1 1 1 9 100 12 1 1 1 9 12 1 1 9 12 1 1 9 12 1 1 100 1 10 8 1 10 12 1 1 10 12 1 10 12 1 1 10 12 1 100 1 10 100 12 1 1 1 10 100 12 1 1 10 100 12 1 1 10 100 12 1 1 1 18 12 1 1 1 1 1 1 1 1 1 1 1 1 1 1 1 1 1 1 1 1 1 1 8 1 15 15 15 15 15 10 100 12 1 1 1 1 100 1 100 1 1
ciInstanceKlass jdk/internal/foreign/abi/UpcallLinker$CallRegs 0 0 66 10 100 12 1 1 1 9 100 12 1 1 1 9 12 1 18 12 1 1 18 12 1 1 18 12 1 1 1 1 1 1 1 1 1 1 1 1 1 1 1 1 1 1 100 1 1 1 8 1 15 15 15 10 100 12 1 1 1 1 1 100 1 100 1 1
instanceKlass java/lang/StackFrameInfo
ciInstanceKlass java/lang/ClassFrameInfo 1 1 126 10 7 12 1 1 1 9 7 12 1 1 1 7 1 3 9 12 1 1 9 12 1 1 100 1 9 12 1 1 3 11 100 12 1 1 1 11 12 1 10 12 1 1 10 12 1 1 10 12 1 100 1 10 10 12 1 1 8 1 8 1 10 12 100 1 10 10 12 1 1 8 1 10 12 1 8 1 10 12 8 1 10 12 1 10 7 12 1 1 1 100 1 1 1 1 1 1 1 1 1 1 1 1 1 1 1 1 1 1 1 1 1 1 1 1 1 1 1 100 1 1 1 1 1 1
staticfield java/lang/ClassFrameInfo JLIA Ljdk/internal/access/JavaLangInvokeAccess; java/lang/invoke/MethodHandleImpl$1
ciInstanceKlass java/lang/StackWalker$StackFrame 1 1 41 100 1 10 12 1 1 100 1 100 1 1 1 1 1 1 1 1 1 1 1 1 1 1 1 1 1 1 1 1 1 1 1 1 1 1 1 100 1 1 1
ciInstanceKlass java/lang/StackWalker 1 1 236 9 7 12 1 1 1 10 7 12 1 1 1 7 1 10 7 12 1 1 1 10 12 1 1 11 7 12 1 1 1 10 12 1 1 10 12 1 1 100 1 8 1 10 12 1 10 12 1 10 12 1 10 7 12 1 1 9 12 1 1 9 12 1 1 9 12 1 1 9 12 1 1 10 12 1 1 9 12 1 1 9 12 1 1 9 12 1 1 9 12 1 1 10 12 1 1 10 7 12 1 1 1 10 7 12 1 1 1 18 12 1 1 100 1 8 1 10 8 1 10 12 1 1 10 100 12 1 1 1 10 12 1 1 10 12 1 11 12 1 1 9 7 12 1 1 11 100 12 1 1 1 10 12 1 1 1 1 1 1 1 1 1 1 1 1 1 1 1 1 1 1 1 1 1 1 1 1 1 1 1 1 1 1 1 1 1 1 1 1 1 1 1 1 1 1 1 1 1 1 1 1 1 1 1 1 1 1 1 100 1 1 16 15 10 12 16 1 15 10 100 12 1 1 1 1 1 1 1 1 1 100 1 100 1 1
staticfield java/lang/StackWalker DEFAULT_EMPTY_OPTION Ljava/util/EnumSet; java/util/RegularEnumSet
staticfield java/lang/StackWalker DEFAULT_WALKER Ljava/lang/StackWalker; java/lang/StackWalker
instanceKlass java/lang/LiveStackFrameInfo
ciInstanceKlass java/lang/StackFrameInfo 1 1 150 10 7 12 1 1 1 9 7 12 1 1 1 9 12 1 1 11 7 12 1 1 1 10 12 1 1 10 7 12 1 1 1 9 12 1 1 10 12 1 1 9 12 1 1 100 1 10 12 10 12 1 9 12 1 100 1 100 1 10 12 1 1 11 12 1 1 10 12 1 10 12 1 10 12 1 1 9 12 1 1 10 12 1 1 10 100 12 1 1 10 12 1 1 9 12 1 10 100 12 1 1 1 9 12 1 1 10 100 1 10 12 1 9 12 1 1 10 12 1 1 10 12 1 1 1 1 1 1 1 1 1 1 1 1 1 1 1 1 100 1 100 1 1 1 1 1 1 1 1
staticfield java/lang/StackFrameInfo $assertionsDisabled Z 1
ciInstanceKlass java/lang/LiveStackFrameInfo 0 0 97 10 100 12 1 1 1 9 100 12 1 1 1 9 12 1 9 12 1 9 12 1 9 12 1 1 100 1 10 12 1 1 10 12 1 8 1 10 12 1 1 8 1 8 1 8 1 10 100 1 10 12 1 100 1 10 12 1 100 1 100 1 1 1 3 1 3 1 1 1 1 1 1 1 1 1 1 1 1 1 1 1 1 1 1 1 1 1 1 1 1 1 1 1 100 1 1
ciInstanceKlass java/lang/LiveStackFrame 0 0 112 100 1 10 100 12 1 1 1 11 100 12 1 1 1 11 12 1 9 100 12 1 1 1 10 100 12 1 1 1 10 100 12 1 1 1 11 12 1 10 12 1 100 1 100 1 1 1 1 1 1 1 1 1 1 1 1 1 1 1 1 1 1 1 1 1 1 1 1 1 100 1 1 1 1 1 1 1 100 1 8 1 1 12 10 1 1 1 8 1 1 1 8 1 1 1 8 1 1 1 8 1 1 8 1 1 1 8 1 1 8 1
instanceKlass java/lang/StackStreamFactory$StackFrameTraverser
ciInstanceKlass java/lang/StackStreamFactory$AbstractStackWalker 1 1 364 7 1 100 1 3 10 7 12 1 1 1 10 7 12 1 1 10 7 12 1 1 1 9 12 1 1 9 12 1 1 9 12 1 1 9 12 1 9 12 1 10 7 12 1 1 1 10 12 1 1 10 100 12 1 1 9 12 1 1 9 12 1 1 10 12 1 1 9 12 1 1 10 7 12 1 1 1 10 12 1 1 9 12 1 1 9 100 12 1 1 1 100 1 10 8 1 10 12 1 1 10 12 1 8 1 10 12 1 1 10 100 12 1 1 1 100 1 8 1 10 12 1 8 1 10 12 10 7 12 1 1 9 12 1 1 8 1 5 0 8 1 8 1 9 12 1 1 10 12 1 1 18 12 1 1 10 100 12 1 1 1 10 12 1 1 10 12 1 10 12 1 9 7 12 1 1 1 10 12 1 1 9 12 1 10 12 1 10 12 1 10 12 1 10 12 1 10 12 1 10 12 1 1 8 1 10 12 1 10 12 1 10 12 1 10 12 1 1 8 1 10 12 1 1 10 12 1 1 10 12 1 1 10 12 1 10 12 1 10 12 1 9 12 1 8 1 10 12 1 8 1 10 12 1 10 12 1 1 10 12 1 10 12 1 10 12 1 1 10 12 1 10 12 1 10 12 1 10 12 1 10 12 1 10 12 1 1 10 12 1 10 12 1 10 12 1 10 12 1 8 1 1 1 1 1 1 1 1 1 1 1 1 1 100 1 1 1 1 1 1 100 1 1 1 1 100 1 1 1 1 1 1 1 1 1 1 1 1 1 1 1 1 1 1 16 15 15 10 100 12 1 1 1 1 1 1 1 1 100 1 100 1 1
ciInstanceKlass jdk/internal/module/Modules 1 1 498 10 100 12 1 1 1 9 7 12 1 1 1 11 7 12 1 1 1 11 12 1 1 11 12 1 1 11 12 1 1 11 12 1 11 12 1 11 12 1 11 12 1 11 12 1 11 12 1 11 12 1 1 11 12 1 11 12 1 1 11 12 1 11 12 1 1 10 100 12 1 1 1 10 12 1 1 10 100 12 1 1 10 100 12 1 1 1 10 100 12 1 1 10 12 1 1 11 12 1 9 12 1 1 11 100 12 1 1 1 10 12 1 1 10 10 12 1 10 100 1 9 12 1 1 10 100 12 1 1 10 12 1 1 10 100 12 1 1 1 100 1 11 100 12 1 1 1 10 100 12 1 1 1 11 100 12 1 1 10 12 1 1 10 100 12 1 1 10 100 12 1 1 1 10 12 1 1 10 12 1 1 11 12 1 1 18 12 1 1 11 100 12 1 1 10 100 12 1 1 1 11 100 12 1 1 1 100 1 11 12 1 1 11 100 12 1 1 1 11 12 1 1 10 12 1 1 10 100 12 1 1 18 12 1 1 11 12 1 1 18 12 1 1 11 12 1 1 10 12 1 18 18 10 12 1 1 9 12 1 1 11 100 12 1 1 1 100 1 10 11 12 1 11 12 1 1 10 100 1 10 12 1 1 10 100 12 1 1 10 12 1 1 11 12 10 12 1 1 100 1 10 18 12 1 10 12 1 1 100 1 8 1 10 12 1 10 100 12 1 1 18 12 1 11 11 12 10 12 1 10 10 100 1 18 12 1 10 10 10 7 12 1 1 10 7 12 1 1 1 10 12 1 1 1 1 1 1 1 1 1 1 1 1 1 1 1 1 1 1 1 1 1 1 1 1 1 1 1 1 1 1 1 1 1 1 1 1 1 1 1 1 1 1 1 1 1 1 1 1 1 1 1 1 1 1 1 1 1 1 1 1 1 1 1 1 1 100 1 1 1 1 1 1 1 1 1 1 1 1 1 1 1 1 1 1 1 1 1 1 16 15 10 12 1 16 1 16 1 15 10 12 1 16 1 16 1 15 10 12 16 1 15 10 16 1 15 10 12 16 1 16 15 10 12 16 15 10 12 16 15 10 12 15 10 100 12 1 1 1 1 1 1 100 1 100 1 1
staticfield jdk/internal/module/Modules JLA Ljdk/internal/access/JavaLangAccess; java/lang/System$1
staticfield jdk/internal/module/Modules JLMA Ljdk/internal/access/JavaLangModuleAccess; java/lang/module/ModuleDescriptor$1
staticfield jdk/internal/module/Modules $assertionsDisabled Z 1
ciInstanceKlass jdk/internal/loader/ClassLoaders 1 1 185 10 100 12 1 1 1 10 7 12 1 1 1 10 12 1 1 10 7 12 1 1 1 9 7 12 1 1 1 9 12 1 1 9 12 1 1 7 1 11 100 12 1 1 1 100 1 11 12 1 1 11 12 1 1 10 100 12 1 1 1 10 100 12 1 1 1 100 1 100 1 10 7 12 1 1 1 9 12 1 1 8 1 10 7 12 1 1 1 10 12 1 1 7 1 10 12 1 10 12 1 1 7 1 10 12 1 1 10 12 1 1 10 12 1 7 1 10 12 10 12 1 8 1 10 7 12 1 1 8 1 8 1 10 12 1 7 1 10 10 12 1 10 12 1 1 1 1 1 1 1 1 1 1 1 1 1 1 1 1 1 1 1 1 100 1 1 1 1 1 1 1 1 1 1 1 1 1 1 1 1 1 1 1 1
staticfield jdk/internal/loader/ClassLoaders JLA Ljdk/internal/access/JavaLangAccess; java/lang/System$1
staticfield jdk/internal/loader/ClassLoaders BOOT_LOADER Ljdk/internal/loader/ClassLoaders$BootClassLoader; jdk/internal/loader/ClassLoaders$BootClassLoader
staticfield jdk/internal/loader/ClassLoaders PLATFORM_LOADER Ljdk/internal/loader/ClassLoaders$PlatformClassLoader; jdk/internal/loader/ClassLoaders$PlatformClassLoader
staticfield jdk/internal/loader/ClassLoaders APP_LOADER Ljdk/internal/loader/ClassLoaders$AppClassLoader; jdk/internal/loader/ClassLoaders$AppClassLoader
ciInstanceKlass java/util/ArrayList 1 1 516 10 7 12 1 1 1 7 1 9 7 12 1 1 1 9 12 1 100 1 100 1 10 8 1 10 12 1 1 10 12 1 10 12 1 1 10 12 1 9 12 1 11 7 12 1 1 1 9 12 1 1 11 12 1 1 7 10 7 12 1 1 1 9 12 1 10 12 1 10 12 1 1 10 7 12 1 1 1 10 7 12 1 1 1 10 12 1 1 10 12 1 1 10 12 1 1 10 12 1 10 12 1 1 100 1 100 1 10 12 1 10 10 7 12 1 1 1 10 7 12 1 1 10 12 1 100 1 10 10 12 10 12 1 1 10 12 1 1 10 12 1 10 12 10 12 1 1 100 1 10 12 1 1 10 12 1 1 10 12 1 100 1 10 11 12 1 1 11 100 12 1 1 1 11 12 1 10 12 1 10 12 1 10 12 1 1 11 100 1 10 12 1 1 10 10 12 1 1 10 12 1 8 1 8 1 8 1 8 1 10 12 1 1 10 12 1 1 11 12 1 100 1 10 100 12 1 1 10 12 1 10 12 1 1 10 100 12 1 1 10 12 1 10 100 12 1 1 1 11 100 12 1 1 1 10 12 1 100 1 8 1 10 7 1 10 12 1 7 1 10 12 1 10 12 1 1 7 1 10 12 1 10 12 1 1 11 7 12 1 1 7 1 10 12 1 10 12 1 1 11 100 12 1 1 10 12 1 1 10 12 1 1 10 12 1 1 10 12 1 1 11 100 12 1 1 10 12 1 1 10 12 1 1 100 1 100 1 100 1 1 1 1 5 0 1 3 1 1 1 1 1 1 1 1 1 1 1 1 1 1 1 1 1 1 1 1 1 1 1 1 1 1 1 1 1 1 1 1 1 1 1 1 1 1 1 1 1 1 1 1 1 1 1 1 1 1 1 1 1 1 1 1 1 1 1 1 1 1 1 1 1 1 1 1 1 1 1 1 1 1 1 1 1 1 1 1 1 1 1 1 1 1 1 1 1 1 1 1 1 1 1 1 1 1 1 1 1 1 1 1 1 7 1 1 1 1 7 1 1 1 1 1 1 1 1 1 1 1 1 1 1 1 1 1 1 1 1 1 1 1 1 1 1 1 1 1 100 1 1 1 1 1 1 1 1 1 1 1 1 1 1 1 1 1 1 1 100 1 100 1 1 1 1 1 1
staticfield java/util/ArrayList EMPTY_ELEMENTDATA [Ljava/lang/Object; 0 [Ljava/lang/Object;
staticfield java/util/ArrayList DEFAULTCAPACITY_EMPTY_ELEMENTDATA [Ljava/lang/Object; 0 [Ljava/lang/Object;
ciInstanceKlass java/util/List 1 1 280 10 100 12 1 1 1 11 100 12 1 1 1 11 100 12 1 1 1 11 12 1 1 11 100 12 1 1 11 12 1 1 11 12 1 1 10 100 12 1 1 1 7 1 7 1 10 12 1 1 100 1 10 100 12 1 1 1 11 12 1 1 11 12 1 11 12 1 100 1 10 12 1 11 12 1 1 11 12 1 1 11 12 1 10 7 12 1 1 1 9 7 12 1 1 1 7 1 10 12 10 12 1 7 1 10 12 1 1 10 12 1 10 12 1 1 8 10 100 12 1 1 1 10 100 12 1 1 1 11 12 1 1 100 1 1 1 1 1 1 1 1 1 1 1 1 1 1 1 1 1 1 1 1 1 1 1 1 1 1 1 1 1 1 1 1 1 1 1 1 1 1 1 1 1 1 1 1 100 1 100 1 1 1 1 1 1 1 1 1 1 1 1 1 1 1 1 1 1 1 1 1 1 1 1 1 1 1 1 1 1 1 1 1 1 1 1 1 1 1 1 1 1 1 1 1 1 1 1 1 1 1 1 1 1 1 1 1 1 1 1 1 1 1 1 1 1 1 1 1 1 1 1 1 1 1 1 1 1 1 1 1 1 1 1 1 1 1 100 1 1 100 1 1 1 100 1 100 1 1
ciInstanceKlass java/util/SequencedCollection 1 1 104 100 1 10 12 1 1 11 100 12 1 1 1 11 100 12 1 1 1 11 12 1 1 11 12 1 100 1 100 1 1 1 1 1 1 1 1 1 1 1 1 1 1 1 1 1 1 1 1 1 1 1 1 1 1 1 1 1 100 1 8 1 12 10 1 1 8 1 1 1 8 1 1 8 1 1 1 8 1 1 8 1 1 1 8 1 1 8 1 8 1 1 8 1 1 1 8 1 1 8 1 1 8 1
ciInstanceKlass java/lang/Iterable 1 1 62 10 7 12 1 1 1 11 7 12 1 1 1 11 7 12 1 1 1 11 12 1 1 11 7 12 1 1 1 10 7 12 1 1 1 100 1 1 1 1 1 1 1 1 1 1 1 1 1 1 1 1 1 1 1 1 1 1 1 1 1 1
ciInstanceKlass java/util/RandomAccess 1 0 7 100 1 100 1 1 1
instanceKlass java/util/concurrent/ConcurrentLinkedDeque
instanceKlass java/util/IdentityHashMap$Values
instanceKlass java/util/LinkedHashMap$LinkedValues
instanceKlass java/util/HashMap$Values
instanceKlass java/util/AbstractQueue
instanceKlass java/util/ArrayDeque
instanceKlass java/util/AbstractSet
instanceKlass java/util/ImmutableCollections$AbstractImmutableCollection
instanceKlass java/util/AbstractList
ciInstanceKlass java/util/AbstractCollection 1 1 160 10 7 12 1 1 1 10 7 12 1 1 1 10 12 1 1 11 7 12 1 1 1 11 12 1 1 10 12 1 1 10 100 12 1 1 1 10 12 1 1 10 12 1 1 10 7 12 1 1 10 7 12 1 1 1 7 1 10 100 12 1 1 1 10 100 12 1 1 1 100 1 10 11 12 1 11 7 1 10 12 1 10 12 1 10 100 12 1 1 1 11 8 1 7 1 10 10 12 1 1 8 1 10 12 1 10 12 1 1 1 1 1 1 1 1 1 1 1 1 1 1 1 1 1 1 1 1 1 1 1 1 1 1 1 1 1 1 1 1 1 1 1 1 1 1 1 1 1 1 1 1 1 1 1 1 1 1 1 1
instanceKlass java/util/AbstractSequentialList
instanceKlass java/util/Vector
instanceKlass sun/security/jca/ProviderList$2
instanceKlass java/util/ArrayList$SubList
instanceKlass java/util/Arrays$ArrayList
instanceKlass java/util/Collections$SingletonList
instanceKlass java/util/Collections$EmptyList
instanceKlass java/util/ArrayList
ciInstanceKlass java/util/AbstractList 1 1 218 10 7 12 1 1 1 9 7 12 1 1 1 10 12 1 1 10 12 1 1 100 1 10 10 12 1 1 11 100 12 1 1 1 11 12 1 1 11 12 1 10 100 12 1 1 1 10 12 1 11 12 1 11 12 1 11 12 1 10 12 1 1 10 12 1 1 11 100 12 1 1 1 11 100 1 11 7 1 10 12 1 100 1 10 12 1 10 12 1 1 100 1 100 1 10 12 1 100 1 10 100 1 100 1 10 8 1 10 12 1 1 10 12 1 10 12 1 1 10 12 1 8 1 100 1 8 1 8 1 8 1 10 100 1 11 10 10 12 1 11 12 1 10 12 1 1 8 1 8 1 1 1 1 1 1 1 1 1 1 1 1 1 1 1 1 1 1 1 1 1 1 1 1 1 1 1 1 1 1 1 1 1 1 1 1 1 1 1 1 1 1 1 1 1 1 1 1 1 1 1 1 1 1 1 1 1 1 100 1 100 1 1 1 1 1 1 1
ciInstanceKlass java/util/Locale 1 1 1149 9 7 12 1 1 1 7 1 10 12 1 1 9 12 1 1 11 7 12 1 1 1 10 7 12 1 1 7 1 10 12 1 11 7 12 1 1 1 9 12 1 1 9 12 1 1 9 12 1 1 100 1 10 10 12 1 1 8 1 10 12 1 1 10 12 1 1 10 12 1 10 12 1 10 12 1 11 12 1 1 9 12 1 11 12 1 7 1 9 12 1 1 10 12 1 1 100 1 10 9 12 1 1 10 7 12 1 1 9 7 12 1 1 1 9 12 1 10 12 1 1 9 12 1 1 9 12 1 100 1 8 1 10 12 1 9 12 1 10 12 1 10 12 1 1 9 7 12 1 1 1 9 12 1 9 12 1 9 12 1 9 12 1 10 12 1 1 10 7 12 1 1 100 1 9 12 1 9 12 1 9 12 1 9 12 1 9 12 1 9 12 1 9 12 1 9 12 1 9 12 1 9 12 1 10 12 1 1 10 7 12 1 1 1 10 12 1 1 7 1 10 10 12 1 1 10 100 1 10 12 1 1 10 12 1 1 8 1 10 12 1 8 1 10 12 1 1 8 1 10 100 12 1 1 1 10 12 1 1 9 100 12 1 1 100 1 10 100 12 1 1 1 10 100 1 100 1 10 12 1 11 100 12 1 1 9 12 1 9 12 1 9 12 1 10 12 1 1 10 12 1 10 12 1 10 12 1 10 12 1 1 10 12 1 1 100 1 7 1 10 8 1 10 12 1 1 10 12 1 10 12 1 10 10 100 12 1 1 1 10 12 1 1 10 100 12 1 1 1 10 12 1 10 12 1 10 12 1 8 1 10 12 1 10 12 1 10 7 12 1 10 12 1 10 8 1 10 7 12 1 1 1 10 12 1 10 12 1 10 12 1 8 1 10 12 1 10 12 1 10 12 1 10 12 1 1 11 7 12 1 1 1 11 7 12 1 1 11 12 1 10 12 1 10 12 1 10 12 1 10 12 1 8 1 10 12 1 7 1 10 12 1 10 12 1 1 10 12 1 1 10 12 1 1 10 10 12 1 100 1 8 1 8 1 10 8 1 10 10 12 1 8 1 8 1 10 12 1 10 12 1 1 10 12 1 1 10 12 1 10 12 1 100 1 10 12 1 1 8 1 9 100 12 1 1 1 10 7 12 1 1 10 12 1 1 10 12 1 10 100 12 1 1 1 10 12 1 1 10 12 1 1 8 1 10 100 12 1 1 10 12 1 1 10 12 1 8 1 100 1 10 10 12 1 1 10 12 1 1 10 12 1 1 11 12 1 18 12 1 1 11 100 12 1 1 1 18 12 1 1 11 12 1 1 18 12 1 10 12 1 10 12 1 10 12 1 1 11 12 1 1 100 1 10 10 12 1 1 8 1 10 12 1 100 1 100 1 10 12 1 9 12 1 1 10 12 1 10 10 12 1 10 100 1 8 1 10 12 1 10 12 1 10 12 1 10 8 1 10 8 1 8 1 8 1 9 12 1 10 12 1 10 12 1 8 1 10 12 1 10 12 1 1 10 12 1 10 100 12 1 1 18 12 1 10 12 1 10 12 1 8 1 10 12 1 1 10 12 1 18 12 1 11 12 1 1 10 12 1 10 100 12 1 1 1 8 10 100 12 1 1 8 8 1 8 1 8 8 1 10 12 1 10 12 1 10 100 12 1 1 1 10 100 12 1 1 100 1 10 12 1 10 10 12 1 10 12 1 10 8 1 10 12 1 1 8 1 8 1 9 12 1 8 1 8 1 9 12 1 10 100 12 1 1 1 9 100 12 1 1 1 10 10 12 1 10 10 12 1 1 10 12 1 1 100 1 10 12 1 1 10 12 1 1 10 7 12 1 1 7 1 10 10 12 1 1 9 12 1 9 12 1 9 12 1 9 12 1 9 12 1 9 12 1 9 12 1 9 12 1 9 12 1 9 12 1 9 12 1 9 12 1 9 12 1 9 12 1 9 12 1 9 12 1 9 12 1 9 12 1 9 12 1 9 12 1 9 12 1 7 1 10 7 1 10 10 12 7 1 10 12 1 9 12 1 1 9 12 1 1 100 1 100 1 1 1 1 1 1 3 1 3 1 1 5 0 1 3 1 3 1 3 1 3 1 3 1 3 1 1 1 1 1 1 1 1 1 1 1 1 1 1 1 1 1 1 1 1 1 1 1 1 1 1 1 1 1 1 1 1 1 1 1 1 1 1 1 1 1 1 1 1 1 1 1 1 1 1 1 1 1 1 1 1 1 1 1 1 1 1 1 1 1 1 1 1 1 1 1 1 1 1 1 1 1 1 1 1 1 1 1 1 1 1 1 1 1 1 1 1 1 1 1 1 1 100 1 1 1 1 1 1 1 1 1 1 1 1 1 1 1 1 1 1 1 100 1 1 1 1 1 1 1 1 100 1 1 100 1 1 1 1 1 1 1 1 1 1 1 1 1 1 1 1 1 1 1 1 1 1 1 1 1 1 1 1 1 1 100 1 100 1 1 16 15 10 12 16 16 15 16 15 10 12 15 10 12 16 15 10 12 16 1 15 10 100 12 1 1 1 1 1 1 1 1 100 1 1 1 1 1 1 1 100 1 100 1 1
staticfield java/util/Locale ENGLISH Ljava/util/Locale; java/util/Locale
staticfield java/util/Locale FRENCH Ljava/util/Locale; java/util/Locale
staticfield java/util/Locale GERMAN Ljava/util/Locale; java/util/Locale
staticfield java/util/Locale ITALIAN Ljava/util/Locale; java/util/Locale
staticfield java/util/Locale JAPANESE Ljava/util/Locale; java/util/Locale
staticfield java/util/Locale KOREAN Ljava/util/Locale; java/util/Locale
staticfield java/util/Locale CHINESE Ljava/util/Locale; java/util/Locale
staticfield java/util/Locale SIMPLIFIED_CHINESE Ljava/util/Locale; java/util/Locale
staticfield java/util/Locale TRADITIONAL_CHINESE Ljava/util/Locale; java/util/Locale
staticfield java/util/Locale FRANCE Ljava/util/Locale; java/util/Locale
staticfield java/util/Locale GERMANY Ljava/util/Locale; java/util/Locale
staticfield java/util/Locale ITALY Ljava/util/Locale; java/util/Locale
staticfield java/util/Locale JAPAN Ljava/util/Locale; java/util/Locale
staticfield java/util/Locale KOREA Ljava/util/Locale; java/util/Locale
staticfield java/util/Locale UK Ljava/util/Locale; java/util/Locale
staticfield java/util/Locale US Ljava/util/Locale; java/util/Locale
staticfield java/util/Locale CANADA Ljava/util/Locale; java/util/Locale
staticfield java/util/Locale CANADA_FRENCH Ljava/util/Locale; java/util/Locale
staticfield java/util/Locale ROOT Ljava/util/Locale; java/util/Locale
staticfield java/util/Locale CONSTANT_LOCALES Ljava/util/Map; java/util/HashMap
staticfield java/util/Locale CHINA Ljava/util/Locale; java/util/Locale
staticfield java/util/Locale PRC Ljava/util/Locale; java/util/Locale
staticfield java/util/Locale TAIWAN Ljava/util/Locale; java/util/Locale
staticfield java/util/Locale LOCALE_CACHE Ljava/lang/LazyConstant; jdk/internal/lang/LazyConstantImpl
staticfield java/util/Locale LOCALE_CREATOR Ljava/util/function/Function; java/util/Locale$2
staticfield java/util/Locale serialPersistentFields [Ljava/io/ObjectStreamField; 6 [Ljava/io/ObjectStreamField;
staticfield java/util/Locale $assertionsDisabled Z 1
ciInstanceKlass java/lang/annotation/Annotation 1 0 17 100 1 100 1 1 1 1 1 1 1 1 1 1 1 1 1
ciInstanceKlass sun/net/www/protocol/jar/Handler 1 1 253 10 7 12 1 1 1 7 1 10 12 1 10 7 12 1 1 1 10 12 1 1 10 12 1 1 10 7 12 1 1 1 8 1 10 12 1 1 10 12 1 7 1 8 1 10 12 1 1 10 12 1 1 10 12 1 1 10 12 1 10 12 1 1 100 1 10 12 1 10 8 1 10 12 1 1 8 1 10 12 10 12 1 1 100 1 10 12 1 10 12 1 10 12 1 1 10 12 1 10 12 1 1 8 1 10 12 1 1 8 1 8 1 100 1 10 100 12 1 1 1 10 12 1 8 1 10 12 1 8 1 10 12 1 10 12 1 1 8 1 10 12 1 1 8 1 10 12 1 1 8 1 10 12 1 8 1 7 1 10 10 12 1 1 10 12 1 8 1 10 12 1 10 12 1 8 1 8 1 8 1 10 12 1 8 1 10 1 1 1 1 1 1 1 1 1 1 1 1 1 100 1 1 1 1 1 1 1 1 1 1 1 1 1 1 1 1 1 1 1 1 1 1 1 1 1 1 1 1 1 1 1 1 1 1 1 1 1 1 1 1 1 1 1 1 1 1 1 1 1 1 1 1
instanceKlass sun/net/www/protocol/http/Handler
instanceKlass sun/net/www/protocol/jrt/Handler
instanceKlass sun/net/www/protocol/jar/Handler
instanceKlass sun/net/www/protocol/file/Handler
ciInstanceKlass java/net/URLStreamHandler 1 1 319 10 7 12 1 1 1 100 1 7 1 10 8 1 10 12 1 1 8 1 8 1 10 12 1 1 10 12 1 100 1 8 1 10 10 7 12 1 1 10 12 1 10 12 1 10 12 1 10 12 1 1 10 12 1 10 12 1 10 12 1 10 7 12 1 1 1 10 12 1 1 10 12 1 1 10 12 1 10 12 1 10 12 1 10 12 1 10 7 12 1 1 1 8 1 100 1 10 100 12 1 1 1 8 1 10 12 1 10 12 1 1 10 7 12 1 1 1 8 1 8 1 8 1 10 12 1 10 12 1 1 8 1 10 12 1 1 8 1 10 12 1 8 1 10 12 1 10 12 8 1 10 12 1 8 1 10 12 1 8 1 10 7 12 1 1 1 10 100 12 1 1 1 10 12 1 1 10 12 1 10 12 1 1 10 100 1 9 100 12 1 1 1 10 12 1 1 10 12 1 10 12 1 10 12 1 10 12 1 9 12 1 1 10 12 1 10 12 1 10 10 12 1 8 1 100 1 8 1 10 10 12 1 10 12 1 1 10 12 1 10 12 1 10 12 1 10 12 1 1 8 1 1 1 1 1 1 1 1 100 1 1 1 1 1 1 1 100 1 1 1 1 1 1 1 1 1 1 1 1 1 1 1 1 1 1 1 1 1 1 1 1 1 1 1 1 1 1 1 1 1 1 1 1 1 1 1 1 1 1 1 1 1 1 1 1 1 1 1
ciMethod java/net/URLStreamHandler parseURL (Ljava/net/URL;Ljava/lang/String;II)V 512 0 2200 0 -1
ciInstanceKlass java/net/URLStreamHandlerFactory 1 0 9 100 1 100 1 1 1 1 1
ciMethod java/net/URLStreamHandlerFactory createURLStreamHandler (Ljava/lang/String;)Ljava/net/URLStreamHandler; 0 0 1 0 -1
ciInstanceKlass sun/net/www/protocol/file/Handler 1 1 162 10 7 12 1 1 1 9 7 12 1 1 1 10 7 12 1 1 1 10 12 1 1 10 7 12 1 1 1 10 7 12 1 1 1 10 12 1 10 7 12 1 1 1 10 12 1 1 10 12 1 10 12 1 1 100 1 10 8 1 10 12 1 1 10 12 1 10 12 1 1 100 1 10 12 1 10 7 12 1 1 8 1 10 12 1 8 1 8 1 10 12 1 10 12 1 10 12 1 100 1 8 1 10 12 1 10 10 12 1 8 1 10 12 1 1 10 12 1 10 12 1 1 1 1 1 1 1 1 1 1 1 1 1 1 1 1 1 1 1 1 1 1 1 1 1 1 1 1 1 1 1 100 1 100 1 1 1 1 1 1 1
ciMethod java/lang/CharacterDataLatin1 equalsIgnoreCase (BB)Z 516 0 5385 0 144
ciMethod jdk/internal/util/ArraysSupport mismatch ([BI[BII)I 518 196 5586 0 504
ciMethod jdk/internal/util/ArraysSupport vectorizedMismatch (Ljava/lang/Object;JLjava/lang/Object;JII)I 474 800 237 0 -1
ciMethod java/lang/Math max (II)I 1024 0 117320 0 -1
ciMethod java/lang/Math min (II)I 530 0 39014 0 -1
ciMethod jdk/internal/misc/VM isBooted ()Z 732 0 1887 0 -1
ciMethod java/lang/String equalsIgnoreCase (Ljava/lang/String;)Z 512 0 2785 0 -1
ciMethod java/lang/String toLowerCase (Ljava/util/Locale;)Ljava/lang/String; 308 0 1279 0 -1
ciMethod java/lang/String substring (II)Ljava/lang/String; 538 0 5476 0 1389
ciMethod java/lang/String startsWith (Ljava/lang/String;I)Z 568 0 39455 0 872
ciMethod java/lang/String startsWith (Ljava/lang/String;)Z 536 0 62052 0 776
ciMethod java/lang/String regionMatches (ZILjava/lang/String;II)Z 182 0 5877 0 0
ciMethod java/lang/String regionMatches (ILjava/lang/String;II)Z 0 0 134 0 -1
ciMethod java/lang/String checkBoundsBeginEnd (III)V 574 0 15124 0 -1
ciMethod java/lang/String isLatin1 ()Z 656 0 400036 0 88
ciMethod java/lang/String coder ()B 520 0 460954 0 80
ciMethod java/lang/String indexOf (II)I 886 0 5610 0 496
ciMethod java/lang/String checkIndex (II)V 586 0 315947 0 120
ciMethod java/util/Hashtable get (Ljava/lang/Object;)Ljava/lang/Object; 150 0 74 0 -1
ciMethod java/util/Hashtable put (Ljava/lang/Object;Ljava/lang/Object;)Ljava/lang/Object; 32 6 16 0 -1
ciMethod java/lang/Object <init> ()V 846 0 347485 0 120
ciInstanceKlass java/net/MalformedURLException 0 0 26 10 100 12 1 1 1 10 12 1 100 1 1 1 1 5 0 1 1 1 1 1 1 1 1 1
ciMethodData java/lang/String charAt (I)C 2 310556 orig 80 0 0 0 0 0 0 0 0 0 0 0 0 0 0 0 0 0 0 0 0 0 0 0 0 0 0 0 0 0 0 0 0 0 0 0 0 0 0 0 0 0 0 0 0 0 0 0 0 0 0 0 0 0 0 0 0 0 0 0 0 0 0 0 0 0 0 0 0 0 0 0 0 0 0 0 0 0 0 0 0 data 24 0x10005 0x2 0x25bb56dbc78 0x4bd1a 0x0 0x0 0x40007 0x1 0x30 0x4bd1c 0xc0002 0x4bd1c 0x150002 0x1 0x0 0x0 0x0 0x0 0x0 0x0 0x9 0x2 0x0 0x0 oops 1 2 java/lang/String methods 0
ciMethodData java/lang/String isLatin1 ()Z 2 399708 orig 80 0 0 0 0 0 0 0 0 0 0 0 0 0 0 0 0 0 0 0 0 0 0 0 0 0 0 0 0 0 0 0 0 0 0 0 0 0 0 0 0 0 0 0 0 0 0 0 0 0 0 0 0 0 0 0 0 0 0 0 0 0 0 0 0 0 0 0 0 0 0 0 0 0 0 0 0 0 0 0 0 data 18 0x30007 0x0 0x58 0x6195c 0xa0007 0xc9 0x38 0x61893 0xe0003 0x61893 0x18 0x0 0x0 0x0 0x0 0x9 0x1 0x0 oops 0 methods 0
ciMethodData java/lang/StringLatin1 charAt ([BI)C 2 310556 orig 80 0 0 0 0 0 0 0 0 0 0 0 0 0 0 0 0 0 0 0 0 0 0 0 0 0 0 0 0 0 0 0 0 0 0 0 0 0 0 0 0 0 0 0 0 0 0 0 0 0 0 0 0 0 0 0 0 0 0 0 0 0 0 0 0 0 0 0 0 0 0 0 0 0 0 0 0 0 0 0 0 data 12 0x30002 0x4bd1c 0x0 0x0 0x0 0x0 0x0 0x0 0x9 0x2 0x0 0x0 oops 0 methods 0
ciMethodData java/lang/String checkIndex (II)V 2 315654 orig 80 0 0 0 0 0 0 0 0 0 0 0 0 0 0 0 0 0 0 0 0 0 0 0 0 0 0 0 0 0 0 0 0 0 0 0 0 0 0 0 0 0 0 0 0 0 0 0 0 0 0 0 0 0 0 0 0 0 0 0 0 0 0 0 0 0 0 0 0 0 0 0 0 0 0 0 0 0 0 0 0 data 12 0x50002 0x4d106 0x0 0x0 0x0 0x0 0x0 0x0 0x9 0x2 0x0 0x0 oops 0 methods 0
ciMethodData java/lang/Object <init> ()V 2 347073 orig 80 1 0 0 0 0 0 0 0 0 0 0 0 0 0 0 0 0 0 0 0 0 0 0 0 0 0 0 0 0 0 0 0 0 0 0 0 0 0 0 0 0 0 0 0 0 0 0 0 0 0 0 0 0 0 0 0 0 0 0 0 0 0 0 0 0 0 0 0 0 0 0 0 0 0 0 0 0 0 0 0 data 4 0x0 0x9 0x1 0x0 oops 0 methods 0
ciMethodData java/lang/String coder ()B 2 460694 orig 80 0 0 0 0 0 0 0 0 0 0 0 0 0 0 0 0 0 0 0 0 0 0 0 0 0 0 0 0 0 0 0 0 0 0 0 0 0 0 0 0 0 0 0 0 0 0 0 0 0 0 0 0 0 0 0 0 0 0 0 0 0 0 0 0 0 0 0 0 0 0 0 0 0 0 0 0 0 0 0 0 data 14 0x30007 0x0 0x38 0x70795 0xa0003 0x70795 0x18 0x0 0x0 0x0 0x0 0x9 0x1 0x0 oops 0 methods 0
ciMethodData java/lang/String length ()I 2 292820 orig 80 0 0 0 0 0 0 0 0 0 0 0 0 0 0 0 0 0 0 0 0 0 0 0 0 0 0 0 0 0 0 0 0 0 0 0 0 0 0 0 0 0 0 0 0 0 0 0 0 0 0 0 0 0 0 0 0 0 0 0 0 0 0 0 0 0 0 0 0 0 0 0 0 0 0 0 0 0 0 0 0 data 15 0x60005 0x8 0x25bb56dbc78 0x477cc 0x0 0x0 0x0 0x0 0x0 0x0 0x0 0x0 0x9 0x1 0xffffffffffffffff oops 1 2 java/lang/String methods 0
ciMethodData java/lang/StringLatin1 canEncode (I)Z 2 21844 orig 80 0 0 0 0 0 0 0 0 0 0 0 0 0 0 0 0 0 0 0 0 0 0 0 0 0 0 0 0 0 0 0 0 0 0 0 0 0 0 0 0 0 0 0 0 0 0 0 0 0 0 0 0 0 0 0 0 0 0 0 0 0 0 0 0 0 0 0 0 0 0 0 0 0 0 0 0 0 0 0 0 data 15 0x10007 0x0 0x58 0x5554 0x80007 0x0 0x38 0x5554 0xc0003 0x5554 0x18 0x0 0x9 0x1 0x0 oops 0 methods 0
ciMethodData java/lang/StringLatin1 indexOf ([BIII)I 2 15941 orig 80 0 0 0 0 0 0 0 0 0 0 0 0 0 0 0 0 0 0 0 0 0 0 0 0 0 0 0 0 0 0 0 0 0 0 0 0 0 0 0 0 0 0 0 0 0 0 0 0 0 0 0 0 0 0 0 0 0 0 0 0 0 0 0 0 0 0 0 0 0 0 0 0 0 0 0 0 0 0 0 0 data 20 0x10002 0x3e45 0x40007 0x3e46 0x20 0x0 0xd0002 0x3e46 0x0 0x0 0x0 0x0 0x0 0x0 0x9 0x4 0x0 0x0 0x0 0x0 oops 0 methods 0
ciMethodData java/lang/String startsWith (Ljava/lang/String;)Z 2 61822 orig 80 2 0 0 0 0 0 0 0 0 0 0 0 0 0 0 0 0 0 0 0 0 0 0 0 0 0 0 0 0 0 0 0 0 0 0 0 0 0 0 0 0 0 0 0 0 0 0 0 0 0 0 0 0 0 0 0 0 0 0 0 0 0 0 0 0 0 0 0 0 0 0 0 0 0 0 0 0 0 0 0 data 16 0x30005 0xda8 0x25bb56dbc78 0xe3d6 0x0 0x0 0x0 0x0 0x0 0x0 0x0 0x0 0x9 0x2 0xffffffffffffffff 0xffffffffffffffff oops 1 2 java/lang/String methods 0
ciMethodData java/lang/String startsWith (Ljava/lang/String;I)Z 2 39171 orig 80 2 0 0 0 1 0 0 0 0 0 0 0 0 0 0 0 0 0 0 0 0 0 0 0 0 0 0 0 0 0 0 0 0 0 0 0 0 0 0 4 0 0 0 0 0 0 0 0 0 0 0 0 0 0 0 0 0 0 0 0 0 0 0 0 0 0 0 0 0 0 0 0 0 0 0 0 0 0 0 0 data 74 0x10007 0xa 0xa0 0x98f9 0x60005 0xd8d 0x25bb56dbc78 0x8b6c 0x0 0x0 0xa0005 0xd8d 0x25bb56dbc78 0x8b6c 0x0 0x0 0xe0007 0x9367 0x20 0x592 0x270005 0xd79 0x25bb56dbc78 0x85ee 0x0 0x0 0x2f0005 0xd79 0x25bb56dbc78 0x85ee 0x0 0x0 0x8000000600320007 0x336 0x88 0x9033 0x380007 0x9033 0x20 0x0 0x460002 0x9033 0x490007 0x7f2b 0x38 0x1108 0x4d0003 0x1108 0x18 0x540007 0x336 0x20 0x0 0x5d0007 0x8 0x50 0x33e 0x650002 0x58 0x8000000600740007 0x10 0xffffffffffffffd0 0x330 0x0 0x0 0x0 0x0 0x0 0x0 0x9 0x3 0xffffffffffffffff 0xffffffffffffffff 0x0 oops 4 6 java/lang/String 12 java/lang/String 22 java/lang/String 28 java/lang/String methods 0
ciMethodData java/lang/String regionMatches (ZILjava/lang/String;II)Z 2 5791 orig 80 0 0 0 0 0 0 0 0 0 0 0 0 0 0 0 0 0 0 0 0 0 0 0 0 0 0 0 0 0 0 0 0 0 0 0 0 0 0 0 0 0 0 0 0 0 0 0 0 0 0 0 0 0 0 0 0 0 0 0 0 0 0 0 0 0 0 0 0 0 0 0 0 0 0 0 0 0 0 0 0 data 90 0x10007 0x169f 0x50 0x0 0xb0005 0x0 0x0 0x0 0x0 0x0 0x110007 0x0 0xe0 0x169f 0x150007 0x0 0xc0 0x169f 0x1b0005 0x84 0x25bb56dbc78 0x161b 0x0 0x0 0x240007 0x4 0x70 0x169b 0x2b0005 0x84 0x25bb56dbc78 0x1617 0x0 0x0 0x340007 0x169b 0x20 0x0 0x460005 0x84 0x25bb56dbc78 0x1617 0x0 0x0 0x4e0005 0x84 0x25bb56dbc78 0x1617 0x0 0x0 0x510007 0x0 0x78 0x169b 0x560007 0x0 0x48 0x169b 0x620002 0x169b 0x650003 0x169b 0x28 0x710002 0x0 0x770007 0x0 0x48 0x0 0x830002 0x0 0x860003 0x0 0x28 0x920002 0x0 0x0 0x0 0x0 0x0 0x0 0x0 0x9 0x6 0x0 0x0 0x0 0x0 0x0 0x0 oops 4 20 java/lang/String 30 java/lang/String 40 java/lang/String 46 java/lang/String methods 0
ciMethodData jdk/internal/util/ArraysSupport mismatch ([BI[BII)I 2 5327 orig 80 0 0 0 0 0 0 0 0 0 0 0 0 0 0 0 0 0 0 0 0 0 0 0 0 0 0 0 0 0 0 0 0 0 0 0 0 0 0 0 0 0 0 0 0 0 0 0 0 0 0 0 0 0 0 0 0 0 0 0 0 0 0 0 0 0 0 0 0 0 0 0 0 0 0 0 0 0 0 0 0 data 38 0x70007 0xeac 0x70 0x623 0x100007 0x426 0x20 0x1fd 0x300002 0x426 0x370007 0x41c 0x20 0xa 0x4a0007 0x542 0x58 0xf4e 0x590007 0x1c8 0x20 0xd86 0x620003 0x1c8 0xffffffffffffffc0 0x0 0x0 0x0 0x0 0x0 0x0 0x9 0x5 0xffffffffffffffff 0x0 0xffffffffffffffff 0x0 0x0 oops 0 methods 0
ciMethodData java/lang/String indexOf (II)I 2 5167 orig 80 0 0 0 0 0 0 0 0 0 0 0 0 0 0 0 0 0 0 0 0 0 0 0 0 0 0 0 0 0 0 0 0 0 0 0 0 0 0 0 0 0 0 0 0 0 0 0 0 0 0 0 0 0 0 0 0 0 0 0 0 0 0 0 0 0 0 0 0 0 0 0 0 0 0 0 0 0 0 0 0 data 34 0x20002 0x142f 0x70005 0x2 0x25bb56dbc78 0x142d 0x0 0x0 0xa0007 0x0 0x58 0x142f 0x180002 0x142f 0x200002 0x142f 0x230003 0x142f 0x38 0x330002 0x0 0x3d0002 0x0 0x0 0x0 0x0 0x0 0x0 0x0 0x9 0x3 0x0 0x0 0x0 oops 1 4 java/lang/String methods 0
ciMethodData java/lang/StringLatin1 regionMatchesCI ([BI[BII)Z 2 5126 orig 80 0 0 0 0 0 0 0 0 0 0 0 0 0 0 0 0 0 0 0 0 0 0 0 0 0 0 0 0 0 0 0 0 0 0 0 0 0 0 0 0 0 0 0 0 0 0 0 0 0 0 0 0 0 0 0 0 0 0 0 0 0 0 0 0 0 0 0 0 0 0 0 0 0 0 0 0 0 0 0 0 data 26 0x90007 0x43 0x68 0x155f 0x200002 0x155f 0x230007 0x13c3 0x38 0x19c 0x260003 0x19c 0xffffffffffffffb0 0x0 0x0 0x0 0x0 0x0 0x0 0x9 0x5 0x0 0x0 0x0 0x0 0x0 oops 0 methods 0
ciMethodData java/lang/CharacterDataLatin1 equalsIgnoreCase (BB)Z 2 5127 orig 80 0 0 0 0 0 0 0 0 0 0 0 0 0 0 0 0 0 0 0 0 0 0 0 0 0 0 0 0 0 0 0 0 0 0 0 0 0 0 0 0 0 0 0 0 0 0 0 0 0 0 0 0 0 0 0 0 0 0 0 0 0 0 0 0 0 0 0 0 0 0 0 0 0 0 0 0 0 0 0 0 data 38 0x20007 0x1298 0x20 0x16f 0x100007 0x1297 0x20 0x1 0x180007 0x1297 0x80 0x0 0x1f0007 0x0 0x98 0x0 0x260007 0x0 0x78 0x0 0x2d0007 0x0 0x58 0x0 0x360007 0x1288 0x38 0xf 0x3a0003 0xf 0x18 0x0 0x0 0x0 0x9 0x2 0x0 0x0 oops 0 methods 0
ciMethodData java/net/URL <init> (Ljava/net/URL;Ljava/lang/String;Ljava/net/URLStreamHandler;)V 2 3072 orig 80 0 0 0 0 0 0 0 0 0 0 0 0 0 0 0 0 0 0 0 0 0 0 0 0 0 0 0 0 0 0 0 0 0 0 0 0 0 0 0 0 0 0 0 0 0 0 0 0 0 0 0 0 0 0 0 0 0 0 0 0 0 0 0 0 0 0 0 0 0 0 0 0 0 0 0 0 0 0 0 0 data 294 0x10002 0xc00 0x1e0005 0x4 0x25bb56dbc78 0xbfc 0x0 0x0 0x250007 0x0 0x88 0xc00 0x2d0005 0x4 0x25bb56dbc78 0xbfc 0x0 0x0 0x320007 0xc00 0x38 0x0 0x380003 0x0 0xffffffffffffff90 0x3f0007 0x0 0x88 0xc00 0x450005 0x4 0x25bb56dbc78 0xbfc 0x0 0x0 0x4a0007 0xc00 0x38 0x0 0x500003 0x0 0xffffffffffffff90 0x5b0005 0x4 0x25bb56dbc78 0xbfc 0x0 0x0 0x5e0007 0xc00 0x20 0x0 0x670005 0x4 0x25bb56dbc78 0xbfc 0x0 0x0 0x6a0007 0x0 0x70 0xc00 0x700005 0x4 0x25bb56dbc78 0xbfc 0x0 0x0 0x750007 0xc00 0x20 0x0 0x810007 0x0 0x170 0x3b8c 0x880007 0x72 0x150 0x3b1a 0x8e0005 0x10 0x25bb56dbc78 0x3b0a 0x0 0x0 0x960007 0xb52 0x100 0x2fc8 0x9d0007 0x2f8c 0xc8 0x3c 0xa50005 0x0 0x25bb56dbc78 0x3c 0x0 0x0 0xa80002 0x3c 0xb00005 0x3c 0x0 0x0 0x0 0x0 0xb30007 0x0 0x50 0x3c 0xc00003 0x3c 0x30 0xc60003 0x2f8c 0xfffffffffffffea8 0xd00007 0x3c 0x140 0xbc4 0xd50007 0xbc4 0x70 0x0 0xde0005 0x0 0x0 0x0 0x0 0x0 0xe10007 0x0 0xd0 0x0 0xe50007 0x0 0x20 0xbc4 0xf10007 0x0 0x70 0xbc4 0xfa0005 0x4 0x25bb56dbc78 0xbc0 0x0 0x0 0xfd0007 0x3ee 0x20 0x7d6 0x1050007 0x0 0x20 0xbc4 0x1470007 0xc00 0xd0 0x0 0x1520002 0x0 0x1570005 0x0 0x0 0x0 0x0 0x0 0x15c0005 0x0 0x0 0x0 0x0 0x0 0x15f0005 0x0 0x0 0x0 0x0 0x0 0x1620002 0x0 0x1670007 0xbc4 0x100 0x3c 0x16e0002 0x3c 0x1730007 0x3c 0xd0 0x0 0x17e0002 0x0 0x1830005 0x0 0x0 0x0 0x0 0x0 0x18a0005 0x0 0x0 0x0 0x0 0x0 0x18d0005 0x0 0x0 0x0 0x0 0x0 0x1900002 0x0 0x19e0005 0x4 0x25bb56dbc78 0xbfc 0x0 0x0 0x1a50007 0xc00 0x50 0x0 0x1b00005 0x0 0x0 0x0 0x0 0x0 0x1bc0007 0x3c 0x60 0xbc4 0x1c30007 0xbc4 0x40 0x0 0x1d20007 0x0 0x20 0x0 0x1e40005 0x4 0x25bb5741f08 0x3ee 0x25bb5741fb0 0x80e 0x1e70003 0xc00 0x88 0x1f70005 0x0 0x0 0x0 0x0 0x0 0x1fa0002 0x0 0x2030005 0x0 0x0 0x0 0x0 0x0 0x0 0x0 0x0 0x0 0x0 0x0 0x0 0x0 0x0 0x0 0x0 0x0 0x0 0x0 0x0 0x0 0x0 0x0 0x0 0x9 0x4 0x0 0x0 0x0 0x0 0x1ea0001 0x1ef0001 oops 12 4 java/lang/String 14 java/lang/String 31 java/lang/String 44 java/lang/String 54 java/lang/String 64 java/lang/String 82 java/lang/String 96 java/lang/String 146 java/lang/String 218 java/lang/String 246 sun/net/www/protocol/jar/Handler 248 sun/net/www/protocol/file/Handler methods 0
ciMethodData java/net/URL isValidProtocol (Ljava/lang/String;)Z 1 60 orig 80 0 0 0 0 0 0 0 0 0 0 0 0 0 0 0 0 0 0 0 0 0 0 0 0 0 0 0 0 0 0 0 0 0 0 0 0 0 0 0 0 0 0 0 0 0 0 0 0 0 0 0 0 0 0 0 0 0 0 0 0 0 0 0 0 0 0 0 0 0 0 0 0 0 0 0 0 0 0 0 0 data 63 0x10005 0x3c 0x0 0x0 0x0 0x0 0x70007 0x3c 0x20 0x0 0xe0005 0x3c 0x0 0x0 0x0 0x0 0x130002 0x3c 0x160007 0x3c 0x20 0x0 0x210007 0x3c 0xf8 0xb4 0x270005 0xb4 0x0 0x0 0x0 0x0 0x2c0002 0xb4 0x2f0007 0xb4 0x80 0x0 0x350007 0x0 0x60 0x0 0x3b0007 0x0 0x40 0x0 0x410007 0x0 0x20 0x0 0x490003 0xb4 0xffffffffffffff20 0x0 0x0 0x0 0x0 0x0 0x0 0x9 0x2 0x0 0x0 oops 0 methods 0
compile java/net/URL <init> (Ljava/net/URL;Ljava/lang/String;Ljava/net/URLStreamHandler;)V -1 4 inline 44 0 -1 0 java/net/URL <init> (Ljava/net/URL;Ljava/lang/String;Ljava/net/URLStreamHandler;)V 1 1 0 java/lang/Object <init> ()V 1 30 0 java/lang/String length ()I 2 6 0 java/lang/String coder ()B 1 45 0 java/lang/String charAt (I)C 2 1 0 java/lang/String isLatin1 ()Z 2 12 0 java/lang/StringLatin1 charAt ([BI)C 3 3 0 java/lang/String checkIndex (II)V 1 69 0 java/lang/String charAt (I)C 2 1 0 java/lang/String isLatin1 ()Z 2 12 0 java/lang/StringLatin1 charAt ([BI)C 3 3 0 java/lang/String checkIndex (II)V 1 91 0 java/lang/String regionMatches (ZILjava/lang/String;II)Z 2 27 0 java/lang/String length ()I 3 6 0 java/lang/String coder ()B 2 43 0 java/lang/String length ()I 3 6 0 java/lang/String coder ()B 2 70 0 java/lang/String coder ()B 2 78 0 java/lang/String coder ()B 2 98 0 java/lang/StringLatin1 regionMatchesCI ([BI[BII)Z 3 32 0 java/lang/CharacterDataLatin1 equalsIgnoreCase (BB)Z 1 103 0 java/lang/String length ()I 2 6 0 java/lang/String coder ()B 1 112 0 java/lang/String charAt (I)C 2 1 0 java/lang/String isLatin1 ()Z 2 12 0 java/lang/StringLatin1 charAt ([BI)C 3 3 0 java/lang/String checkIndex (II)V 1 142 0 java/lang/String charAt (I)C 2 1 0 java/lang/String isLatin1 ()Z 2 12 0 java/lang/StringLatin1 charAt ([BI)C 3 3 0 java/lang/String checkIndex (II)V 1 250 0 java/lang/String startsWith (Ljava/lang/String;)Z 2 3 0 java/lang/String startsWith (Ljava/lang/String;I)Z 3 6 0 java/lang/String length ()I 4 6 0 java/lang/String coder ()B 3 10 0 java/lang/String length ()I 4 6 0 java/lang/String coder ()B 3 39 0 java/lang/String coder ()B 3 47 0 java/lang/String coder ()B 3 70 0 jdk/internal/util/ArraysSupport mismatch ([BI[BII)I 1 414 0 java/lang/String indexOf (II)I 2 7 0 java/lang/String isLatin1 ()Z 2 32 0 java/lang/StringLatin1 indexOf ([BIII)I 3 1 0 java/lang/StringLatin1 canEncode (I)Z
